<summary><value key="AverageTrainFitness" datatype="5" valuetype="4">955</value><value key="AverageTrainRSQuare" datatype="5" valuetype="4">0.779722837777016</value><value key="AverageTrainAccuracy" datatype="5" valuetype="4">97.7</value><value key="MaxTrainFitness" datatype="5" valuetype="4">1000</value><value key="MaxTestFitness" datatype="5" valuetype="4">1000</value><value key="TrainSuccessCount" datatype="3" valuetype="4">0</value><value key="TrainSuccessRate" datatype="5" valuetype="4">0</value><value key="BestTrainFitness" datatype="5" valuetype="4">955</value><value key="BestTrainFitnessRun" datatype="3" valuetype="4">1</value><value key="BestTrainFitnessHistory" datatype="3" valuetype="4">1</value><value key="BestTrainFitnessModelId" datatype="3" valuetype="4">19</value><value key="BestTrainFitnessModelSize" datatype="3" valuetype="4">15</value><value key="BestTrainFitnessModelLiterals" datatype="3" valuetype="4">9</value><value key="BestTrainFitnessModelTerminals" datatype="8" valuetype="4">religious-groups-in-schools_n_min(1), synfuels-corporation-cutback_y_min(1), export-administration-act-south-africa_y_min(1), adoption-of-the-budget-resolution_n_max(2), physician-fee-freeze_y_max(2), anti-satellite-test-ban_y_max(1), education-spending_n_max(1)</value><value key="BestTrainFitnessModelVariableImportance" datatype="8" valuetype="4">religious-groups-in-schools_n_min(0), synfuels-corporation-cutback_y_min(4.75040614805703E-02), export-administration-act-south-africa_y_min(2.03054716584656E-02), adoption-of-the-budget-resolution_n_max(0.174820003116075), physician-fee-freeze_y_max(0.707472600537119), anti-satellite-test-ban_y_max(4.43170918818794E-02), education-spending_n_max(5.58077132589104E-03)</value><value key="BestTrainAccuracy" datatype="5" valuetype="4">97.7</value><value key="BestTrainAccuracyRun" datatype="3" valuetype="4">1</value><value key="BestTrainAccuracyHistory" datatype="3" valuetype="4">1</value><value key="BestTrainAccuracyModelId" datatype="3" valuetype="4">19</value><value key="BestTrainAccuracyModelSize" datatype="3" valuetype="4">15</value><value key="BestTrainAccuracyModelLiterals" datatype="3" valuetype="4">9</value><value key="BestTrainAccuracyModelTerminals" datatype="8" valuetype="4">religious-groups-in-schools_n_min(1), synfuels-corporation-cutback_y_min(1), export-administration-act-south-africa_y_min(1), adoption-of-the-budget-resolution_n_max(2), physician-fee-freeze_y_max(2), anti-satellite-test-ban_y_max(1), education-spending_n_max(1)</value><value key="BestTrainAccuracyModelVariableImportance" datatype="8" valuetype="4">religious-groups-in-schools_n_min(0), synfuels-corporation-cutback_y_min(4.75040614805703E-02), export-administration-act-south-africa_y_min(2.03054716584656E-02), adoption-of-the-budget-resolution_n_max(0.174820003116075), physician-fee-freeze_y_max(0.707472600537119), anti-satellite-test-ban_y_max(4.43170918818794E-02), education-spending_n_max(5.58077132589104E-03)</value><value key="BestTrainRSQuare" datatype="5" valuetype="4">0.779722837777016</value><value key="BestTrainRSQuareRun" datatype="3" valuetype="4">1</value><value key="BestTrainRSQuareHistory" datatype="3" valuetype="4">1</value><value key="BestTrainRSQuareModelId" datatype="3" valuetype="4">19</value><value key="BestTrainRSQuareModelSize" datatype="3" valuetype="4">15</value><value key="BestTrainRSQuareModelLiterals" datatype="3" valuetype="4">9</value><value key="BestTrainRSQuareModelTerminals" datatype="8" valuetype="4">religious-groups-in-schools_n_min(1), synfuels-corporation-cutback_y_min(1), export-administration-act-south-africa_y_min(1), adoption-of-the-budget-resolution_n_max(2), physician-fee-freeze_y_max(2), anti-satellite-test-ban_y_max(1), education-spending_n_max(1)</value><value key="BestTrainRSQuareModelVariableImportance" datatype="8" valuetype="4">religious-groups-in-schools_n_min(0), synfuels-corporation-cutback_y_min(4.75040614805703E-02), export-administration-act-south-africa_y_min(2.03054716584656E-02), adoption-of-the-budget-resolution_n_max(0.174820003116075), physician-fee-freeze_y_max(0.707472600537119), anti-satellite-test-ban_y_max(4.43170918818794E-02), education-spending_n_max(5.58077132589104E-03)</value><value key="TestSuccessCount" datatype="3" valuetype="4">1</value><value key="TestSuccessRate" datatype="5" valuetype="4">100</value><value key="AverageTestFitness" datatype="5" valuetype="4">1000</value><value key="AverageTestRSQuare" datatype="5" valuetype="4">0.888442245827434</value><value key="AverageTestAccuracy" datatype="5" valuetype="4">100</value><value key="BestTestFitness" datatype="5" valuetype="4">1000</value><value key="BestTestFitnessRun" datatype="3" valuetype="4">1</value><value key="BestTestFitnessHistory" datatype="3" valuetype="4">1</value><value key="BestTestFitnessModelId" datatype="3" valuetype="4">19</value><value key="BestTestFitnessModelSize" datatype="3" valuetype="4">15</value><value key="BestTestFitnessModelLiterals" datatype="3" valuetype="4">9</value><value key="BestTestFitnessModelTerminals" datatype="8" valuetype="4">religious-groups-in-schools_n_min(1), synfuels-corporation-cutback_y_min(1), export-administration-act-south-africa_y_min(1), adoption-of-the-budget-resolution_n_max(2), physician-fee-freeze_y_max(2), anti-satellite-test-ban_y_max(1), education-spending_n_max(1)</value><value key="BestTestFitnessModelVariableImportance" datatype="8" valuetype="4">religious-groups-in-schools_n_min(8.37488729145471E-02), synfuels-corporation-cutback_y_min(5.43750819161022E-02), export-administration-act-south-africa_y_min(6.52921065110486E-02), adoption-of-the-budget-resolution_n_max(4.60357969904025E-02), physician-fee-freeze_y_max(0.592940253654864), anti-satellite-test-ban_y_max(7.91976811948825E-02), education-spending_n_max(7.84102068181534E-02)</value><value key="BestTestAccuracy" datatype="5" valuetype="4">100</value><value key="BestTestAccuracyRun" datatype="3" valuetype="4">1</value><value key="BestTestAccuracyHistory" datatype="3" valuetype="4">1</value><value key="BestTestAccuracyModelId" datatype="3" valuetype="4">19</value><value key="BestTestAccuracyModelSize" datatype="3" valuetype="4">15</value><value key="BestTestAccuracyModelLiterals" datatype="3" valuetype="4">9</value><value key="BestTestAccuracyModelTerminals" datatype="8" valuetype="4">religious-groups-in-schools_n_min(1), synfuels-corporation-cutback_y_min(1), export-administration-act-south-africa_y_min(1), adoption-of-the-budget-resolution_n_max(2), physician-fee-freeze_y_max(2), anti-satellite-test-ban_y_max(1), education-spending_n_max(1)</value><value key="BestTestAccuracyModelVariableImportance" datatype="8" valuetype="4">religious-groups-in-schools_n_min(8.37488729145471E-02), synfuels-corporation-cutback_y_min(5.43750819161022E-02), export-administration-act-south-africa_y_min(6.52921065110486E-02), adoption-of-the-budget-resolution_n_max(4.60357969904025E-02), physician-fee-freeze_y_max(0.592940253654864), anti-satellite-test-ban_y_max(7.91976811948825E-02), education-spending_n_max(7.84102068181534E-02)</value><value key="BestTestRSQuare" datatype="5" valuetype="4">0.888442245827434</value><value key="BestTestRSQuareRun" datatype="3" valuetype="4">1</value><value key="BestTestRSQuareHistory" datatype="3" valuetype="4">1</value><value key="BestTestRSQuareModelId" datatype="3" valuetype="4">19</value><value key="BestTestRSQuareModelSize" datatype="3" valuetype="4">15</value><value key="BestTestRSQuareModelLiterals" datatype="3" valuetype="4">9</value><value key="BestTestRSQuareModelTerminals" datatype="8" valuetype="4">religious-groups-in-schools_n_min(1), synfuels-corporation-cutback_y_min(1), export-administration-act-south-africa_y_min(1), adoption-of-the-budget-resolution_n_max(2), physician-fee-freeze_y_max(2), anti-satellite-test-ban_y_max(1), education-spending_n_max(1)</value><value key="BestTestRSQuareModelVariableImportance" datatype="8" valuetype="4">religious-groups-in-schools_n_min(8.37488729145471E-02), synfuels-corporation-cutback_y_min(5.43750819161022E-02), export-administration-act-south-africa_y_min(6.52921065110486E-02), adoption-of-the-budget-resolution_n_max(4.60357969904025E-02), physician-fee-freeze_y_max(0.592940253654864), anti-satellite-test-ban_y_max(7.91976811948825E-02), education-spending_n_max(7.84102068181534E-02)</value><value key="DefinitionFile" datatype="8" valuetype="4">../vote_1_5_7_jobdef.xml</value></summary>
