<log created='11/30/2019 13:54:08' name='vote_template_classification_000001'>
<item created='11/30/2019 13:54:08' severity='0'>Processing run 1...</item>
<item created='11/30/2019 13:54:08' severity='0'>Applied setting Genes (5)</item>
<item created='11/30/2019 13:54:08' severity='0'>Applied setting HeadSize (1)</item>
<item created='11/30/2019 13:54:08' severity='0'>Applied setting FitnessFunction (11)</item>
<item created='11/30/2019 13:54:08' severity='0'>Applied setting RoundingThreshold (0.5)</item>
<item created='11/30/2019 13:54:08' severity='0'>Changed function * to weight 2.</item>
<item created='11/30/2019 13:54:08' severity='0'>Loading data from file vote_TRAIN_fold_7.csv ...</item>
<item created='11/30/2019 13:54:09' severity='0'>Loading data from file vote_TEST_fold_7.csv ...</item>
<item created='11/30/2019 13:54:10' severity='0'>Loading run file... vote_1_5_7\vote_template_classification_000001.gep</item>
<item created='11/30/2019 13:54:10' severity='0'>Initializing run...</item>
<item created='11/30/2019 13:54:10' severity='0'>Training Set size: 391</item>
<item created='11/30/2019 13:54:10' severity='0'>Dataset loaded.</item>
<item created='11/30/2019 13:54:10' severity='0'>Starting...</item>
<item created='11/30/2019 13:54:10' severity='0'>Generation: 0 (518.860154834459, 80.56% (315))</item>
<item created='11/30/2019 13:54:12' severity='0'>Generation: 511 (945.273631840796, 97.19% (380))</item>
<item created='11/30/2019 13:54:14' severity='0'>Generation: 1175 (945.273631840796, 97.19% (380))</item>
<item created='11/30/2019 13:54:16' severity='0'>Generation: 1831 (945.273631840796, 97.19% (380))</item>
<item created='11/30/2019 13:54:18' severity='0'>Generation: 2479 (945.273631840796, 97.19% (380))</item>
<item created='11/30/2019 13:54:20' severity='0'>Generation: 3114 (945.273631840796, 97.19% (380))</item>
<item created='11/30/2019 13:54:22' severity='0'>Generation: 3774 (945.273631840796, 97.19% (380))</item>
<item created='11/30/2019 13:54:24' severity='0'>Generation: 4441 (945.273631840796, 97.19% (380))</item>
<item created='11/30/2019 13:54:26' severity='0'>Generation: 5094 (945.273631840796, 97.19% (380))</item>
<item created='11/30/2019 13:54:28' severity='0'>Generation: 5707 (945.273631840796, 97.19% (380))</item>
<item created='11/30/2019 13:54:30' severity='0'>Generation: 6340 (950.124688279302, 97.44% (381))</item>
<item created='11/30/2019 13:54:32' severity='0'>Generation: 6967 (950.124688279302, 97.44% (381))</item>
<item created='11/30/2019 13:54:34' severity='0'>Generation: 7573 (955, 97.70% (382))</item>
<item created='11/30/2019 13:54:36' severity='0'>Generation: 8168 (955, 97.70% (382))</item>
<item created='11/30/2019 13:54:38' severity='0'>Generation: 8784 (955, 97.70% (382))</item>
<item created='11/30/2019 13:54:40' severity='0'>Generation: 9374 (955, 97.70% (382))</item>
<item created='11/30/2019 13:54:42' severity='0'>Generation: 10009 (955, 97.70% (382))</item>
<item created='11/30/2019 13:54:44' severity='0'>Generation: 10628 (955, 97.70% (382))</item>
<item created='11/30/2019 13:54:46' severity='0'>Generation: 11235 (955, 97.70% (382))</item>
<item created='11/30/2019 13:54:48' severity='0'>Generation: 11818 (955, 97.70% (382))</item>
<item created='11/30/2019 13:54:50' severity='0'>Generation: 12406 (955, 97.70% (382))</item>
<item created='11/30/2019 13:54:52' severity='0'>Generation: 13020 (955, 97.70% (382))</item>
<item created='11/30/2019 13:54:54' severity='0'>Generation: 13655 (955, 97.70% (382))</item>
<item created='11/30/2019 13:54:56' severity='0'>Generation: 14304 (955, 97.70% (382))</item>
<item created='11/30/2019 13:54:58' severity='0'>Generation: 14924 (955, 97.70% (382))</item>
<item created='11/30/2019 13:55:00' severity='0'>Generation: 15548 (955, 97.70% (382))</item>
<item created='11/30/2019 13:55:02' severity='0'>Generation: 16197 (955, 97.70% (382))</item>
<item created='11/30/2019 13:55:04' severity='0'>Generation: 16835 (955, 97.70% (382))</item>
<item created='11/30/2019 13:55:06' severity='0'>Generation: 17474 (955, 97.70% (382))</item>
<item created='11/30/2019 13:55:08' severity='0'>Generation: 18109 (955, 97.70% (382))</item>
<item created='11/30/2019 13:55:10' severity='0'>Generation: 18758 (955, 97.70% (382))</item>
<item created='11/30/2019 13:55:12' severity='0'>Generation: 19409 (955, 97.70% (382))</item>
<item created='11/30/2019 13:55:13' severity='0'>Finished run.</item>
<item created='11/30/2019 13:55:13' severity='0'>Models created: 19</item>
<item created='11/30/2019 13:55:13' severity='0'>Models: 19</item>
<item created='11/30/2019 13:55:13' severity='0'>Last Model: 19</item>
<item created='11/30/2019 13:55:13' severity='0'>Generation: 7276</item>
<item created='11/30/2019 13:55:13' severity='0'>Training Fitness: 955</item>
<item created='11/30/2019 13:55:13' severity='0'>Training Accuracy: 97.70%</item>
<item created='11/30/2019 13:55:14' severity='0'>Success</item>
<item created='11/30/2019 13:55:14' severity='0'>Loading run file... vote_1_5_7\vote_template_classification_000001.gep</item>
<item created='11/30/2019 13:55:14' severity='0'>Initializing tests for all models...</item>
<item created='11/30/2019 13:55:14' severity='0'>Testing model 1 on the Validation Set with 44 records..............</item>
<item created='11/30/2019 13:55:14' severity='0'>Testing model 2 on the Validation Set with 44 records..............</item>
<item created='11/30/2019 13:55:14' severity='0'>Testing model 3 on the Validation Set with 44 records..............</item>
<item created='11/30/2019 13:55:14' severity='0'>Testing model 4 on the Validation Set with 44 records..............</item>
<item created='11/30/2019 13:55:14' severity='0'>Testing model 5 on the Validation Set with 44 records..............</item>
<item created='11/30/2019 13:55:14' severity='0'>Testing model 6 on the Validation Set with 44 records..............</item>
<item created='11/30/2019 13:55:14' severity='0'>Testing model 7 on the Validation Set with 44 records..............</item>
<item created='11/30/2019 13:55:14' severity='0'>Testing model 8 on the Validation Set with 44 records..............</item>
<item created='11/30/2019 13:55:14' severity='0'>Testing model 9 on the Validation Set with 44 records..............</item>
<item created='11/30/2019 13:55:14' severity='0'>Testing model 10 on the Validation Set with 44 records..............</item>
<item created='11/30/2019 13:55:14' severity='0'>Testing model 11 on the Validation Set with 44 records..............</item>
<item created='11/30/2019 13:55:14' severity='0'>Testing model 12 on the Validation Set with 44 records..............</item>
<item created='11/30/2019 13:55:14' severity='0'>Testing model 13 on the Validation Set with 44 records..............</item>
<item created='11/30/2019 13:55:14' severity='0'>Testing model 14 on the Validation Set with 44 records..............</item>
<item created='11/30/2019 13:55:14' severity='0'>Testing model 15 on the Validation Set with 44 records..............</item>
<item created='11/30/2019 13:55:14' severity='0'>Testing model 16 on the Validation Set with 44 records..............</item>
<item created='11/30/2019 13:55:14' severity='0'>Testing model 17 on the Validation Set with 44 records..............</item>
<item created='11/30/2019 13:55:14' severity='0'>Testing model 18 on the Validation Set with 44 records..............</item>
<item created='11/30/2019 13:55:14' severity='0'>Testing model 19 on the Validation Set with 44 records..............</item>
<item created='11/30/2019 13:55:14' severity='0'>Success</item>
</log>
