<report id="0"><run id="1" name="vote_template_classification_000001.gep"><value key="HasTestingSet" datatype="3" valuetype="0">1</value><value key="TrainFitness" datatype="5" valuetype="1" ModelId="1">518.860154834459</value><value key="TrainFitness" datatype="5" valuetype="1" ModelId="2">664.750957854406</value><value key="TrainFitness" datatype="5" valuetype="1" ModelId="3">702.947845804989</value><value key="TrainFitness" datatype="5" valuetype="1" ModelId="4">710.29198591841</value><value key="TrainFitness" datatype="5" valuetype="1" ModelId="5">713.989207139892</value><value key="TrainFitness" datatype="5" valuetype="1" ModelId="6">721.434528773978</value><value key="TrainFitness" datatype="5" valuetype="1" ModelId="7">732.731471761495</value><value key="TrainFitness" datatype="5" valuetype="1" ModelId="8">736.531986531986</value><value key="TrainFitness" datatype="5" valuetype="1" ModelId="9">884.33734939759</value><value key="TrainFitness" datatype="5" valuetype="1" ModelId="10">888.888888888889</value><value key="TrainFitness" datatype="5" valuetype="1" ModelId="11">907.317073170732</value><value key="TrainFitness" datatype="5" valuetype="1" ModelId="12">911.980440097799</value><value key="TrainFitness" datatype="5" valuetype="1" ModelId="13">916.666666666667</value><value key="TrainFitness" datatype="5" valuetype="1" ModelId="14">926.108374384236</value><value key="TrainFitness" datatype="5" valuetype="1" ModelId="15">930.864197530864</value><value key="TrainFitness" datatype="5" valuetype="1" ModelId="16">935.643564356436</value><value key="TrainFitness" datatype="5" valuetype="1" ModelId="17">945.273631840796</value><value key="TrainFitness" datatype="5" valuetype="1" ModelId="18">950.124688279302</value><value key="TrainFitness" datatype="5" valuetype="1" ModelId="19">955</value><value key="TrainAccuracy" datatype="5" valuetype="1" ModelId="1">80.56</value><value key="TrainAccuracy" datatype="5" valuetype="1" ModelId="2">88.75</value><value key="TrainAccuracy" datatype="5" valuetype="1" ModelId="3">87.21</value><value key="TrainAccuracy" datatype="5" valuetype="1" ModelId="4">87.72</value><value key="TrainAccuracy" datatype="5" valuetype="1" ModelId="5">87.98</value><value key="TrainAccuracy" datatype="5" valuetype="1" ModelId="6">88.49</value><value key="TrainAccuracy" datatype="5" valuetype="1" ModelId="7">89.26</value><value key="TrainAccuracy" datatype="5" valuetype="1" ModelId="8">89.51</value><value key="TrainAccuracy" datatype="5" valuetype="1" ModelId="9">93.86</value><value key="TrainAccuracy" datatype="5" valuetype="1" ModelId="10">94.12</value><value key="TrainAccuracy" datatype="5" valuetype="1" ModelId="11">95.14</value><value key="TrainAccuracy" datatype="5" valuetype="1" ModelId="12">95.4</value><value key="TrainAccuracy" datatype="5" valuetype="1" ModelId="13">95.65</value><value key="TrainAccuracy" datatype="5" valuetype="1" ModelId="14">96.16</value><value key="TrainAccuracy" datatype="5" valuetype="1" ModelId="15">96.42</value><value key="TrainAccuracy" datatype="5" valuetype="1" ModelId="16">96.68</value><value key="TrainAccuracy" datatype="5" valuetype="1" ModelId="17">97.19</value><value key="TrainAccuracy" datatype="5" valuetype="1" ModelId="18">97.44</value><value key="TrainAccuracy" datatype="5" valuetype="1" ModelId="19">97.7</value><value key="TestFitness" datatype="5" valuetype="1" ModelId="1">576.923076923077</value><value key="TestFitness" datatype="5" valuetype="1" ModelId="2">568.513119533528</value><value key="TestFitness" datatype="5" valuetype="1" ModelId="3">694.444444444444</value><value key="TestFitness" datatype="5" valuetype="1" ModelId="4">955.555555555556</value><value key="TestFitness" datatype="5" valuetype="1" ModelId="5">1000</value><value key="TestFitness" datatype="5" valuetype="1" ModelId="6">955.555555555556</value><value key="TestFitness" datatype="5" valuetype="1" ModelId="7">913.04347826087</value><value key="TestFitness" datatype="5" valuetype="1" ModelId="8">913.04347826087</value><value key="TestFitness" datatype="5" valuetype="1" ModelId="9">1000</value><value key="TestFitness" datatype="5" valuetype="1" ModelId="10">955.555555555556</value><value key="TestFitness" datatype="5" valuetype="1" ModelId="11">1000</value><value key="TestFitness" datatype="5" valuetype="1" ModelId="12">1000</value><value key="TestFitness" datatype="5" valuetype="1" ModelId="13">1000</value><value key="TestFitness" datatype="5" valuetype="1" ModelId="14">1000</value><value key="TestFitness" datatype="5" valuetype="1" ModelId="15">1000</value><value key="TestFitness" datatype="5" valuetype="1" ModelId="16">1000</value><value key="TestFitness" datatype="5" valuetype="1" ModelId="17">1000</value><value key="TestFitness" datatype="5" valuetype="1" ModelId="18">1000</value><value key="TestFitness" datatype="5" valuetype="1" ModelId="19">1000</value><value key="TestAccuracy" datatype="5" valuetype="1" ModelId="1">81.82</value><value key="TestAccuracy" datatype="5" valuetype="1" ModelId="2">88.64</value><value key="TestAccuracy" datatype="5" valuetype="1" ModelId="3">90.91</value><value key="TestAccuracy" datatype="5" valuetype="1" ModelId="4">97.73</value><value key="TestAccuracy" datatype="5" valuetype="1" ModelId="5">100</value><value key="TestAccuracy" datatype="5" valuetype="1" ModelId="6">97.73</value><value key="TestAccuracy" datatype="5" valuetype="1" ModelId="7">95.45</value><value key="TestAccuracy" datatype="5" valuetype="1" ModelId="8">95.45</value><value key="TestAccuracy" datatype="5" valuetype="1" ModelId="9">100</value><value key="TestAccuracy" datatype="5" valuetype="1" ModelId="10">97.73</value><value key="TestAccuracy" datatype="5" valuetype="1" ModelId="11">100</value><value key="TestAccuracy" datatype="5" valuetype="1" ModelId="12">100</value><value key="TestAccuracy" datatype="5" valuetype="1" ModelId="13">100</value><value key="TestAccuracy" datatype="5" valuetype="1" ModelId="14">100</value><value key="TestAccuracy" datatype="5" valuetype="1" ModelId="15">100</value><value key="TestAccuracy" datatype="5" valuetype="1" ModelId="16">100</value><value key="TestAccuracy" datatype="5" valuetype="1" ModelId="17">100</value><value key="TestAccuracy" datatype="5" valuetype="1" ModelId="18">100</value><value key="TestAccuracy" datatype="5" valuetype="1" ModelId="19">100</value><value key="Size" datatype="3" valuetype="1" ModelId="1">13</value><value key="Size" datatype="3" valuetype="1" ModelId="2">6</value><value key="Size" datatype="3" valuetype="1" ModelId="3">13</value><value key="Size" datatype="3" valuetype="1" ModelId="4">13</value><value key="Size" datatype="3" valuetype="1" ModelId="5">13</value><value key="Size" datatype="3" valuetype="1" ModelId="6">13</value><value key="Size" datatype="3" valuetype="1" ModelId="7">13</value><value key="Size" datatype="3" valuetype="1" ModelId="8">13</value><value key="Size" datatype="3" valuetype="1" ModelId="9">13</value><value key="Size" datatype="3" valuetype="1" ModelId="10">11</value><value key="Size" datatype="3" valuetype="1" ModelId="11">13</value><value key="Size" datatype="3" valuetype="1" ModelId="12">12</value><value key="Size" datatype="3" valuetype="1" ModelId="13">11</value><value key="Size" datatype="3" valuetype="1" ModelId="14">13</value><value key="Size" datatype="3" valuetype="1" ModelId="15">13</value><value key="Size" datatype="3" valuetype="1" ModelId="16">15</value><value key="Size" datatype="3" valuetype="1" ModelId="17">15</value><value key="Size" datatype="3" valuetype="1" ModelId="18">15</value><value key="Size" datatype="3" valuetype="1" ModelId="19">15</value><value key="Generation" datatype="5" valuetype="1" ModelId="1">0</value><value key="Generation" datatype="5" valuetype="1" ModelId="2">1</value><value key="Generation" datatype="5" valuetype="1" ModelId="3">2</value><value key="Generation" datatype="5" valuetype="1" ModelId="4">4</value><value key="Generation" datatype="5" valuetype="1" ModelId="5">11</value><value key="Generation" datatype="5" valuetype="1" ModelId="6">12</value><value key="Generation" datatype="5" valuetype="1" ModelId="7">16</value><value key="Generation" datatype="5" valuetype="1" ModelId="8">18</value><value key="Generation" datatype="5" valuetype="1" ModelId="9">20</value><value key="Generation" datatype="5" valuetype="1" ModelId="10">30</value><value key="Generation" datatype="5" valuetype="1" ModelId="11">35</value><value key="Generation" datatype="5" valuetype="1" ModelId="12">44</value><value key="Generation" datatype="5" valuetype="1" ModelId="13">58</value><value key="Generation" datatype="5" valuetype="1" ModelId="14">127</value><value key="Generation" datatype="5" valuetype="1" ModelId="15">131</value><value key="Generation" datatype="5" valuetype="1" ModelId="16">220</value><value key="Generation" datatype="5" valuetype="1" ModelId="17">234</value><value key="Generation" datatype="5" valuetype="1" ModelId="18">5785</value><value key="Generation" datatype="5" valuetype="1" ModelId="19">7276</value><value key="RunIndex" datatype="5" valuetype="1" ModelId="1">1</value><value key="RunIndex" datatype="5" valuetype="1" ModelId="2">1</value><value key="RunIndex" datatype="5" valuetype="1" ModelId="3">1</value><value key="RunIndex" datatype="5" valuetype="1" ModelId="4">1</value><value key="RunIndex" datatype="5" valuetype="1" ModelId="5">1</value><value key="RunIndex" datatype="5" valuetype="1" ModelId="6">1</value><value key="RunIndex" datatype="5" valuetype="1" ModelId="7">1</value><value key="RunIndex" datatype="5" valuetype="1" ModelId="8">1</value><value key="RunIndex" datatype="5" valuetype="1" ModelId="9">1</value><value key="RunIndex" datatype="5" valuetype="1" ModelId="10">1</value><value key="RunIndex" datatype="5" valuetype="1" ModelId="11">1</value><value key="RunIndex" datatype="5" valuetype="1" ModelId="12">1</value><value key="RunIndex" datatype="5" valuetype="1" ModelId="13">1</value><value key="RunIndex" datatype="5" valuetype="1" ModelId="14">1</value><value key="RunIndex" datatype="5" valuetype="1" ModelId="15">1</value><value key="RunIndex" datatype="5" valuetype="1" ModelId="16">1</value><value key="RunIndex" datatype="5" valuetype="1" ModelId="17">1</value><value key="RunIndex" datatype="5" valuetype="1" ModelId="18">1</value><value key="RunIndex" datatype="5" valuetype="1" ModelId="19">1</value><value key="Literals" datatype="3" valuetype="-1" ModelId="1">5</value><value key="Variables" datatype="8" valuetype="-1" ModelId="1">education-spending_y_min(1), duty-free-exports_n_min(1), handicapped-infants_u_max(1), water-project-cost-sharing_y_max(1), synfuels-corporation-cutback_n_max(1)</value><value key="Literals" datatype="3" valuetype="-1" ModelId="2">2</value><value key="Variables" datatype="8" valuetype="-1" ModelId="2">physician-fee-freeze_n_min(1), aid-to-nicaraguan-contras_n_max(1)</value><value key="Literals" datatype="3" valuetype="-1" ModelId="3">5</value><value key="Variables" datatype="8" valuetype="-1" ModelId="3">education-spending_y_min(1), duty-free-exports_n_min(1), water-project-cost-sharing_y_max(1), adoption-of-the-budget-resolution_n_max(1), synfuels-corporation-cutback_n_max(1)</value><value key="Literals" datatype="3" valuetype="-1" ModelId="4">5</value><value key="Variables" datatype="8" valuetype="-1" ModelId="4">education-spending_y_min(1), duty-free-exports_n_min(1), water-project-cost-sharing_y_max(1), el-salvador-aid_y_max(1), synfuels-corporation-cutback_n_max(1)</value><value key="Literals" datatype="3" valuetype="-1" ModelId="5">3</value><value key="Variables" datatype="8" valuetype="-1" ModelId="5">education-spending_y_min(1), el-salvador-aid_y_max(1), synfuels-corporation-cutback_n_max(1)</value><value key="Literals" datatype="3" valuetype="-1" ModelId="6">4</value><value key="Variables" datatype="8" valuetype="-1" ModelId="6">education-spending_y_min(1), duty-free-exports_n_min(1), el-salvador-aid_y_max(1), synfuels-corporation-cutback_n_max(1)</value><value key="Literals" datatype="3" valuetype="-1" ModelId="7">4</value><value key="Variables" datatype="8" valuetype="-1" ModelId="7">synfuels-corporation-cutback_y_min(1), education-spending_y_min(1), duty-free-exports_n_min(1), el-salvador-aid_y_max(1)</value><value key="Literals" datatype="3" valuetype="-1" ModelId="8">4</value><value key="Variables" datatype="8" valuetype="-1" ModelId="8">synfuels-corporation-cutback_y_min(1), education-spending_y_min(1), duty-free-exports_n_min(1), el-salvador-aid_y_max(1)</value><value key="Literals" datatype="3" valuetype="-1" ModelId="9">5</value><value key="Variables" datatype="8" valuetype="-1" ModelId="9">synfuels-corporation-cutback_y_min(1), education-spending_y_min(1), duty-free-exports_n_min(1), physician-fee-freeze_n_max(1), el-salvador-aid_y_max(1)</value><value key="Literals" datatype="3" valuetype="-1" ModelId="10">3</value><value key="Variables" datatype="8" valuetype="-1" ModelId="10">physician-fee-freeze_u_max(1), physician-fee-freeze_y_max(1), religious-groups-in-schools_y_max(1)</value><value key="Literals" datatype="3" valuetype="-1" ModelId="11">1</value><value key="Variables" datatype="8" valuetype="-1" ModelId="11">physician-fee-freeze_y_max(1)</value><value key="Literals" datatype="3" valuetype="-1" ModelId="12">4</value><value key="Variables" datatype="8" valuetype="-1" ModelId="12">synfuels-corporation-cutback_y_min(1), physician-fee-freeze_n_max(1), physician-fee-freeze_y_max(1), el-salvador-aid_y_max(1)</value><value key="Literals" datatype="3" valuetype="-1" ModelId="13">4</value><value key="Variables" datatype="8" valuetype="-1" ModelId="13">synfuels-corporation-cutback_y_min(1), adoption-of-the-budget-resolution_n_max(1), physician-fee-freeze_y_max(1), el-salvador-aid_y_max(1)</value><value key="Literals" datatype="3" valuetype="-1" ModelId="14">7</value><value key="Variables" datatype="8" valuetype="-1" ModelId="14">synfuels-corporation-cutback_y_min(1), duty-free-exports_n_min(1), adoption-of-the-budget-resolution_n_max(1), physician-fee-freeze_u_max(1), physician-fee-freeze_y_max(2), el-salvador-aid_y_max(1)</value><value key="Literals" datatype="3" valuetype="-1" ModelId="15">6</value><value key="Variables" datatype="8" valuetype="-1" ModelId="15">synfuels-corporation-cutback_y_min(2), adoption-of-the-budget-resolution_n_max(1), physician-fee-freeze_y_max(2), el-salvador-aid_y_max(1)</value><value key="Literals" datatype="3" valuetype="-1" ModelId="16">10</value><value key="Variables" datatype="8" valuetype="-1" ModelId="16">anti-satellite-test-ban_n_min(1), mx-missile_u_min(1), synfuels-corporation-cutback_y_min(1), export-administration-act-south-africa_y_min(1), adoption-of-the-budget-resolution_n_max(2), physician-fee-freeze_y_max(3), el-salvador-aid_y_max(1)</value><value key="Literals" datatype="3" valuetype="-1" ModelId="17">9</value><value key="Variables" datatype="8" valuetype="-1" ModelId="17">anti-satellite-test-ban_n_min(1), mx-missile_u_min(1), synfuels-corporation-cutback_y_min(1), export-administration-act-south-africa_y_min(1), adoption-of-the-budget-resolution_n_max(2), physician-fee-freeze_y_max(3)</value><value key="Literals" datatype="3" valuetype="-1" ModelId="18">7</value><value key="Variables" datatype="8" valuetype="-1" ModelId="18">synfuels-corporation-cutback_y_min(1), export-administration-act-south-africa_y_min(1), adoption-of-the-budget-resolution_n_max(2), physician-fee-freeze_y_max(2), anti-satellite-test-ban_y_max(1)</value><value key="Literals" datatype="3" valuetype="-1" ModelId="19">9</value><value key="Variables" datatype="8" valuetype="-1" ModelId="19">religious-groups-in-schools_n_min(1), synfuels-corporation-cutback_y_min(1), export-administration-act-south-africa_y_min(1), adoption-of-the-budget-resolution_n_max(2), physician-fee-freeze_y_max(2), anti-satellite-test-ban_y_max(1), education-spending_n_max(1)</value><value key="VariableImportance" datatype="8" valuetype="-1" ModelId="19">religious-groups-in-schools_n_min(0), synfuels-corporation-cutback_y_min(5.04190870308314E-02), export-administration-act-south-africa_y_min(3.30733671342131E-02), adoption-of-the-budget-resolution_n_max(0.159396687753173), physician-fee-freeze_y_max(0.710177369356011), anti-satellite-test-ban_y_max(3.94913933661765E-02), education-spending_n_max(7.44209535959476E-03)</value></run></report>
