<log created='11/30/2019 13:47:01' name='vote_template_classification_000001'>
<item created='11/30/2019 13:47:01' severity='0'>Processing run 1...</item>
<item created='11/30/2019 13:47:01' severity='0'>Applied setting Genes (5)</item>
<item created='11/30/2019 13:47:01' severity='0'>Applied setting HeadSize (1)</item>
<item created='11/30/2019 13:47:01' severity='0'>Applied setting FitnessFunction (11)</item>
<item created='11/30/2019 13:47:01' severity='0'>Applied setting RoundingThreshold (0.5)</item>
<item created='11/30/2019 13:47:01' severity='0'>Changed function * to weight 2.</item>
<item created='11/30/2019 13:47:01' severity='0'>Loading data from file vote_TRAIN_fold_1.csv ...</item>
<item created='11/30/2019 13:47:02' severity='0'>Loading data from file vote_TEST_fold_1.csv ...</item>
<item created='11/30/2019 13:47:03' severity='0'>Loading run file... vote_1_5_1\vote_template_classification_000001.gep</item>
<item created='11/30/2019 13:47:03' severity='0'>Initializing run...</item>
<item created='11/30/2019 13:47:03' severity='0'>Training Set size: 391</item>
<item created='11/30/2019 13:47:03' severity='0'>Dataset loaded.</item>
<item created='11/30/2019 13:47:03' severity='0'>Starting...</item>
<item created='11/30/2019 13:47:03' severity='0'>Generation: 0 (583.333333333333, 82.35% (322))</item>
<item created='11/30/2019 13:47:05' severity='0'>Generation: 315 (930.864197530864, 96.42% (377))</item>
<item created='11/30/2019 13:47:07' severity='0'>Generation: 918 (935.643564356436, 96.68% (378))</item>
<item created='11/30/2019 13:47:09' severity='0'>Generation: 1561 (935.643564356436, 96.68% (378))</item>
<item created='11/30/2019 13:47:11' severity='0'>Generation: 2182 (935.643564356436, 96.68% (378))</item>
<item created='11/30/2019 13:47:13' severity='0'>Generation: 2764 (945.273631840796, 97.19% (380))</item>
<item created='11/30/2019 13:47:15' severity='0'>Generation: 3323 (945.273631840796, 97.19% (380))</item>
<item created='11/30/2019 13:47:17' severity='0'>Generation: 3906 (945.273631840796, 97.19% (380))</item>
<item created='11/30/2019 13:47:19' severity='0'>Generation: 4443 (945.273631840796, 97.19% (380))</item>
<item created='11/30/2019 13:47:21' severity='0'>Generation: 5010 (945.273631840796, 97.19% (380))</item>
<item created='11/30/2019 13:47:23' severity='0'>Generation: 5504 (950.124688279302, 97.44% (381))</item>
<item created='11/30/2019 13:47:25' severity='0'>Generation: 6033 (959.899749373434, 97.95% (383))</item>
<item created='11/30/2019 13:47:27' severity='0'>Generation: 6554 (959.899749373434, 97.95% (383))</item>
<item created='11/30/2019 13:47:29' severity='0'>Generation: 7083 (959.899749373434, 97.95% (383))</item>
<item created='11/30/2019 13:47:31' severity='0'>Generation: 7616 (959.899749373434, 97.95% (383))</item>
<item created='11/30/2019 13:47:33' severity='0'>Generation: 8145 (959.899749373434, 97.95% (383))</item>
<item created='11/30/2019 13:47:35' severity='0'>Generation: 8668 (959.899749373434, 97.95% (383))</item>
<item created='11/30/2019 13:47:37' severity='0'>Generation: 9193 (959.899749373434, 97.95% (383))</item>
<item created='11/30/2019 13:47:39' severity='0'>Generation: 9712 (959.899749373434, 97.95% (383))</item>
<item created='11/30/2019 13:47:41' severity='0'>Generation: 10233 (959.899749373434, 97.95% (383))</item>
<item created='11/30/2019 13:47:43' severity='0'>Generation: 10767 (959.899749373434, 97.95% (383))</item>
<item created='11/30/2019 13:47:45' severity='0'>Generation: 11297 (959.899749373434, 97.95% (383))</item>
<item created='11/30/2019 13:47:47' severity='0'>Generation: 11832 (959.899749373434, 97.95% (383))</item>
<item created='11/30/2019 13:47:49' severity='0'>Generation: 12355 (959.899749373434, 97.95% (383))</item>
<item created='11/30/2019 13:47:51' severity='0'>Generation: 12885 (959.899749373434, 97.95% (383))</item>
<item created='11/30/2019 13:47:53' severity='0'>Generation: 13412 (959.899749373434, 97.95% (383))</item>
<item created='11/30/2019 13:47:55' severity='0'>Generation: 13943 (959.899749373434, 97.95% (383))</item>
<item created='11/30/2019 13:47:57' severity='0'>Generation: 14457 (959.899749373434, 97.95% (383))</item>
<item created='11/30/2019 13:47:59' severity='0'>Generation: 14975 (959.899749373434, 97.95% (383))</item>
<item created='11/30/2019 13:48:01' severity='0'>Generation: 15489 (959.899749373434, 97.95% (383))</item>
<item created='11/30/2019 13:48:03' severity='0'>Generation: 16012 (959.899749373434, 97.95% (383))</item>
<item created='11/30/2019 13:48:05' severity='0'>Generation: 16540 (959.899749373434, 97.95% (383))</item>
<item created='11/30/2019 13:48:07' severity='0'>Generation: 17042 (959.899749373434, 97.95% (383))</item>
<item created='11/30/2019 13:48:09' severity='0'>Generation: 17574 (959.899749373434, 97.95% (383))</item>
<item created='11/30/2019 13:48:11' severity='0'>Generation: 18101 (959.899749373434, 97.95% (383))</item>
<item created='11/30/2019 13:48:13' severity='0'>Generation: 18622 (959.899749373434, 97.95% (383))</item>
<item created='11/30/2019 13:48:15' severity='0'>Generation: 19161 (959.899749373434, 97.95% (383))</item>
<item created='11/30/2019 13:48:17' severity='0'>Generation: 19696 (959.899749373434, 97.95% (383))</item>
<item created='11/30/2019 13:48:18' severity='0'>Finished run.</item>
<item created='11/30/2019 13:48:18' severity='0'>Models created: 19</item>
<item created='11/30/2019 13:48:18' severity='0'>Models: 19</item>
<item created='11/30/2019 13:48:18' severity='0'>Last Model: 19</item>
<item created='11/30/2019 13:48:18' severity='0'>Generation: 5621</item>
<item created='11/30/2019 13:48:18' severity='0'>Training Fitness: 959.899749373434</item>
<item created='11/30/2019 13:48:18' severity='0'>Training Accuracy: 97.95%</item>
<item created='11/30/2019 13:48:18' severity='0'>Success</item>
<item created='11/30/2019 13:48:18' severity='0'>Loading run file... vote_1_5_1\vote_template_classification_000001.gep</item>
<item created='11/30/2019 13:48:18' severity='0'>Initializing tests for all models...</item>
<item created='11/30/2019 13:48:18' severity='0'>Testing model 1 on the Validation Set with 44 records..............</item>
<item created='11/30/2019 13:48:18' severity='0'>Testing model 2 on the Validation Set with 44 records..............</item>
<item created='11/30/2019 13:48:18' severity='0'>Testing model 3 on the Validation Set with 44 records..............</item>
<item created='11/30/2019 13:48:18' severity='0'>Testing model 4 on the Validation Set with 44 records..............</item>
<item created='11/30/2019 13:48:18' severity='0'>Testing model 5 on the Validation Set with 44 records..............</item>
<item created='11/30/2019 13:48:18' severity='0'>Testing model 6 on the Validation Set with 44 records..............</item>
<item created='11/30/2019 13:48:18' severity='0'>Testing model 7 on the Validation Set with 44 records..............</item>
<item created='11/30/2019 13:48:18' severity='0'>Testing model 8 on the Validation Set with 44 records..............</item>
<item created='11/30/2019 13:48:18' severity='0'>Testing model 9 on the Validation Set with 44 records..............</item>
<item created='11/30/2019 13:48:18' severity='0'>Testing model 10 on the Validation Set with 44 records..............</item>
<item created='11/30/2019 13:48:18' severity='0'>Testing model 11 on the Validation Set with 44 records..............</item>
<item created='11/30/2019 13:48:18' severity='0'>Testing model 12 on the Validation Set with 44 records..............</item>
<item created='11/30/2019 13:48:18' severity='0'>Testing model 13 on the Validation Set with 44 records..............</item>
<item created='11/30/2019 13:48:18' severity='0'>Testing model 14 on the Validation Set with 44 records..............</item>
<item created='11/30/2019 13:48:18' severity='0'>Testing model 15 on the Validation Set with 44 records..............</item>
<item created='11/30/2019 13:48:18' severity='0'>Testing model 16 on the Validation Set with 44 records..............</item>
<item created='11/30/2019 13:48:18' severity='0'>Testing model 17 on the Validation Set with 44 records..............</item>
<item created='11/30/2019 13:48:19' severity='0'>Testing model 18 on the Validation Set with 44 records..............</item>
<item created='11/30/2019 13:48:19' severity='0'>Testing model 19 on the Validation Set with 44 records..............</item>
<item created='11/30/2019 13:48:19' severity='0'>Success</item>
</log>
