<report id="0"><run id="1" name="vote_template_classification_000001.gep"><value key="HasTestingSet" datatype="3" valuetype="0">1</value><value key="TrainFitness" datatype="5" valuetype="1" ModelId="1">583.333333333333</value><value key="TrainFitness" datatype="5" valuetype="1" ModelId="2">602.055800293686</value><value key="TrainFitness" datatype="5" valuetype="1" ModelId="3">608.407079646018</value><value key="TrainFitness" datatype="5" valuetype="1" ModelId="4">624.533929903057</value><value key="TrainFitness" datatype="5" valuetype="1" ModelId="5">677.75974025974</value><value key="TrainFitness" datatype="5" valuetype="1" ModelId="6">681.309741712426</value><value key="TrainFitness" datatype="5" valuetype="1" ModelId="7">717.703349282297</value><value key="TrainFitness" datatype="5" valuetype="1" ModelId="8">721.434528773978</value><value key="TrainFitness" datatype="5" valuetype="1" ModelId="9">857.482185273159</value><value key="TrainFitness" datatype="5" valuetype="1" ModelId="10">888.888888888889</value><value key="TrainFitness" datatype="5" valuetype="1" ModelId="11">902.676399026764</value><value key="TrainFitness" datatype="5" valuetype="1" ModelId="12">921.375921375921</value><value key="TrainFitness" datatype="5" valuetype="1" ModelId="13">926.108374384236</value><value key="TrainFitness" datatype="5" valuetype="1" ModelId="14">930.864197530864</value><value key="TrainFitness" datatype="5" valuetype="1" ModelId="15">935.643564356436</value><value key="TrainFitness" datatype="5" valuetype="1" ModelId="16">940.446650124069</value><value key="TrainFitness" datatype="5" valuetype="1" ModelId="17">945.273631840796</value><value key="TrainFitness" datatype="5" valuetype="1" ModelId="18">950.124688279302</value><value key="TrainFitness" datatype="5" valuetype="1" ModelId="19">959.899749373434</value><value key="TrainAccuracy" datatype="5" valuetype="1" ModelId="1">82.35</value><value key="TrainAccuracy" datatype="5" valuetype="1" ModelId="2">83.89</value><value key="TrainAccuracy" datatype="5" valuetype="1" ModelId="3">84.4</value><value key="TrainAccuracy" datatype="5" valuetype="1" ModelId="4">85.68</value><value key="TrainAccuracy" datatype="5" valuetype="1" ModelId="5">85.42</value><value key="TrainAccuracy" datatype="5" valuetype="1" ModelId="6">85.68</value><value key="TrainAccuracy" datatype="5" valuetype="1" ModelId="7">88.24</value><value key="TrainAccuracy" datatype="5" valuetype="1" ModelId="8">88.49</value><value key="TrainAccuracy" datatype="5" valuetype="1" ModelId="9">92.33</value><value key="TrainAccuracy" datatype="5" valuetype="1" ModelId="10">94.12</value><value key="TrainAccuracy" datatype="5" valuetype="1" ModelId="11">94.88</value><value key="TrainAccuracy" datatype="5" valuetype="1" ModelId="12">95.91</value><value key="TrainAccuracy" datatype="5" valuetype="1" ModelId="13">96.16</value><value key="TrainAccuracy" datatype="5" valuetype="1" ModelId="14">96.42</value><value key="TrainAccuracy" datatype="5" valuetype="1" ModelId="15">96.68</value><value key="TrainAccuracy" datatype="5" valuetype="1" ModelId="16">96.93</value><value key="TrainAccuracy" datatype="5" valuetype="1" ModelId="17">97.19</value><value key="TrainAccuracy" datatype="5" valuetype="1" ModelId="18">97.44</value><value key="TrainAccuracy" datatype="5" valuetype="1" ModelId="19">97.95</value><value key="TestFitness" datatype="5" valuetype="1" ModelId="1">757.575757575758</value><value key="TestFitness" datatype="5" valuetype="1" ModelId="2">757.575757575758</value><value key="TestFitness" datatype="5" valuetype="1" ModelId="3">955.555555555556</value><value key="TestFitness" datatype="5" valuetype="1" ModelId="4">955.555555555556</value><value key="TestFitness" datatype="5" valuetype="1" ModelId="5">955.555555555556</value><value key="TestFitness" datatype="5" valuetype="1" ModelId="6">757.575757575758</value><value key="TestFitness" datatype="5" valuetype="1" ModelId="7">955.555555555556</value><value key="TestFitness" datatype="5" valuetype="1" ModelId="8">955.555555555556</value><value key="TestFitness" datatype="5" valuetype="1" ModelId="9">955.555555555556</value><value key="TestFitness" datatype="5" valuetype="1" ModelId="10">955.555555555556</value><value key="TestFitness" datatype="5" valuetype="1" ModelId="11">955.555555555556</value><value key="TestFitness" datatype="5" valuetype="1" ModelId="12">955.555555555556</value><value key="TestFitness" datatype="5" valuetype="1" ModelId="13">955.555555555556</value><value key="TestFitness" datatype="5" valuetype="1" ModelId="14">955.555555555556</value><value key="TestFitness" datatype="5" valuetype="1" ModelId="15">955.555555555556</value><value key="TestFitness" datatype="5" valuetype="1" ModelId="16">955.555555555556</value><value key="TestFitness" datatype="5" valuetype="1" ModelId="17">955.555555555556</value><value key="TestFitness" datatype="5" valuetype="1" ModelId="18">955.555555555556</value><value key="TestFitness" datatype="5" valuetype="1" ModelId="19">913.04347826087</value><value key="TestAccuracy" datatype="5" valuetype="1" ModelId="1">90.91</value><value key="TestAccuracy" datatype="5" valuetype="1" ModelId="2">90.91</value><value key="TestAccuracy" datatype="5" valuetype="1" ModelId="3">97.73</value><value key="TestAccuracy" datatype="5" valuetype="1" ModelId="4">97.73</value><value key="TestAccuracy" datatype="5" valuetype="1" ModelId="5">97.73</value><value key="TestAccuracy" datatype="5" valuetype="1" ModelId="6">90.91</value><value key="TestAccuracy" datatype="5" valuetype="1" ModelId="7">97.73</value><value key="TestAccuracy" datatype="5" valuetype="1" ModelId="8">97.73</value><value key="TestAccuracy" datatype="5" valuetype="1" ModelId="9">97.73</value><value key="TestAccuracy" datatype="5" valuetype="1" ModelId="10">97.73</value><value key="TestAccuracy" datatype="5" valuetype="1" ModelId="11">97.73</value><value key="TestAccuracy" datatype="5" valuetype="1" ModelId="12">97.73</value><value key="TestAccuracy" datatype="5" valuetype="1" ModelId="13">97.73</value><value key="TestAccuracy" datatype="5" valuetype="1" ModelId="14">97.73</value><value key="TestAccuracy" datatype="5" valuetype="1" ModelId="15">97.73</value><value key="TestAccuracy" datatype="5" valuetype="1" ModelId="16">97.73</value><value key="TestAccuracy" datatype="5" valuetype="1" ModelId="17">97.73</value><value key="TestAccuracy" datatype="5" valuetype="1" ModelId="18">97.73</value><value key="TestAccuracy" datatype="5" valuetype="1" ModelId="19">95.45</value><value key="Size" datatype="3" valuetype="1" ModelId="1">15</value><value key="Size" datatype="3" valuetype="1" ModelId="2">15</value><value key="Size" datatype="3" valuetype="1" ModelId="3">15</value><value key="Size" datatype="3" valuetype="1" ModelId="4">15</value><value key="Size" datatype="3" valuetype="1" ModelId="5">15</value><value key="Size" datatype="3" valuetype="1" ModelId="6">14</value><value key="Size" datatype="3" valuetype="1" ModelId="7">15</value><value key="Size" datatype="3" valuetype="1" ModelId="8">14</value><value key="Size" datatype="3" valuetype="1" ModelId="9">14</value><value key="Size" datatype="3" valuetype="1" ModelId="10">14</value><value key="Size" datatype="3" valuetype="1" ModelId="11">13</value><value key="Size" datatype="3" valuetype="1" ModelId="12">13</value><value key="Size" datatype="3" valuetype="1" ModelId="13">14</value><value key="Size" datatype="3" valuetype="1" ModelId="14">12</value><value key="Size" datatype="3" valuetype="1" ModelId="15">14</value><value key="Size" datatype="3" valuetype="1" ModelId="16">13</value><value key="Size" datatype="3" valuetype="1" ModelId="17">14</value><value key="Size" datatype="3" valuetype="1" ModelId="18">14</value><value key="Size" datatype="3" valuetype="1" ModelId="19">12</value><value key="Generation" datatype="5" valuetype="1" ModelId="1">0</value><value key="Generation" datatype="5" valuetype="1" ModelId="2">1</value><value key="Generation" datatype="5" valuetype="1" ModelId="3">2</value><value key="Generation" datatype="5" valuetype="1" ModelId="4">3</value><value key="Generation" datatype="5" valuetype="1" ModelId="5">4</value><value key="Generation" datatype="5" valuetype="1" ModelId="6">10</value><value key="Generation" datatype="5" valuetype="1" ModelId="7">13</value><value key="Generation" datatype="5" valuetype="1" ModelId="8">17</value><value key="Generation" datatype="5" valuetype="1" ModelId="9">23</value><value key="Generation" datatype="5" valuetype="1" ModelId="10">28</value><value key="Generation" datatype="5" valuetype="1" ModelId="11">31</value><value key="Generation" datatype="5" valuetype="1" ModelId="12">35</value><value key="Generation" datatype="5" valuetype="1" ModelId="13">93</value><value key="Generation" datatype="5" valuetype="1" ModelId="14">150</value><value key="Generation" datatype="5" valuetype="1" ModelId="15">418</value><value key="Generation" datatype="5" valuetype="1" ModelId="16">2288</value><value key="Generation" datatype="5" valuetype="1" ModelId="17">2346</value><value key="Generation" datatype="5" valuetype="1" ModelId="18">5058</value><value key="Generation" datatype="5" valuetype="1" ModelId="19">5621</value><value key="RunIndex" datatype="5" valuetype="1" ModelId="1">1</value><value key="RunIndex" datatype="5" valuetype="1" ModelId="2">1</value><value key="RunIndex" datatype="5" valuetype="1" ModelId="3">1</value><value key="RunIndex" datatype="5" valuetype="1" ModelId="4">1</value><value key="RunIndex" datatype="5" valuetype="1" ModelId="5">1</value><value key="RunIndex" datatype="5" valuetype="1" ModelId="6">1</value><value key="RunIndex" datatype="5" valuetype="1" ModelId="7">1</value><value key="RunIndex" datatype="5" valuetype="1" ModelId="8">1</value><value key="RunIndex" datatype="5" valuetype="1" ModelId="9">1</value><value key="RunIndex" datatype="5" valuetype="1" ModelId="10">1</value><value key="RunIndex" datatype="5" valuetype="1" ModelId="11">1</value><value key="RunIndex" datatype="5" valuetype="1" ModelId="12">1</value><value key="RunIndex" datatype="5" valuetype="1" ModelId="13">1</value><value key="RunIndex" datatype="5" valuetype="1" ModelId="14">1</value><value key="RunIndex" datatype="5" valuetype="1" ModelId="15">1</value><value key="RunIndex" datatype="5" valuetype="1" ModelId="16">1</value><value key="RunIndex" datatype="5" valuetype="1" ModelId="17">1</value><value key="RunIndex" datatype="5" valuetype="1" ModelId="18">1</value><value key="RunIndex" datatype="5" valuetype="1" ModelId="19">1</value><value key="Literals" datatype="3" valuetype="-1" ModelId="1">7</value><value key="Variables" datatype="8" valuetype="-1" ModelId="1">adoption-of-the-budget-resolution_y_min(1), el-salvador-aid_y_min(2), anti-satellite-test-ban_y_min(1), superfund-right-to-sue_n_min(1), crime_y_min(1), el-salvador-aid_y_max(1)</value><value key="Literals" datatype="3" valuetype="-1" ModelId="2">7</value><value key="Variables" datatype="8" valuetype="-1" ModelId="2">adoption-of-the-budget-resolution_y_min(1), el-salvador-aid_y_min(2), anti-satellite-test-ban_y_min(1), superfund-right-to-sue_n_min(1), crime_y_min(1), el-salvador-aid_y_max(1)</value><value key="Literals" datatype="3" valuetype="-1" ModelId="3">7</value><value key="Variables" datatype="8" valuetype="-1" ModelId="3">adoption-of-the-budget-resolution_y_min(2), el-salvador-aid_y_min(2), anti-satellite-test-ban_y_min(1), superfund-right-to-sue_n_min(1), crime_y_min(1)</value><value key="Literals" datatype="3" valuetype="-1" ModelId="4">7</value><value key="Variables" datatype="8" valuetype="-1" ModelId="4">adoption-of-the-budget-resolution_y_min(2), el-salvador-aid_y_min(1), anti-satellite-test-ban_y_min(2), superfund-right-to-sue_n_min(1), crime_y_min(1)</value><value key="Literals" datatype="3" valuetype="-1" ModelId="5">7</value><value key="Variables" datatype="8" valuetype="-1" ModelId="5">adoption-of-the-budget-resolution_y_min(2), el-salvador-aid_y_min(2), anti-satellite-test-ban_y_min(1), crime_y_min(1), el-salvador-aid_y_max(1)</value><value key="Literals" datatype="3" valuetype="-1" ModelId="6">6</value><value key="Variables" datatype="8" valuetype="-1" ModelId="6">adoption-of-the-budget-resolution_y_min(1), anti-satellite-test-ban_y_min(1), aid-to-nicaraguan-contras_y_min(1), superfund-right-to-sue_n_min(2), crime_y_min(1)</value><value key="Literals" datatype="3" valuetype="-1" ModelId="7">8</value><value key="Variables" datatype="8" valuetype="-1" ModelId="7">adoption-of-the-budget-resolution_u_min(1), adoption-of-the-budget-resolution_y_min(4), el-salvador-aid_y_min(2), superfund-right-to-sue_n_min(1)</value><value key="Literals" datatype="3" valuetype="-1" ModelId="8">6</value><value key="Variables" datatype="8" valuetype="-1" ModelId="8">adoption-of-the-budget-resolution_n_min(1), adoption-of-the-budget-resolution_y_min(1), superfund-right-to-sue_n_min(1), crime_y_min(1), handicapped-infants_n_max(1), physician-fee-freeze_y_max(1)</value><value key="Literals" datatype="3" valuetype="-1" ModelId="9">7</value><value key="Variables" datatype="8" valuetype="-1" ModelId="9">adoption-of-the-budget-resolution_y_min(1), anti-satellite-test-ban_y_min(1), superfund-right-to-sue_n_min(1), crime_y_min(1), handicapped-infants_y_max(1), physician-fee-freeze_y_max(2)</value><value key="Literals" datatype="3" valuetype="-1" ModelId="10">6</value><value key="Variables" datatype="8" valuetype="-1" ModelId="10">adoption-of-the-budget-resolution_y_min(1), superfund-right-to-sue_n_min(1), crime_y_min(1), handicapped-infants_y_max(1), physician-fee-freeze_y_max(2)</value><value key="Literals" datatype="3" valuetype="-1" ModelId="11">7</value><value key="Variables" datatype="8" valuetype="-1" ModelId="11">adoption-of-the-budget-resolution_y_min(1), anti-satellite-test-ban_y_min(1), superfund-right-to-sue_n_min(1), crime_y_min(1), physician-fee-freeze_y_max(3)</value><value key="Literals" datatype="3" valuetype="-1" ModelId="12">7</value><value key="Variables" datatype="8" valuetype="-1" ModelId="12">adoption-of-the-budget-resolution_y_min(1), anti-satellite-test-ban_y_min(1), superfund-right-to-sue_n_min(2), physician-fee-freeze_y_max(3)</value><value key="Literals" datatype="3" valuetype="-1" ModelId="13">6</value><value key="Variables" datatype="8" valuetype="-1" ModelId="13">adoption-of-the-budget-resolution_y_min(1), anti-satellite-test-ban_y_min(1), physician-fee-freeze_y_max(2), el-salvador-aid_u_max(1), mx-missile_u_max(1)</value><value key="Literals" datatype="3" valuetype="-1" ModelId="14">6</value><value key="Variables" datatype="8" valuetype="-1" ModelId="14">adoption-of-the-budget-resolution_y_min(1), anti-satellite-test-ban_y_min(1), physician-fee-freeze_y_max(2), el-salvador-aid_u_max(1), mx-missile_u_max(1)</value><value key="Literals" datatype="3" valuetype="-1" ModelId="15">8</value><value key="Variables" datatype="8" valuetype="-1" ModelId="15">adoption-of-the-budget-resolution_y_min(1), anti-satellite-test-ban_y_min(1), aid-to-nicaraguan-contras_n_min(1), crime_n_min(1), physician-fee-freeze_y_max(2), el-salvador-aid_u_max(1), mx-missile_u_max(1)</value><value key="Literals" datatype="3" valuetype="-1" ModelId="16">8</value><value key="Variables" datatype="8" valuetype="-1" ModelId="16">adoption-of-the-budget-resolution_y_min(1), anti-satellite-test-ban_n_min(1), mx-missile_y_min(1), physician-fee-freeze_y_max(2), aid-to-nicaraguan-contras_u_max(1), synfuels-corporation-cutback_y_max(1), export-administration-act-south-africa_n_max(1)</value><value key="Literals" datatype="3" valuetype="-1" ModelId="17">7</value><value key="Variables" datatype="8" valuetype="-1" ModelId="17">adoption-of-the-budget-resolution_y_min(1), mx-missile_y_min(1), physician-fee-freeze_y_max(2), aid-to-nicaraguan-contras_u_max(1), synfuels-corporation-cutback_y_max(2)</value><value key="Literals" datatype="3" valuetype="-1" ModelId="18">7</value><value key="Variables" datatype="8" valuetype="-1" ModelId="18">adoption-of-the-budget-resolution_y_min(1), mx-missile_y_min(1), physician-fee-freeze_y_max(2), anti-satellite-test-ban_y_max(1), aid-to-nicaraguan-contras_u_max(1), synfuels-corporation-cutback_y_max(1)</value><value key="Literals" datatype="3" valuetype="-1" ModelId="19">7</value><value key="Variables" datatype="8" valuetype="-1" ModelId="19">adoption-of-the-budget-resolution_y_min(2), immigration_n_min(1), education-spending_u_min(1), physician-fee-freeze_y_max(1), anti-satellite-test-ban_y_max(1), synfuels-corporation-cutback_y_max(1)</value><value key="VariableImportance" datatype="8" valuetype="-1" ModelId="19">adoption-of-the-budget-resolution_y_min(0.255252105164757), immigration_n_min(1.86236732192399E-02), education-spending_u_min(9.66406470385931E-03), physician-fee-freeze_y_max(0.655549649917883), anti-satellite-test-ban_y_max(9.82362650305596E-04), synfuels-corporation-cutback_y_max(5.99281443439555E-02)</value></run></report>
