<summary><value key="AverageTrainFitness" datatype="5" valuetype="4">959.899749373434</value><value key="AverageTrainRSQuare" datatype="5" valuetype="4">0.798790319020954</value><value key="AverageTrainAccuracy" datatype="5" valuetype="4">97.95</value><value key="MaxTrainFitness" datatype="5" valuetype="4">1000</value><value key="MaxTestFitness" datatype="5" valuetype="4">1000</value><value key="TrainSuccessCount" datatype="3" valuetype="4">0</value><value key="TrainSuccessRate" datatype="5" valuetype="4">0</value><value key="BestTrainFitness" datatype="5" valuetype="4">959.899749373434</value><value key="BestTrainFitnessRun" datatype="3" valuetype="4">1</value><value key="BestTrainFitnessHistory" datatype="3" valuetype="4">1</value><value key="BestTrainFitnessModelId" datatype="3" valuetype="4">19</value><value key="BestTrainFitnessModelSize" datatype="3" valuetype="4">12</value><value key="BestTrainFitnessModelLiterals" datatype="3" valuetype="4">7</value><value key="BestTrainFitnessModelTerminals" datatype="8" valuetype="4">adoption-of-the-budget-resolution_y_min(2), immigration_n_min(1), education-spending_u_min(1), physician-fee-freeze_y_max(1), anti-satellite-test-ban_y_max(1), synfuels-corporation-cutback_y_max(1)</value><value key="BestTrainFitnessModelVariableImportance" datatype="8" valuetype="4">adoption-of-the-budget-resolution_y_min(0.282308023541917), immigration_n_min(1.45491580320455E-02), education-spending_u_min(8.48380942616557E-03), physician-fee-freeze_y_max(0.655444029778701), anti-satellite-test-ban_y_max(5.93892813270924E-03), synfuels-corporation-cutback_y_max(3.32760510884618E-02)</value><value key="BestTrainAccuracy" datatype="5" valuetype="4">97.95</value><value key="BestTrainAccuracyRun" datatype="3" valuetype="4">1</value><value key="BestTrainAccuracyHistory" datatype="3" valuetype="4">1</value><value key="BestTrainAccuracyModelId" datatype="3" valuetype="4">19</value><value key="BestTrainAccuracyModelSize" datatype="3" valuetype="4">12</value><value key="BestTrainAccuracyModelLiterals" datatype="3" valuetype="4">7</value><value key="BestTrainAccuracyModelTerminals" datatype="8" valuetype="4">adoption-of-the-budget-resolution_y_min(2), immigration_n_min(1), education-spending_u_min(1), physician-fee-freeze_y_max(1), anti-satellite-test-ban_y_max(1), synfuels-corporation-cutback_y_max(1)</value><value key="BestTrainAccuracyModelVariableImportance" datatype="8" valuetype="4">adoption-of-the-budget-resolution_y_min(0.282308023541917), immigration_n_min(1.45491580320455E-02), education-spending_u_min(8.48380942616557E-03), physician-fee-freeze_y_max(0.655444029778701), anti-satellite-test-ban_y_max(5.93892813270924E-03), synfuels-corporation-cutback_y_max(3.32760510884618E-02)</value><value key="BestTrainRSQuare" datatype="5" valuetype="4">0.798790319020954</value><value key="BestTrainRSQuareRun" datatype="3" valuetype="4">1</value><value key="BestTrainRSQuareHistory" datatype="3" valuetype="4">1</value><value key="BestTrainRSQuareModelId" datatype="3" valuetype="4">19</value><value key="BestTrainRSQuareModelSize" datatype="3" valuetype="4">12</value><value key="BestTrainRSQuareModelLiterals" datatype="3" valuetype="4">7</value><value key="BestTrainRSQuareModelTerminals" datatype="8" valuetype="4">adoption-of-the-budget-resolution_y_min(2), immigration_n_min(1), education-spending_u_min(1), physician-fee-freeze_y_max(1), anti-satellite-test-ban_y_max(1), synfuels-corporation-cutback_y_max(1)</value><value key="BestTrainRSQuareModelVariableImportance" datatype="8" valuetype="4">adoption-of-the-budget-resolution_y_min(0.282308023541917), immigration_n_min(1.45491580320455E-02), education-spending_u_min(8.48380942616557E-03), physician-fee-freeze_y_max(0.655444029778701), anti-satellite-test-ban_y_max(5.93892813270924E-03), synfuels-corporation-cutback_y_max(3.32760510884618E-02)</value><value key="TestSuccessCount" datatype="3" valuetype="4">0</value><value key="TestSuccessRate" datatype="5" valuetype="4">0</value><value key="AverageTestFitness" datatype="5" valuetype="4">913.04347826087</value><value key="AverageTestRSQuare" datatype="5" valuetype="4">0.814010193057595</value><value key="AverageTestAccuracy" datatype="5" valuetype="4">95.45</value><value key="BestTestFitness" datatype="5" valuetype="4">955.555555555556</value><value key="BestTestFitnessRun" datatype="3" valuetype="4">1</value><value key="BestTestFitnessHistory" datatype="3" valuetype="4">1</value><value key="BestTestFitnessModelId" datatype="3" valuetype="4">18</value><value key="BestTestFitnessModelSize" datatype="3" valuetype="4">14</value><value key="BestTestFitnessModelLiterals" datatype="3" valuetype="4">7</value><value key="BestTestFitnessModelTerminals" datatype="8" valuetype="4">adoption-of-the-budget-resolution_y_min(1), mx-missile_y_min(1), physician-fee-freeze_y_max(2), anti-satellite-test-ban_y_max(1), aid-to-nicaraguan-contras_u_max(1), synfuels-corporation-cutback_y_max(1)</value><value key="BestTestFitnessModelVariableImportance" datatype="8" valuetype="4">adoption-of-the-budget-resolution_y_min(2.10455025247596E-02), mx-missile_y_min(0.163983419964722), physician-fee-freeze_y_max(0.733954280290915), anti-satellite-test-ban_y_max(2.01458326573582E-03), aid-to-nicaraguan-contras_u_max(4.12862831990765E-02), synfuels-corporation-cutback_y_max(3.77159307547908E-02)</value><value key="BestTestAccuracy" datatype="5" valuetype="4">97.73</value><value key="BestTestAccuracyRun" datatype="3" valuetype="4">1</value><value key="BestTestAccuracyHistory" datatype="3" valuetype="4">1</value><value key="BestTestAccuracyModelId" datatype="3" valuetype="4">18</value><value key="BestTestAccuracyModelSize" datatype="3" valuetype="4">14</value><value key="BestTestAccuracyModelLiterals" datatype="3" valuetype="4">7</value><value key="BestTestAccuracyModelTerminals" datatype="8" valuetype="4">adoption-of-the-budget-resolution_y_min(1), mx-missile_y_min(1), physician-fee-freeze_y_max(2), anti-satellite-test-ban_y_max(1), aid-to-nicaraguan-contras_u_max(1), synfuels-corporation-cutback_y_max(1)</value><value key="BestTestAccuracyModelVariableImportance" datatype="8" valuetype="4">adoption-of-the-budget-resolution_y_min(2.10455025247596E-02), mx-missile_y_min(0.163983419964722), physician-fee-freeze_y_max(0.733954280290915), anti-satellite-test-ban_y_max(2.01458326573582E-03), aid-to-nicaraguan-contras_u_max(4.12862831990765E-02), synfuels-corporation-cutback_y_max(3.77159307547908E-02)</value><value key="BestTestRSQuare" datatype="5" valuetype="4">0.85309649686041</value><value key="BestTestRSQuareRun" datatype="3" valuetype="4">1</value><value key="BestTestRSQuareHistory" datatype="3" valuetype="4">1</value><value key="BestTestRSQuareModelId" datatype="3" valuetype="4">18</value><value key="BestTestRSQuareModelSize" datatype="3" valuetype="4">14</value><value key="BestTestRSQuareModelLiterals" datatype="3" valuetype="4">7</value><value key="BestTestRSQuareModelTerminals" datatype="8" valuetype="4">adoption-of-the-budget-resolution_y_min(1), mx-missile_y_min(1), physician-fee-freeze_y_max(2), anti-satellite-test-ban_y_max(1), aid-to-nicaraguan-contras_u_max(1), synfuels-corporation-cutback_y_max(1)</value><value key="BestTestRSQuareModelVariableImportance" datatype="8" valuetype="4">adoption-of-the-budget-resolution_y_min(2.10455025247596E-02), mx-missile_y_min(0.163983419964722), physician-fee-freeze_y_max(0.733954280290915), anti-satellite-test-ban_y_max(2.01458326573582E-03), aid-to-nicaraguan-contras_u_max(4.12862831990765E-02), synfuels-corporation-cutback_y_max(3.77159307547908E-02)</value><value key="DefinitionFile" datatype="8" valuetype="4">../vote_1_5_1_jobdef.xml</value></summary>
