<summary><value key="AverageTrainFitness" datatype="5" valuetype="4">979.746835443038</value><value key="AverageTrainRSQuare" datatype="5" valuetype="4">0.715707814251566</value><value key="AverageTrainAccuracy" datatype="5" valuetype="4">98.98</value><value key="MaxTrainFitness" datatype="5" valuetype="4">1000</value><value key="MaxTestFitness" datatype="5" valuetype="4">1000</value><value key="TrainSuccessCount" datatype="3" valuetype="4">0</value><value key="TrainSuccessRate" datatype="5" valuetype="4">0</value><value key="BestTrainFitness" datatype="5" valuetype="4">979.746835443038</value><value key="BestTrainFitnessRun" datatype="3" valuetype="4">1</value><value key="BestTrainFitnessHistory" datatype="3" valuetype="4">1</value><value key="BestTrainFitnessModelId" datatype="3" valuetype="4">18</value><value key="BestTrainFitnessModelSize" datatype="3" valuetype="4">17</value><value key="BestTrainFitnessModelLiterals" datatype="3" valuetype="4">11</value><value key="BestTrainFitnessModelTerminals" datatype="8" valuetype="4">water-project-cost-sharing_n_min(1), adoption-of-the-budget-resolution_y_min(1), physician-fee-freeze_n_min(1), anti-satellite-test-ban_n_min(1), mx-missile_y_min(1), synfuels-corporation-cutback_y_min(1), superfund-right-to-sue_n_min(1), water-project-cost-sharing_y_max(1), physician-fee-freeze_y_max(1), crime_n_max(1), export-administration-act-south-africa_u_max(1)</value><value key="BestTrainFitnessModelVariableImportance" datatype="8" valuetype="4">water-project-cost-sharing_n_min(2.44997465682754E-02), adoption-of-the-budget-resolution_y_min(0.059502024177367), physician-fee-freeze_n_min(0.375820730891736), anti-satellite-test-ban_n_min(2.67891042797724E-02), mx-missile_y_min(8.15218585030523E-02), synfuels-corporation-cutback_y_min(5.58923571282839E-02), superfund-right-to-sue_n_min(0.068337901623654), water-project-cost-sharing_y_max(5.20280648691929E-02), physician-fee-freeze_y_max(0.227114937526854), crime_n_max(7.41102902770661E-03), export-administration-act-south-africa_u_max(2.10822454041055E-02)</value><value key="BestTrainAccuracy" datatype="5" valuetype="4">98.98</value><value key="BestTrainAccuracyRun" datatype="3" valuetype="4">1</value><value key="BestTrainAccuracyHistory" datatype="3" valuetype="4">1</value><value key="BestTrainAccuracyModelId" datatype="3" valuetype="4">18</value><value key="BestTrainAccuracyModelSize" datatype="3" valuetype="4">17</value><value key="BestTrainAccuracyModelLiterals" datatype="3" valuetype="4">11</value><value key="BestTrainAccuracyModelTerminals" datatype="8" valuetype="4">water-project-cost-sharing_n_min(1), adoption-of-the-budget-resolution_y_min(1), physician-fee-freeze_n_min(1), anti-satellite-test-ban_n_min(1), mx-missile_y_min(1), synfuels-corporation-cutback_y_min(1), superfund-right-to-sue_n_min(1), water-project-cost-sharing_y_max(1), physician-fee-freeze_y_max(1), crime_n_max(1), export-administration-act-south-africa_u_max(1)</value><value key="BestTrainAccuracyModelVariableImportance" datatype="8" valuetype="4">water-project-cost-sharing_n_min(2.44997465682754E-02), adoption-of-the-budget-resolution_y_min(0.059502024177367), physician-fee-freeze_n_min(0.375820730891736), anti-satellite-test-ban_n_min(2.67891042797724E-02), mx-missile_y_min(8.15218585030523E-02), synfuels-corporation-cutback_y_min(5.58923571282839E-02), superfund-right-to-sue_n_min(0.068337901623654), water-project-cost-sharing_y_max(5.20280648691929E-02), physician-fee-freeze_y_max(0.227114937526854), crime_n_max(7.41102902770661E-03), export-administration-act-south-africa_u_max(2.10822454041055E-02)</value><value key="BestTrainRSQuare" datatype="5" valuetype="4">0.715707814251566</value><value key="BestTrainRSQuareRun" datatype="3" valuetype="4">1</value><value key="BestTrainRSQuareHistory" datatype="3" valuetype="4">1</value><value key="BestTrainRSQuareModelId" datatype="3" valuetype="4">18</value><value key="BestTrainRSQuareModelSize" datatype="3" valuetype="4">17</value><value key="BestTrainRSQuareModelLiterals" datatype="3" valuetype="4">11</value><value key="BestTrainRSQuareModelTerminals" datatype="8" valuetype="4">water-project-cost-sharing_n_min(1), adoption-of-the-budget-resolution_y_min(1), physician-fee-freeze_n_min(1), anti-satellite-test-ban_n_min(1), mx-missile_y_min(1), synfuels-corporation-cutback_y_min(1), superfund-right-to-sue_n_min(1), water-project-cost-sharing_y_max(1), physician-fee-freeze_y_max(1), crime_n_max(1), export-administration-act-south-africa_u_max(1)</value><value key="BestTrainRSQuareModelVariableImportance" datatype="8" valuetype="4">water-project-cost-sharing_n_min(2.44997465682754E-02), adoption-of-the-budget-resolution_y_min(0.059502024177367), physician-fee-freeze_n_min(0.375820730891736), anti-satellite-test-ban_n_min(2.67891042797724E-02), mx-missile_y_min(8.15218585030523E-02), synfuels-corporation-cutback_y_min(5.58923571282839E-02), superfund-right-to-sue_n_min(0.068337901623654), water-project-cost-sharing_y_max(5.20280648691929E-02), physician-fee-freeze_y_max(0.227114937526854), crime_n_max(7.41102902770661E-03), export-administration-act-south-africa_u_max(2.10822454041055E-02)</value><value key="TestSuccessCount" datatype="3" valuetype="4">1</value><value key="TestSuccessRate" datatype="5" valuetype="4">100</value><value key="AverageTestFitness" datatype="5" valuetype="4">913.04347826087</value><value key="AverageTestRSQuare" datatype="5" valuetype="4">0.703692413826297</value><value key="AverageTestAccuracy" datatype="5" valuetype="4">95.45</value><value key="BestTestFitness" datatype="5" valuetype="4">1000</value><value key="BestTestFitnessRun" datatype="3" valuetype="4">1</value><value key="BestTestFitnessHistory" datatype="3" valuetype="4">1</value><value key="BestTestFitnessModelId" datatype="3" valuetype="4">10</value><value key="BestTestFitnessModelSize" datatype="3" valuetype="4">13</value><value key="BestTestFitnessModelLiterals" datatype="3" valuetype="4">5</value><value key="BestTestFitnessModelTerminals" datatype="8" valuetype="4">physician-fee-freeze_n_min(1), duty-free-exports_y_min(1), water-project-cost-sharing_n_max(1), physician-fee-freeze_y_max(1), aid-to-nicaraguan-contras_u_max(1)</value><value key="BestTestFitnessModelVariableImportance" datatype="8" valuetype="4">physician-fee-freeze_n_min(0.362785232280463), duty-free-exports_y_min(1.26282439617526E-02), water-project-cost-sharing_n_max(0.136370471146391), physician-fee-freeze_y_max(0.372635718768902), aid-to-nicaraguan-contras_u_max(0.115580333842491)</value><value key="BestTestAccuracy" datatype="5" valuetype="4">100</value><value key="BestTestAccuracyRun" datatype="3" valuetype="4">1</value><value key="BestTestAccuracyHistory" datatype="3" valuetype="4">1</value><value key="BestTestAccuracyModelId" datatype="3" valuetype="4">10</value><value key="BestTestAccuracyModelSize" datatype="3" valuetype="4">13</value><value key="BestTestAccuracyModelLiterals" datatype="3" valuetype="4">5</value><value key="BestTestAccuracyModelTerminals" datatype="8" valuetype="4">physician-fee-freeze_n_min(1), duty-free-exports_y_min(1), water-project-cost-sharing_n_max(1), physician-fee-freeze_y_max(1), aid-to-nicaraguan-contras_u_max(1)</value><value key="BestTestAccuracyModelVariableImportance" datatype="8" valuetype="4">physician-fee-freeze_n_min(0.362785232280463), duty-free-exports_y_min(1.26282439617526E-02), water-project-cost-sharing_n_max(0.136370471146391), physician-fee-freeze_y_max(0.372635718768902), aid-to-nicaraguan-contras_u_max(0.115580333842491)</value><value key="BestTestRSQuare" datatype="5" valuetype="4">0.873821593053337</value><value key="BestTestRSQuareRun" datatype="3" valuetype="4">1</value><value key="BestTestRSQuareHistory" datatype="3" valuetype="4">1</value><value key="BestTestRSQuareModelId" datatype="3" valuetype="4">10</value><value key="BestTestRSQuareModelSize" datatype="3" valuetype="4">13</value><value key="BestTestRSQuareModelLiterals" datatype="3" valuetype="4">5</value><value key="BestTestRSQuareModelTerminals" datatype="8" valuetype="4">physician-fee-freeze_n_min(1), duty-free-exports_y_min(1), water-project-cost-sharing_n_max(1), physician-fee-freeze_y_max(1), aid-to-nicaraguan-contras_u_max(1)</value><value key="BestTestRSQuareModelVariableImportance" datatype="8" valuetype="4">physician-fee-freeze_n_min(0.362785232280463), duty-free-exports_y_min(1.26282439617526E-02), water-project-cost-sharing_n_max(0.136370471146391), physician-fee-freeze_y_max(0.372635718768902), aid-to-nicaraguan-contras_u_max(0.115580333842491)</value><value key="DefinitionFile" datatype="8" valuetype="4">../vote_1_6_1_jobdef.xml</value></summary>
