<report id="0"><run id="1" name="vote_template_classification_000001.gep"><value key="HasTestingSet" datatype="3" valuetype="0">1</value><value key="TrainFitness" datatype="5" valuetype="1" ModelId="1">544.17198522002</value><value key="TrainFitness" datatype="5" valuetype="1" ModelId="2">740.350137101877</value><value key="TrainFitness" datatype="5" valuetype="1" ModelId="3">884.33734939759</value><value key="TrainFitness" datatype="5" valuetype="1" ModelId="4">888.888888888889</value><value key="TrainFitness" datatype="5" valuetype="1" ModelId="5">898.058252427184</value><value key="TrainFitness" datatype="5" valuetype="1" ModelId="6">902.676399026764</value><value key="TrainFitness" datatype="5" valuetype="1" ModelId="7">907.317073170732</value><value key="TrainFitness" datatype="5" valuetype="1" ModelId="8">911.980440097799</value><value key="TrainFitness" datatype="5" valuetype="1" ModelId="9">916.666666666667</value><value key="TrainFitness" datatype="5" valuetype="1" ModelId="10">921.375921375921</value><value key="TrainFitness" datatype="5" valuetype="1" ModelId="11">935.643564356436</value><value key="TrainFitness" datatype="5" valuetype="1" ModelId="12">940.446650124069</value><value key="TrainFitness" datatype="5" valuetype="1" ModelId="13">950.124688279302</value><value key="TrainFitness" datatype="5" valuetype="1" ModelId="14">955</value><value key="TrainFitness" datatype="5" valuetype="1" ModelId="15">959.899749373434</value><value key="TrainFitness" datatype="5" valuetype="1" ModelId="16">964.824120603015</value><value key="TrainFitness" datatype="5" valuetype="1" ModelId="17">969.773299748111</value><value key="TrainFitness" datatype="5" valuetype="1" ModelId="18">979.746835443038</value><value key="TrainAccuracy" datatype="5" valuetype="1" ModelId="1">82.86</value><value key="TrainAccuracy" datatype="5" valuetype="1" ModelId="2">89.77</value><value key="TrainAccuracy" datatype="5" valuetype="1" ModelId="3">93.86</value><value key="TrainAccuracy" datatype="5" valuetype="1" ModelId="4">94.12</value><value key="TrainAccuracy" datatype="5" valuetype="1" ModelId="5">94.63</value><value key="TrainAccuracy" datatype="5" valuetype="1" ModelId="6">94.88</value><value key="TrainAccuracy" datatype="5" valuetype="1" ModelId="7">95.14</value><value key="TrainAccuracy" datatype="5" valuetype="1" ModelId="8">95.4</value><value key="TrainAccuracy" datatype="5" valuetype="1" ModelId="9">95.65</value><value key="TrainAccuracy" datatype="5" valuetype="1" ModelId="10">95.91</value><value key="TrainAccuracy" datatype="5" valuetype="1" ModelId="11">96.68</value><value key="TrainAccuracy" datatype="5" valuetype="1" ModelId="12">96.93</value><value key="TrainAccuracy" datatype="5" valuetype="1" ModelId="13">97.44</value><value key="TrainAccuracy" datatype="5" valuetype="1" ModelId="14">97.7</value><value key="TrainAccuracy" datatype="5" valuetype="1" ModelId="15">97.95</value><value key="TrainAccuracy" datatype="5" valuetype="1" ModelId="16">98.21</value><value key="TrainAccuracy" datatype="5" valuetype="1" ModelId="17">98.47</value><value key="TrainAccuracy" datatype="5" valuetype="1" ModelId="18">98.98</value><value key="TestFitness" datatype="5" valuetype="1" ModelId="1">723.562152133581</value><value key="TestFitness" datatype="5" valuetype="1" ModelId="2">793.036750483559</value><value key="TestFitness" datatype="5" valuetype="1" ModelId="3">793.036750483559</value><value key="TestFitness" datatype="5" valuetype="1" ModelId="4">793.036750483559</value><value key="TestFitness" datatype="5" valuetype="1" ModelId="5">955.555555555556</value><value key="TestFitness" datatype="5" valuetype="1" ModelId="6">955.555555555556</value><value key="TestFitness" datatype="5" valuetype="1" ModelId="7">913.04347826087</value><value key="TestFitness" datatype="5" valuetype="1" ModelId="8">955.555555555556</value><value key="TestFitness" datatype="5" valuetype="1" ModelId="9">1000</value><value key="TestFitness" datatype="5" valuetype="1" ModelId="10">1000</value><value key="TestFitness" datatype="5" valuetype="1" ModelId="11">955.555555555556</value><value key="TestFitness" datatype="5" valuetype="1" ModelId="12">955.555555555556</value><value key="TestFitness" datatype="5" valuetype="1" ModelId="13">955.555555555556</value><value key="TestFitness" datatype="5" valuetype="1" ModelId="14">955.555555555556</value><value key="TestFitness" datatype="5" valuetype="1" ModelId="15">955.555555555556</value><value key="TestFitness" datatype="5" valuetype="1" ModelId="16">955.555555555556</value><value key="TestFitness" datatype="5" valuetype="1" ModelId="17">913.04347826087</value><value key="TestFitness" datatype="5" valuetype="1" ModelId="18">913.04347826087</value><value key="TestAccuracy" datatype="5" valuetype="1" ModelId="1">88.64</value><value key="TestAccuracy" datatype="5" valuetype="1" ModelId="2">93.18</value><value key="TestAccuracy" datatype="5" valuetype="1" ModelId="3">93.18</value><value key="TestAccuracy" datatype="5" valuetype="1" ModelId="4">93.18</value><value key="TestAccuracy" datatype="5" valuetype="1" ModelId="5">97.73</value><value key="TestAccuracy" datatype="5" valuetype="1" ModelId="6">97.73</value><value key="TestAccuracy" datatype="5" valuetype="1" ModelId="7">95.45</value><value key="TestAccuracy" datatype="5" valuetype="1" ModelId="8">97.73</value><value key="TestAccuracy" datatype="5" valuetype="1" ModelId="9">100</value><value key="TestAccuracy" datatype="5" valuetype="1" ModelId="10">100</value><value key="TestAccuracy" datatype="5" valuetype="1" ModelId="11">97.73</value><value key="TestAccuracy" datatype="5" valuetype="1" ModelId="12">97.73</value><value key="TestAccuracy" datatype="5" valuetype="1" ModelId="13">97.73</value><value key="TestAccuracy" datatype="5" valuetype="1" ModelId="14">97.73</value><value key="TestAccuracy" datatype="5" valuetype="1" ModelId="15">97.73</value><value key="TestAccuracy" datatype="5" valuetype="1" ModelId="16">97.73</value><value key="TestAccuracy" datatype="5" valuetype="1" ModelId="17">95.45</value><value key="TestAccuracy" datatype="5" valuetype="1" ModelId="18">95.45</value><value key="Size" datatype="3" valuetype="1" ModelId="1">18</value><value key="Size" datatype="3" valuetype="1" ModelId="2">18</value><value key="Size" datatype="3" valuetype="1" ModelId="3">15</value><value key="Size" datatype="3" valuetype="1" ModelId="4">16</value><value key="Size" datatype="3" valuetype="1" ModelId="5">15</value><value key="Size" datatype="3" valuetype="1" ModelId="6">13</value><value key="Size" datatype="3" valuetype="1" ModelId="7">14</value><value key="Size" datatype="3" valuetype="1" ModelId="8">13</value><value key="Size" datatype="3" valuetype="1" ModelId="9">14</value><value key="Size" datatype="3" valuetype="1" ModelId="10">13</value><value key="Size" datatype="3" valuetype="1" ModelId="11">15</value><value key="Size" datatype="3" valuetype="1" ModelId="12">15</value><value key="Size" datatype="3" valuetype="1" ModelId="13">15</value><value key="Size" datatype="3" valuetype="1" ModelId="14">15</value><value key="Size" datatype="3" valuetype="1" ModelId="15">15</value><value key="Size" datatype="3" valuetype="1" ModelId="16">17</value><value key="Size" datatype="3" valuetype="1" ModelId="17">18</value><value key="Size" datatype="3" valuetype="1" ModelId="18">17</value><value key="Generation" datatype="5" valuetype="1" ModelId="1">0</value><value key="Generation" datatype="5" valuetype="1" ModelId="2">1</value><value key="Generation" datatype="5" valuetype="1" ModelId="3">2</value><value key="Generation" datatype="5" valuetype="1" ModelId="4">7</value><value key="Generation" datatype="5" valuetype="1" ModelId="5">9</value><value key="Generation" datatype="5" valuetype="1" ModelId="6">16</value><value key="Generation" datatype="5" valuetype="1" ModelId="7">36</value><value key="Generation" datatype="5" valuetype="1" ModelId="8">38</value><value key="Generation" datatype="5" valuetype="1" ModelId="9">43</value><value key="Generation" datatype="5" valuetype="1" ModelId="10">48</value><value key="Generation" datatype="5" valuetype="1" ModelId="11">429</value><value key="Generation" datatype="5" valuetype="1" ModelId="12">435</value><value key="Generation" datatype="5" valuetype="1" ModelId="13">441</value><value key="Generation" datatype="5" valuetype="1" ModelId="14">519</value><value key="Generation" datatype="5" valuetype="1" ModelId="15">567</value><value key="Generation" datatype="5" valuetype="1" ModelId="16">2554</value><value key="Generation" datatype="5" valuetype="1" ModelId="17">17476</value><value key="Generation" datatype="5" valuetype="1" ModelId="18">18434</value><value key="RunIndex" datatype="5" valuetype="1" ModelId="1">1</value><value key="RunIndex" datatype="5" valuetype="1" ModelId="2">1</value><value key="RunIndex" datatype="5" valuetype="1" ModelId="3">1</value><value key="RunIndex" datatype="5" valuetype="1" ModelId="4">1</value><value key="RunIndex" datatype="5" valuetype="1" ModelId="5">1</value><value key="RunIndex" datatype="5" valuetype="1" ModelId="6">1</value><value key="RunIndex" datatype="5" valuetype="1" ModelId="7">1</value><value key="RunIndex" datatype="5" valuetype="1" ModelId="8">1</value><value key="RunIndex" datatype="5" valuetype="1" ModelId="9">1</value><value key="RunIndex" datatype="5" valuetype="1" ModelId="10">1</value><value key="RunIndex" datatype="5" valuetype="1" ModelId="11">1</value><value key="RunIndex" datatype="5" valuetype="1" ModelId="12">1</value><value key="RunIndex" datatype="5" valuetype="1" ModelId="13">1</value><value key="RunIndex" datatype="5" valuetype="1" ModelId="14">1</value><value key="RunIndex" datatype="5" valuetype="1" ModelId="15">1</value><value key="RunIndex" datatype="5" valuetype="1" ModelId="16">1</value><value key="RunIndex" datatype="5" valuetype="1" ModelId="17">1</value><value key="RunIndex" datatype="5" valuetype="1" ModelId="18">1</value><value key="Literals" datatype="3" valuetype="-1" ModelId="1">5</value><value key="Variables" datatype="8" valuetype="-1" ModelId="1">water-project-cost-sharing_y_min(1), el-salvador-aid_n_min(1), export-administration-act-south-africa_y_min(1), physician-fee-freeze_y_max(1), el-salvador-aid_n_max(1)</value><value key="Literals" datatype="3" valuetype="-1" ModelId="2">6</value><value key="Variables" datatype="8" valuetype="-1" ModelId="2">el-salvador-aid_n_min(1), duty-free-exports_u_min(1), export-administration-act-south-africa_y_min(1), handicapped-infants_n_max(1), physician-fee-freeze_y_max(1), el-salvador-aid_n_max(1)</value><value key="Literals" datatype="3" valuetype="-1" ModelId="3">6</value><value key="Variables" datatype="8" valuetype="-1" ModelId="3">physician-fee-freeze_n_min(1), duty-free-exports_u_min(1), duty-free-exports_y_min(1), export-administration-act-south-africa_y_min(1), water-project-cost-sharing_n_max(1), el-salvador-aid_u_max(1)</value><value key="Literals" datatype="3" valuetype="-1" ModelId="4">5</value><value key="Variables" datatype="8" valuetype="-1" ModelId="4">physician-fee-freeze_n_min(1), duty-free-exports_u_min(1), duty-free-exports_y_min(1), water-project-cost-sharing_n_max(1), religious-groups-in-schools_u_max(1)</value><value key="Literals" datatype="3" valuetype="-1" ModelId="5">6</value><value key="Variables" datatype="8" valuetype="-1" ModelId="5">physician-fee-freeze_n_min(1), mx-missile_u_min(1), duty-free-exports_y_min(1), water-project-cost-sharing_n_max(1), el-salvador-aid_u_max(1), crime_u_max(1)</value><value key="Literals" datatype="3" valuetype="-1" ModelId="6">4</value><value key="Variables" datatype="8" valuetype="-1" ModelId="6">physician-fee-freeze_n_min(1), duty-free-exports_y_min(1), water-project-cost-sharing_n_max(1), crime_u_max(1)</value><value key="Literals" datatype="3" valuetype="-1" ModelId="7">5</value><value key="Variables" datatype="8" valuetype="-1" ModelId="7">physician-fee-freeze_n_min(1), duty-free-exports_y_min(1), water-project-cost-sharing_n_max(1), physician-fee-freeze_y_max(1), anti-satellite-test-ban_n_max(1)</value><value key="Literals" datatype="3" valuetype="-1" ModelId="8">4</value><value key="Variables" datatype="8" valuetype="-1" ModelId="8">physician-fee-freeze_n_min(1), water-project-cost-sharing_n_max(1), physician-fee-freeze_y_max(1), anti-satellite-test-ban_n_max(1)</value><value key="Literals" datatype="3" valuetype="-1" ModelId="9">7</value><value key="Variables" datatype="8" valuetype="-1" ModelId="9">physician-fee-freeze_n_min(3), duty-free-exports_y_min(1), water-project-cost-sharing_n_max(1), physician-fee-freeze_y_max(1), crime_u_max(1)</value><value key="Literals" datatype="3" valuetype="-1" ModelId="10">5</value><value key="Variables" datatype="8" valuetype="-1" ModelId="10">physician-fee-freeze_n_min(1), duty-free-exports_y_min(1), water-project-cost-sharing_n_max(1), physician-fee-freeze_y_max(1), aid-to-nicaraguan-contras_u_max(1)</value><value key="Literals" datatype="3" valuetype="-1" ModelId="11">7</value><value key="Variables" datatype="8" valuetype="-1" ModelId="11">water-project-cost-sharing_y_min(1), adoption-of-the-budget-resolution_y_min(1), physician-fee-freeze_n_min(1), mx-missile_y_min(1), physician-fee-freeze_y_max(1), aid-to-nicaraguan-contras_u_max(1), synfuels-corporation-cutback_n_max(1)</value><value key="Literals" datatype="3" valuetype="-1" ModelId="12">7</value><value key="Variables" datatype="8" valuetype="-1" ModelId="12">water-project-cost-sharing_y_min(1), adoption-of-the-budget-resolution_y_min(1), physician-fee-freeze_n_min(1), mx-missile_y_min(1), physician-fee-freeze_y_max(1), aid-to-nicaraguan-contras_u_max(1), synfuels-corporation-cutback_n_max(1)</value><value key="Literals" datatype="3" valuetype="-1" ModelId="13">7</value><value key="Variables" datatype="8" valuetype="-1" ModelId="13">water-project-cost-sharing_y_min(1), adoption-of-the-budget-resolution_y_min(1), physician-fee-freeze_n_min(1), mx-missile_y_min(1), physician-fee-freeze_y_max(1), aid-to-nicaraguan-contras_u_max(1), synfuels-corporation-cutback_n_max(1)</value><value key="Literals" datatype="3" valuetype="-1" ModelId="14">9</value><value key="Variables" datatype="8" valuetype="-1" ModelId="14">water-project-cost-sharing_y_min(1), adoption-of-the-budget-resolution_y_min(1), physician-fee-freeze_n_min(1), mx-missile_y_min(1), physician-fee-freeze_y_max(2), aid-to-nicaraguan-contras_u_max(1), synfuels-corporation-cutback_n_max(2)</value><value key="Literals" datatype="3" valuetype="-1" ModelId="15">9</value><value key="Variables" datatype="8" valuetype="-1" ModelId="15">water-project-cost-sharing_y_min(1), adoption-of-the-budget-resolution_y_min(1), physician-fee-freeze_n_min(1), physician-fee-freeze_u_min(1), mx-missile_y_min(1), physician-fee-freeze_y_max(1), synfuels-corporation-cutback_n_max(2), synfuels-corporation-cutback_u_max(1)</value><value key="Literals" datatype="3" valuetype="-1" ModelId="16">10</value><value key="Variables" datatype="8" valuetype="-1" ModelId="16">adoption-of-the-budget-resolution_y_min(1), physician-fee-freeze_n_min(2), mx-missile_y_min(1), superfund-right-to-sue_n_min(1), water-project-cost-sharing_y_max(1), physician-fee-freeze_y_max(2), anti-satellite-test-ban_y_max(1), synfuels-corporation-cutback_n_max(1)</value><value key="Literals" datatype="3" valuetype="-1" ModelId="17">12</value><value key="Variables" datatype="8" valuetype="-1" ModelId="17">water-project-cost-sharing_n_min(1), adoption-of-the-budget-resolution_y_min(1), physician-fee-freeze_n_min(1), anti-satellite-test-ban_n_min(1), mx-missile_y_min(1), synfuels-corporation-cutback_y_min(2), superfund-right-to-sue_n_min(1), water-project-cost-sharing_y_max(1), physician-fee-freeze_y_max(1), synfuels-corporation-cutback_n_max(1), export-administration-act-south-africa_u_max(1)</value><value key="Literals" datatype="3" valuetype="-1" ModelId="18">11</value><value key="Variables" datatype="8" valuetype="-1" ModelId="18">water-project-cost-sharing_n_min(1), adoption-of-the-budget-resolution_y_min(1), physician-fee-freeze_n_min(1), anti-satellite-test-ban_n_min(1), mx-missile_y_min(1), synfuels-corporation-cutback_y_min(1), superfund-right-to-sue_n_min(1), water-project-cost-sharing_y_max(1), physician-fee-freeze_y_max(1), crime_n_max(1), export-administration-act-south-africa_u_max(1)</value><value key="VariableImportance" datatype="8" valuetype="-1" ModelId="18">water-project-cost-sharing_n_min(3.07941313764086E-02), adoption-of-the-budget-resolution_y_min(7.21748365393845E-02), physician-fee-freeze_n_min(0.429078544249829), anti-satellite-test-ban_n_min(2.10503012855306E-02), mx-missile_y_min(7.77208305979378E-02), synfuels-corporation-cutback_y_min(4.44758673801455E-02), superfund-right-to-sue_n_min(6.73385439461256E-02), water-project-cost-sharing_y_max(2.27235596198089E-02), physician-fee-freeze_y_max(0.200252700762165), crime_n_max(7.03702851111506E-03), export-administration-act-south-africa_u_max(0.02735365573155)</value></run></report>
