<log created='11/30/2019 13:58:43' name='vote_template_classification_000001'>
<item created='11/30/2019 13:58:43' severity='0'>Processing run 1...</item>
<item created='11/30/2019 13:58:43' severity='0'>Applied setting Genes (6)</item>
<item created='11/30/2019 13:58:43' severity='0'>Applied setting HeadSize (1)</item>
<item created='11/30/2019 13:58:43' severity='0'>Applied setting FitnessFunction (11)</item>
<item created='11/30/2019 13:58:43' severity='0'>Applied setting RoundingThreshold (0.5)</item>
<item created='11/30/2019 13:58:43' severity='0'>Changed function * to weight 2.</item>
<item created='11/30/2019 13:58:43' severity='0'>Loading data from file vote_TRAIN_fold_1.csv ...</item>
<item created='11/30/2019 13:58:44' severity='0'>Loading data from file vote_TEST_fold_1.csv ...</item>
<item created='11/30/2019 13:58:45' severity='0'>Loading run file... vote_1_6_1\vote_template_classification_000001.gep</item>
<item created='11/30/2019 13:58:45' severity='0'>Initializing run...</item>
<item created='11/30/2019 13:58:45' severity='0'>Training Set size: 391</item>
<item created='11/30/2019 13:58:45' severity='0'>Dataset loaded.</item>
<item created='11/30/2019 13:58:45' severity='0'>Starting...</item>
<item created='11/30/2019 13:58:45' severity='0'>Generation: 0 (544.17198522002, 82.86% (324))</item>
<item created='11/30/2019 13:58:47' severity='0'>Generation: 445 (950.124688279302, 97.44% (381))</item>
<item created='11/30/2019 13:58:49' severity='0'>Generation: 985 (959.899749373434, 97.95% (383))</item>
<item created='11/30/2019 13:58:51' severity='0'>Generation: 1471 (959.899749373434, 97.95% (383))</item>
<item created='11/30/2019 13:58:53' severity='0'>Generation: 2015 (959.899749373434, 97.95% (383))</item>
<item created='11/30/2019 13:58:55' severity='0'>Generation: 2541 (959.899749373434, 97.95% (383))</item>
<item created='11/30/2019 13:58:57' severity='0'>Generation: 3074 (964.824120603015, 98.21% (384))</item>
<item created='11/30/2019 13:58:59' severity='0'>Generation: 3579 (964.824120603015, 98.21% (384))</item>
<item created='11/30/2019 13:59:01' severity='0'>Generation: 4082 (964.824120603015, 98.21% (384))</item>
<item created='11/30/2019 13:59:03' severity='0'>Generation: 4622 (964.824120603015, 98.21% (384))</item>
<item created='11/30/2019 13:59:05' severity='0'>Generation: 5146 (964.824120603015, 98.21% (384))</item>
<item created='11/30/2019 13:59:07' severity='0'>Generation: 5672 (964.824120603015, 98.21% (384))</item>
<item created='11/30/2019 13:59:09' severity='0'>Generation: 6188 (964.824120603015, 98.21% (384))</item>
<item created='11/30/2019 13:59:11' severity='0'>Generation: 6718 (964.824120603015, 98.21% (384))</item>
<item created='11/30/2019 13:59:13' severity='0'>Generation: 7250 (964.824120603015, 98.21% (384))</item>
<item created='11/30/2019 13:59:15' severity='0'>Generation: 7763 (964.824120603015, 98.21% (384))</item>
<item created='11/30/2019 13:59:17' severity='0'>Generation: 8270 (964.824120603015, 98.21% (384))</item>
<item created='11/30/2019 13:59:19' severity='0'>Generation: 8741 (964.824120603015, 98.21% (384))</item>
<item created='11/30/2019 13:59:21' severity='0'>Generation: 9218 (964.824120603015, 98.21% (384))</item>
<item created='11/30/2019 13:59:23' severity='0'>Generation: 9700 (964.824120603015, 98.21% (384))</item>
<item created='11/30/2019 13:59:25' severity='0'>Generation: 10198 (964.824120603015, 98.21% (384))</item>
<item created='11/30/2019 13:59:27' severity='0'>Generation: 10678 (964.824120603015, 98.21% (384))</item>
<item created='11/30/2019 13:59:29' severity='0'>Generation: 11152 (964.824120603015, 98.21% (384))</item>
<item created='11/30/2019 13:59:31' severity='0'>Generation: 11642 (964.824120603015, 98.21% (384))</item>
<item created='11/30/2019 13:59:33' severity='0'>Generation: 12144 (964.824120603015, 98.21% (384))</item>
<item created='11/30/2019 13:59:35' severity='0'>Generation: 12668 (964.824120603015, 98.21% (384))</item>
<item created='11/30/2019 13:59:37' severity='0'>Generation: 13196 (964.824120603015, 98.21% (384))</item>
<item created='11/30/2019 13:59:39' severity='0'>Generation: 13712 (964.824120603015, 98.21% (384))</item>
<item created='11/30/2019 13:59:41' severity='0'>Generation: 14217 (964.824120603015, 98.21% (384))</item>
<item created='11/30/2019 13:59:43' severity='0'>Generation: 14760 (964.824120603015, 98.21% (384))</item>
<item created='11/30/2019 13:59:45' severity='0'>Generation: 15309 (964.824120603015, 98.21% (384))</item>
<item created='11/30/2019 13:59:47' severity='0'>Generation: 15859 (964.824120603015, 98.21% (384))</item>
<item created='11/30/2019 13:59:49' severity='0'>Generation: 16405 (964.824120603015, 98.21% (384))</item>
<item created='11/30/2019 13:59:51' severity='0'>Generation: 16975 (964.824120603015, 98.21% (384))</item>
<item created='11/30/2019 13:59:53' severity='0'>Generation: 17533 (969.773299748111, 98.47% (385))</item>
<item created='11/30/2019 13:59:55' severity='0'>Generation: 18078 (969.773299748111, 98.47% (385))</item>
<item created='11/30/2019 13:59:57' severity='0'>Generation: 18616 (979.746835443038, 98.98% (387))</item>
<item created='11/30/2019 13:59:59' severity='0'>Generation: 19143 (979.746835443038, 98.98% (387))</item>
<item created='11/30/2019 14:00:01' severity='0'>Generation: 19663 (979.746835443038, 98.98% (387))</item>
<item created='11/30/2019 14:00:02' severity='0'>Finished run.</item>
<item created='11/30/2019 14:00:02' severity='0'>Models created: 18</item>
<item created='11/30/2019 14:00:02' severity='0'>Models: 18</item>
<item created='11/30/2019 14:00:02' severity='0'>Last Model: 18</item>
<item created='11/30/2019 14:00:02' severity='0'>Generation: 18434</item>
<item created='11/30/2019 14:00:02' severity='0'>Training Fitness: 979.746835443038</item>
<item created='11/30/2019 14:00:02' severity='0'>Training Accuracy: 98.98%</item>
<item created='11/30/2019 14:00:02' severity='0'>Success</item>
<item created='11/30/2019 14:00:02' severity='0'>Loading run file... vote_1_6_1\vote_template_classification_000001.gep</item>
<item created='11/30/2019 14:00:02' severity='0'>Initializing tests for all models...</item>
<item created='11/30/2019 14:00:02' severity='0'>Testing model 1 on the Validation Set with 44 records..............</item>
<item created='11/30/2019 14:00:02' severity='0'>Testing model 2 on the Validation Set with 44 records..............</item>
<item created='11/30/2019 14:00:02' severity='0'>Testing model 3 on the Validation Set with 44 records..............</item>
<item created='11/30/2019 14:00:02' severity='0'>Testing model 4 on the Validation Set with 44 records..............</item>
<item created='11/30/2019 14:00:02' severity='0'>Testing model 5 on the Validation Set with 44 records..............</item>
<item created='11/30/2019 14:00:02' severity='0'>Testing model 6 on the Validation Set with 44 records..............</item>
<item created='11/30/2019 14:00:02' severity='0'>Testing model 7 on the Validation Set with 44 records..............</item>
<item created='11/30/2019 14:00:02' severity='0'>Testing model 8 on the Validation Set with 44 records..............</item>
<item created='11/30/2019 14:00:02' severity='0'>Testing model 9 on the Validation Set with 44 records..............</item>
<item created='11/30/2019 14:00:02' severity='0'>Testing model 10 on the Validation Set with 44 records..............</item>
<item created='11/30/2019 14:00:02' severity='0'>Testing model 11 on the Validation Set with 44 records..............</item>
<item created='11/30/2019 14:00:02' severity='0'>Testing model 12 on the Validation Set with 44 records..............</item>
<item created='11/30/2019 14:00:02' severity='0'>Testing model 13 on the Validation Set with 44 records..............</item>
<item created='11/30/2019 14:00:02' severity='0'>Testing model 14 on the Validation Set with 44 records..............</item>
<item created='11/30/2019 14:00:02' severity='0'>Testing model 15 on the Validation Set with 44 records..............</item>
<item created='11/30/2019 14:00:02' severity='0'>Testing model 16 on the Validation Set with 44 records..............</item>
<item created='11/30/2019 14:00:03' severity='0'>Testing model 17 on the Validation Set with 44 records..............</item>
<item created='11/30/2019 14:00:03' severity='0'>Testing model 18 on the Validation Set with 44 records..............</item>
<item created='11/30/2019 14:00:03' severity='0'>Success</item>
</log>
