<report id="0"><run id="1" name="vote_template_classification_000001.gep"><value key="HasTestingSet" datatype="3" valuetype="0">1</value><value key="TrainFitness" datatype="5" valuetype="1" ModelId="1">602.564102564103</value><value key="TrainFitness" datatype="5" valuetype="1" ModelId="2">912.19512195122</value><value key="TrainFitness" datatype="5" valuetype="1" ModelId="3">916.870415647922</value><value key="TrainFitness" datatype="5" valuetype="1" ModelId="4">921.56862745098</value><value key="TrainFitness" datatype="5" valuetype="1" ModelId="5">926.289926289926</value><value key="TrainFitness" datatype="5" valuetype="1" ModelId="6">935.802469135802</value><value key="TrainAccuracy" datatype="5" valuetype="1" ModelId="1">83.93</value><value key="TrainAccuracy" datatype="5" valuetype="1" ModelId="2">95.41</value><value key="TrainAccuracy" datatype="5" valuetype="1" ModelId="3">95.66</value><value key="TrainAccuracy" datatype="5" valuetype="1" ModelId="4">95.92</value><value key="TrainAccuracy" datatype="5" valuetype="1" ModelId="5">96.17</value><value key="TrainAccuracy" datatype="5" valuetype="1" ModelId="6">96.68</value><value key="TestFitness" datatype="5" valuetype="1" ModelId="1">686.456400742115</value><value key="TestFitness" datatype="5" valuetype="1" ModelId="2">954.545454545455</value><value key="TestFitness" datatype="5" valuetype="1" ModelId="3">911.111111111111</value><value key="TestFitness" datatype="5" valuetype="1" ModelId="4">1000</value><value key="TestFitness" datatype="5" valuetype="1" ModelId="5">790.513833992095</value><value key="TestFitness" datatype="5" valuetype="1" ModelId="6">911.111111111111</value><value key="TestAccuracy" datatype="5" valuetype="1" ModelId="1">86.05</value><value key="TestAccuracy" datatype="5" valuetype="1" ModelId="2">97.67</value><value key="TestAccuracy" datatype="5" valuetype="1" ModelId="3">95.35</value><value key="TestAccuracy" datatype="5" valuetype="1" ModelId="4">100</value><value key="TestAccuracy" datatype="5" valuetype="1" ModelId="5">93.02</value><value key="TestAccuracy" datatype="5" valuetype="1" ModelId="6">95.35</value><value key="Size" datatype="3" valuetype="1" ModelId="1">5</value><value key="Size" datatype="3" valuetype="1" ModelId="2">6</value><value key="Size" datatype="3" valuetype="1" ModelId="3">4</value><value key="Size" datatype="3" valuetype="1" ModelId="4">4</value><value key="Size" datatype="3" valuetype="1" ModelId="5">4</value><value key="Size" datatype="3" valuetype="1" ModelId="6">4</value><value key="Generation" datatype="5" valuetype="1" ModelId="1">0</value><value key="Generation" datatype="5" valuetype="1" ModelId="2">3</value><value key="Generation" datatype="5" valuetype="1" ModelId="3">3394</value><value key="Generation" datatype="5" valuetype="1" ModelId="4">3401</value><value key="Generation" datatype="5" valuetype="1" ModelId="5">3604</value><value key="Generation" datatype="5" valuetype="1" ModelId="6">5489</value><value key="RunIndex" datatype="5" valuetype="1" ModelId="1">1</value><value key="RunIndex" datatype="5" valuetype="1" ModelId="2">1</value><value key="RunIndex" datatype="5" valuetype="1" ModelId="3">1</value><value key="RunIndex" datatype="5" valuetype="1" ModelId="4">1</value><value key="RunIndex" datatype="5" valuetype="1" ModelId="5">1</value><value key="RunIndex" datatype="5" valuetype="1" ModelId="6">1</value><value key="Literals" datatype="3" valuetype="-1" ModelId="1">3</value><value key="Variables" datatype="8" valuetype="-1" ModelId="1">aid-to-nicaraguan-contras_n_min(1), anti-satellite-test-ban_u_max(1), education-spending_y_max(1)</value><value key="Literals" datatype="3" valuetype="-1" ModelId="2">1</value><value key="Variables" datatype="8" valuetype="-1" ModelId="2">physician-fee-freeze_y_max(1)</value><value key="Literals" datatype="3" valuetype="-1" ModelId="3">3</value><value key="Variables" datatype="8" valuetype="-1" ModelId="3">synfuels-corporation-cutback_y_min(1), physician-fee-freeze_y_max(1), duty-free-exports_y_max(1)</value><value key="Literals" datatype="3" valuetype="-1" ModelId="4">3</value><value key="Variables" datatype="8" valuetype="-1" ModelId="4">mx-missile_n_min(1), synfuels-corporation-cutback_y_min(1), physician-fee-freeze_y_max(1)</value><value key="Literals" datatype="3" valuetype="-1" ModelId="5">3</value><value key="Variables" datatype="8" valuetype="-1" ModelId="5">duty-free-exports_y_min(1), water-project-cost-sharing_y_max(1), physician-fee-freeze_y_max(1)</value><value key="Literals" datatype="3" valuetype="-1" ModelId="6">3</value><value key="Variables" datatype="8" valuetype="-1" ModelId="6">adoption-of-the-budget-resolution_n_min(1), physician-fee-freeze_y_max(1), export-administration-act-south-africa_y_max(1)</value><value key="VariableImportance" datatype="8" valuetype="-1" ModelId="6">adoption-of-the-budget-resolution_n_min(0.210609352105395), physician-fee-freeze_y_max(0.738600273566974), export-administration-act-south-africa_y_max(5.07903743276305E-02)</value></run></report>
