<summary><value key="AverageTrainFitness" datatype="5" valuetype="4">935.802469135802</value><value key="AverageTrainRSQuare" datatype="5" valuetype="4">0.64106948699186</value><value key="AverageTrainAccuracy" datatype="5" valuetype="4">96.68</value><value key="MaxTrainFitness" datatype="5" valuetype="4">1000</value><value key="MaxTestFitness" datatype="5" valuetype="4">1000</value><value key="TrainSuccessCount" datatype="3" valuetype="4">0</value><value key="TrainSuccessRate" datatype="5" valuetype="4">0</value><value key="BestTrainFitness" datatype="5" valuetype="4">935.802469135802</value><value key="BestTrainFitnessRun" datatype="3" valuetype="4">1</value><value key="BestTrainFitnessHistory" datatype="3" valuetype="4">1</value><value key="BestTrainFitnessModelId" datatype="3" valuetype="4">6</value><value key="BestTrainFitnessModelSize" datatype="3" valuetype="4">4</value><value key="BestTrainFitnessModelLiterals" datatype="3" valuetype="4">3</value><value key="BestTrainFitnessModelTerminals" datatype="8" valuetype="4">adoption-of-the-budget-resolution_n_min(1), physician-fee-freeze_y_max(1), export-administration-act-south-africa_y_max(1)</value><value key="BestTrainFitnessModelVariableImportance" datatype="8" valuetype="4">adoption-of-the-budget-resolution_n_min(0.22827367376309), physician-fee-freeze_y_max(0.752128738303882), export-administration-act-south-africa_y_max(1.95975879330282E-02)</value><value key="BestTrainAccuracy" datatype="5" valuetype="4">96.68</value><value key="BestTrainAccuracyRun" datatype="3" valuetype="4">1</value><value key="BestTrainAccuracyHistory" datatype="3" valuetype="4">1</value><value key="BestTrainAccuracyModelId" datatype="3" valuetype="4">6</value><value key="BestTrainAccuracyModelSize" datatype="3" valuetype="4">4</value><value key="BestTrainAccuracyModelLiterals" datatype="3" valuetype="4">3</value><value key="BestTrainAccuracyModelTerminals" datatype="8" valuetype="4">adoption-of-the-budget-resolution_n_min(1), physician-fee-freeze_y_max(1), export-administration-act-south-africa_y_max(1)</value><value key="BestTrainAccuracyModelVariableImportance" datatype="8" valuetype="4">adoption-of-the-budget-resolution_n_min(0.22827367376309), physician-fee-freeze_y_max(0.752128738303882), export-administration-act-south-africa_y_max(1.95975879330282E-02)</value><value key="BestTrainRSQuare" datatype="5" valuetype="4">0.64106948699186</value><value key="BestTrainRSQuareRun" datatype="3" valuetype="4">1</value><value key="BestTrainRSQuareHistory" datatype="3" valuetype="4">1</value><value key="BestTrainRSQuareModelId" datatype="3" valuetype="4">6</value><value key="BestTrainRSQuareModelSize" datatype="3" valuetype="4">4</value><value key="BestTrainRSQuareModelLiterals" datatype="3" valuetype="4">3</value><value key="BestTrainRSQuareModelTerminals" datatype="8" valuetype="4">adoption-of-the-budget-resolution_n_min(1), physician-fee-freeze_y_max(1), export-administration-act-south-africa_y_max(1)</value><value key="BestTrainRSQuareModelVariableImportance" datatype="8" valuetype="4">adoption-of-the-budget-resolution_n_min(0.22827367376309), physician-fee-freeze_y_max(0.752128738303882), export-administration-act-south-africa_y_max(1.95975879330282E-02)</value><value key="TestSuccessCount" datatype="3" valuetype="4">1</value><value key="TestSuccessRate" datatype="5" valuetype="4">100</value><value key="AverageTestFitness" datatype="5" valuetype="4">911.111111111111</value><value key="AverageTestRSQuare" datatype="5" valuetype="4">0.6514767337054</value><value key="AverageTestAccuracy" datatype="5" valuetype="4">95.35</value><value key="BestTestFitness" datatype="5" valuetype="4">1000</value><value key="BestTestFitnessRun" datatype="3" valuetype="4">1</value><value key="BestTestFitnessHistory" datatype="3" valuetype="4">1</value><value key="BestTestFitnessModelId" datatype="3" valuetype="4">4</value><value key="BestTestFitnessModelSize" datatype="3" valuetype="4">4</value><value key="BestTestFitnessModelLiterals" datatype="3" valuetype="4">3</value><value key="BestTestFitnessModelTerminals" datatype="8" valuetype="4">mx-missile_n_min(1), synfuels-corporation-cutback_y_min(1), physician-fee-freeze_y_max(1)</value><value key="BestTestFitnessModelVariableImportance" datatype="8" valuetype="4">mx-missile_n_min(2.41441796460471E-03), synfuels-corporation-cutback_y_min(2.18849671176248E-02), physician-fee-freeze_y_max(0.97570061491777)</value><value key="BestTestAccuracy" datatype="5" valuetype="4">100</value><value key="BestTestAccuracyRun" datatype="3" valuetype="4">1</value><value key="BestTestAccuracyHistory" datatype="3" valuetype="4">1</value><value key="BestTestAccuracyModelId" datatype="3" valuetype="4">4</value><value key="BestTestAccuracyModelSize" datatype="3" valuetype="4">4</value><value key="BestTestAccuracyModelLiterals" datatype="3" valuetype="4">3</value><value key="BestTestAccuracyModelTerminals" datatype="8" valuetype="4">mx-missile_n_min(1), synfuels-corporation-cutback_y_min(1), physician-fee-freeze_y_max(1)</value><value key="BestTestAccuracyModelVariableImportance" datatype="8" valuetype="4">mx-missile_n_min(2.41441796460471E-03), synfuels-corporation-cutback_y_min(2.18849671176248E-02), physician-fee-freeze_y_max(0.97570061491777)</value><value key="BestTestRSQuare" datatype="5" valuetype="4">0.771357674583481</value><value key="BestTestRSQuareRun" datatype="3" valuetype="4">1</value><value key="BestTestRSQuareHistory" datatype="3" valuetype="4">1</value><value key="BestTestRSQuareModelId" datatype="3" valuetype="4">4</value><value key="BestTestRSQuareModelSize" datatype="3" valuetype="4">4</value><value key="BestTestRSQuareModelLiterals" datatype="3" valuetype="4">3</value><value key="BestTestRSQuareModelTerminals" datatype="8" valuetype="4">mx-missile_n_min(1), synfuels-corporation-cutback_y_min(1), physician-fee-freeze_y_max(1)</value><value key="BestTestRSQuareModelVariableImportance" datatype="8" valuetype="4">mx-missile_n_min(2.41441796460471E-03), synfuels-corporation-cutback_y_min(2.18849671176248E-02), physician-fee-freeze_y_max(0.97570061491777)</value><value key="DefinitionFile" datatype="8" valuetype="4">../vote_1_2_8_jobdef.xml</value></summary>
