<log created='11/30/2019 13:28:42' name='vote_template_classification_000001'>
<item created='11/30/2019 13:28:42' severity='0'>Processing run 1...</item>
<item created='11/30/2019 13:28:42' severity='0'>Applied setting Genes (2)</item>
<item created='11/30/2019 13:28:42' severity='0'>Applied setting HeadSize (1)</item>
<item created='11/30/2019 13:28:42' severity='0'>Applied setting FitnessFunction (11)</item>
<item created='11/30/2019 13:28:42' severity='0'>Applied setting RoundingThreshold (0.5)</item>
<item created='11/30/2019 13:28:42' severity='0'>Changed function * to weight 2.</item>
<item created='11/30/2019 13:28:42' severity='0'>Loading data from file vote_TRAIN_fold_8.csv ...</item>
<item created='11/30/2019 13:28:43' severity='0'>Loading data from file vote_TEST_fold_8.csv ...</item>
<item created='11/30/2019 13:28:44' severity='0'>Loading run file... vote_1_2_8\vote_template_classification_000001.gep</item>
<item created='11/30/2019 13:28:44' severity='0'>Initializing run...</item>
<item created='11/30/2019 13:28:44' severity='0'>Training Set size: 392</item>
<item created='11/30/2019 13:28:44' severity='0'>Dataset loaded.</item>
<item created='11/30/2019 13:28:44' severity='0'>Starting...</item>
<item created='11/30/2019 13:28:44' severity='0'>Generation: 0 (602.564102564103, 83.93% (329))</item>
<item created='11/30/2019 13:28:46' severity='0'>Generation: 903 (912.19512195122, 95.41% (374))</item>
<item created='11/30/2019 13:28:48' severity='0'>Generation: 2433 (912.19512195122, 95.41% (374))</item>
<item created='11/30/2019 13:28:50' severity='0'>Generation: 3934 (926.289926289926, 96.17% (377))</item>
<item created='11/30/2019 13:28:52' severity='0'>Generation: 5385 (926.289926289926, 96.17% (377))</item>
<item created='11/30/2019 13:28:54' severity='0'>Generation: 6823 (935.802469135802, 96.68% (379))</item>
<item created='11/30/2019 13:28:56' severity='0'>Generation: 8280 (935.802469135802, 96.68% (379))</item>
<item created='11/30/2019 13:28:58' severity='0'>Generation: 9708 (935.802469135802, 96.68% (379))</item>
<item created='11/30/2019 13:29:00' severity='0'>Generation: 11152 (935.802469135802, 96.68% (379))</item>
<item created='11/30/2019 13:29:02' severity='0'>Generation: 12528 (935.802469135802, 96.68% (379))</item>
<item created='11/30/2019 13:29:04' severity='0'>Generation: 13991 (935.802469135802, 96.68% (379))</item>
<item created='11/30/2019 13:29:06' severity='0'>Generation: 15467 (935.802469135802, 96.68% (379))</item>
<item created='11/30/2019 13:29:08' severity='0'>Generation: 16923 (935.802469135802, 96.68% (379))</item>
<item created='11/30/2019 13:29:10' severity='0'>Generation: 18404 (935.802469135802, 96.68% (379))</item>
<item created='11/30/2019 13:29:12' severity='0'>Generation: 19839 (935.802469135802, 96.68% (379))</item>
<item created='11/30/2019 13:29:12' severity='0'>Finished run.</item>
<item created='11/30/2019 13:29:12' severity='0'>Models created: 6</item>
<item created='11/30/2019 13:29:12' severity='0'>Models: 6</item>
<item created='11/30/2019 13:29:12' severity='0'>Last Model: 6</item>
<item created='11/30/2019 13:29:12' severity='0'>Generation: 5489</item>
<item created='11/30/2019 13:29:12' severity='0'>Training Fitness: 935.802469135802</item>
<item created='11/30/2019 13:29:12' severity='0'>Training Accuracy: 96.68%</item>
<item created='11/30/2019 13:29:12' severity='0'>Success</item>
<item created='11/30/2019 13:29:12' severity='0'>Loading run file... vote_1_2_8\vote_template_classification_000001.gep</item>
<item created='11/30/2019 13:29:12' severity='0'>Initializing tests for all models...</item>
<item created='11/30/2019 13:29:12' severity='0'>Testing model 1 on the Validation Set with 43 records.............</item>
<item created='11/30/2019 13:29:12' severity='0'>Testing model 2 on the Validation Set with 43 records.............</item>
<item created='11/30/2019 13:29:12' severity='0'>Testing model 3 on the Validation Set with 43 records.............</item>
<item created='11/30/2019 13:29:12' severity='0'>Testing model 4 on the Validation Set with 43 records.............</item>
<item created='11/30/2019 13:29:12' severity='0'>Testing model 5 on the Validation Set with 43 records.............</item>
<item created='11/30/2019 13:29:12' severity='0'>Testing model 6 on the Validation Set with 43 records.............</item>
<item created='11/30/2019 13:29:12' severity='0'>Success</item>
</log>
