<log created='11/30/2019 13:55:16' name='vote_template_classification_000001'>
<item created='11/30/2019 13:55:16' severity='0'>Processing run 1...</item>
<item created='11/30/2019 13:55:16' severity='0'>Applied setting Genes (5)</item>
<item created='11/30/2019 13:55:16' severity='0'>Applied setting HeadSize (1)</item>
<item created='11/30/2019 13:55:16' severity='0'>Applied setting FitnessFunction (11)</item>
<item created='11/30/2019 13:55:16' severity='0'>Applied setting RoundingThreshold (0.5)</item>
<item created='11/30/2019 13:55:16' severity='0'>Changed function * to weight 2.</item>
<item created='11/30/2019 13:55:16' severity='0'>Loading data from file vote_TRAIN_fold_8.csv ...</item>
<item created='11/30/2019 13:55:18' severity='0'>Loading data from file vote_TEST_fold_8.csv ...</item>
<item created='11/30/2019 13:55:19' severity='0'>Loading run file... vote_1_5_8\vote_template_classification_000001.gep</item>
<item created='11/30/2019 13:55:19' severity='0'>Initializing run...</item>
<item created='11/30/2019 13:55:19' severity='0'>Training Set size: 392</item>
<item created='11/30/2019 13:55:19' severity='0'>Dataset loaded.</item>
<item created='11/30/2019 13:55:19' severity='0'>Starting...</item>
<item created='11/30/2019 13:55:19' severity='0'>Generation: 0 (618.518518518518, 85.20% (334))</item>
<item created='11/30/2019 13:55:21' severity='0'>Generation: 663 (926.289926289926, 96.17% (377))</item>
<item created='11/30/2019 13:55:23' severity='0'>Generation: 1292 (940.594059405941, 96.94% (380))</item>
<item created='11/30/2019 13:55:25' severity='0'>Generation: 1905 (945.409429280397, 97.19% (381))</item>
<item created='11/30/2019 13:55:27' severity='0'>Generation: 2537 (945.409429280397, 97.19% (381))</item>
<item created='11/30/2019 13:55:29' severity='0'>Generation: 3164 (945.409429280397, 97.19% (381))</item>
<item created='11/30/2019 13:55:31' severity='0'>Generation: 3795 (945.409429280397, 97.19% (381))</item>
<item created='11/30/2019 13:55:33' severity='0'>Generation: 4422 (945.409429280397, 97.19% (381))</item>
<item created='11/30/2019 13:55:35' severity='0'>Generation: 5089 (945.409429280397, 97.19% (381))</item>
<item created='11/30/2019 13:55:37' severity='0'>Generation: 5763 (945.409429280397, 97.19% (381))</item>
<item created='11/30/2019 13:55:39' severity='0'>Generation: 6424 (950.248756218905, 97.45% (382))</item>
<item created='11/30/2019 13:55:41' severity='0'>Generation: 7050 (950.248756218905, 97.45% (382))</item>
<item created='11/30/2019 13:55:43' severity='0'>Generation: 7654 (950.248756218905, 97.45% (382))</item>
<item created='11/30/2019 13:55:45' severity='0'>Generation: 8196 (950.248756218905, 97.45% (382))</item>
<item created='11/30/2019 13:55:47' severity='0'>Generation: 8815 (950.248756218905, 97.45% (382))</item>
<item created='11/30/2019 13:55:49' severity='0'>Generation: 9444 (950.248756218905, 97.45% (382))</item>
<item created='11/30/2019 13:55:51' severity='0'>Generation: 10068 (950.248756218905, 97.45% (382))</item>
<item created='11/30/2019 13:55:53' severity='0'>Generation: 10703 (950.248756218905, 97.45% (382))</item>
<item created='11/30/2019 13:55:55' severity='0'>Generation: 11330 (950.248756218905, 97.45% (382))</item>
<item created='11/30/2019 13:55:57' severity='0'>Generation: 11951 (950.248756218905, 97.45% (382))</item>
<item created='11/30/2019 13:55:59' severity='0'>Generation: 12549 (950.248756218905, 97.45% (382))</item>
<item created='11/30/2019 13:56:01' severity='0'>Generation: 13178 (950.248756218905, 97.45% (382))</item>
<item created='11/30/2019 13:56:03' severity='0'>Generation: 13845 (950.248756218905, 97.45% (382))</item>
<item created='11/30/2019 13:56:05' severity='0'>Generation: 14485 (950.248756218905, 97.45% (382))</item>
<item created='11/30/2019 13:56:07' severity='0'>Generation: 15138 (950.248756218905, 97.45% (382))</item>
<item created='11/30/2019 13:56:09' severity='0'>Generation: 15810 (950.248756218905, 97.45% (382))</item>
<item created='11/30/2019 13:56:11' severity='0'>Generation: 16461 (950.248756218905, 97.45% (382))</item>
<item created='11/30/2019 13:56:13' severity='0'>Generation: 17112 (950.248756218905, 97.45% (382))</item>
<item created='11/30/2019 13:56:15' severity='0'>Generation: 17780 (950.248756218905, 97.45% (382))</item>
<item created='11/30/2019 13:56:17' severity='0'>Generation: 18407 (950.248756218905, 97.45% (382))</item>
<item created='11/30/2019 13:56:19' severity='0'>Generation: 19101 (955.112219451372, 97.70% (383))</item>
<item created='11/30/2019 13:56:21' severity='0'>Generation: 19813 (964.912280701754, 98.21% (385))</item>
<item created='11/30/2019 13:56:21' severity='0'>Finished run.</item>
<item created='11/30/2019 13:56:21' severity='0'>Models created: 23</item>
<item created='11/30/2019 13:56:21' severity='0'>Models: 23</item>
<item created='11/30/2019 13:56:21' severity='0'>Last Model: 23</item>
<item created='11/30/2019 13:56:21' severity='0'>Generation: 19339</item>
<item created='11/30/2019 13:56:21' severity='0'>Training Fitness: 964.912280701754</item>
<item created='11/30/2019 13:56:21' severity='0'>Training Accuracy: 98.21%</item>
<item created='11/30/2019 13:56:21' severity='0'>Success</item>
<item created='11/30/2019 13:56:21' severity='0'>Loading run file... vote_1_5_8\vote_template_classification_000001.gep</item>
<item created='11/30/2019 13:56:22' severity='0'>Initializing tests for all models...</item>
<item created='11/30/2019 13:56:22' severity='0'>Testing model 1 on the Validation Set with 43 records.............</item>
<item created='11/30/2019 13:56:22' severity='0'>Testing model 2 on the Validation Set with 43 records.............</item>
<item created='11/30/2019 13:56:22' severity='0'>Testing model 3 on the Validation Set with 43 records.............</item>
<item created='11/30/2019 13:56:22' severity='0'>Testing model 4 on the Validation Set with 43 records.............</item>
<item created='11/30/2019 13:56:22' severity='0'>Testing model 5 on the Validation Set with 43 records.............</item>
<item created='11/30/2019 13:56:22' severity='0'>Testing model 6 on the Validation Set with 43 records.............</item>
<item created='11/30/2019 13:56:22' severity='0'>Testing model 7 on the Validation Set with 43 records.............</item>
<item created='11/30/2019 13:56:22' severity='0'>Testing model 8 on the Validation Set with 43 records.............</item>
<item created='11/30/2019 13:56:22' severity='0'>Testing model 9 on the Validation Set with 43 records.............</item>
<item created='11/30/2019 13:56:22' severity='0'>Testing model 10 on the Validation Set with 43 records.............</item>
<item created='11/30/2019 13:56:22' severity='0'>Testing model 11 on the Validation Set with 43 records.............</item>
<item created='11/30/2019 13:56:22' severity='0'>Testing model 12 on the Validation Set with 43 records.............</item>
<item created='11/30/2019 13:56:22' severity='0'>Testing model 13 on the Validation Set with 43 records.............</item>
<item created='11/30/2019 13:56:22' severity='0'>Testing model 14 on the Validation Set with 43 records.............</item>
<item created='11/30/2019 13:56:22' severity='0'>Testing model 15 on the Validation Set with 43 records.............</item>
<item created='11/30/2019 13:56:22' severity='0'>Testing model 16 on the Validation Set with 43 records.............</item>
<item created='11/30/2019 13:56:22' severity='0'>Testing model 17 on the Validation Set with 43 records.............</item>
<item created='11/30/2019 13:56:22' severity='0'>Testing model 18 on the Validation Set with 43 records.............</item>
<item created='11/30/2019 13:56:22' severity='0'>Testing model 19 on the Validation Set with 43 records.............</item>
<item created='11/30/2019 13:56:22' severity='0'>Testing model 20 on the Validation Set with 43 records.............</item>
<item created='11/30/2019 13:56:22' severity='0'>Testing model 21 on the Validation Set with 43 records.............</item>
<item created='11/30/2019 13:56:22' severity='0'>Testing model 22 on the Validation Set with 43 records.............</item>
<item created='11/30/2019 13:56:22' severity='0'>Testing model 23 on the Validation Set with 43 records.............</item>
<item created='11/30/2019 13:56:22' severity='0'>Success</item>
</log>
