<report id="0"><run id="1" name="vote_template_classification_000001.gep"><value key="HasTestingSet" datatype="3" valuetype="0">1</value><value key="TrainFitness" datatype="5" valuetype="1" ModelId="1">618.518518518518</value><value key="TrainFitness" datatype="5" valuetype="1" ModelId="2">707.070707070707</value><value key="TrainFitness" datatype="5" valuetype="1" ModelId="3">718.140307181403</value><value key="TrainFitness" datatype="5" valuetype="1" ModelId="4">736.930505983624</value><value key="TrainFitness" datatype="5" valuetype="1" ModelId="5">744.568656401603</value><value key="TrainFitness" datatype="5" valuetype="1" ModelId="6">748.414376321353</value><value key="TrainFitness" datatype="5" valuetype="1" ModelId="7">752.278025005298</value><value key="TrainFitness" datatype="5" valuetype="1" ModelId="8">787.878787878788</value><value key="TrainFitness" datatype="5" valuetype="1" ModelId="9">791.928834888262</value><value key="TrainFitness" datatype="5" valuetype="1" ModelId="10">893.719806763285</value><value key="TrainFitness" datatype="5" valuetype="1" ModelId="11">898.305084745763</value><value key="TrainFitness" datatype="5" valuetype="1" ModelId="12">902.912621359223</value><value key="TrainFitness" datatype="5" valuetype="1" ModelId="13">907.542579075426</value><value key="TrainFitness" datatype="5" valuetype="1" ModelId="14">916.870415647922</value><value key="TrainFitness" datatype="5" valuetype="1" ModelId="15">926.289926289926</value><value key="TrainFitness" datatype="5" valuetype="1" ModelId="16">931.034482758621</value><value key="TrainFitness" datatype="5" valuetype="1" ModelId="17">935.802469135802</value><value key="TrainFitness" datatype="5" valuetype="1" ModelId="18">940.594059405941</value><value key="TrainFitness" datatype="5" valuetype="1" ModelId="19">945.409429280397</value><value key="TrainFitness" datatype="5" valuetype="1" ModelId="20">950.248756218905</value><value key="TrainFitness" datatype="5" valuetype="1" ModelId="21">955.112219451372</value><value key="TrainFitness" datatype="5" valuetype="1" ModelId="22">960</value><value key="TrainFitness" datatype="5" valuetype="1" ModelId="23">964.912280701754</value><value key="TrainAccuracy" datatype="5" valuetype="1" ModelId="1">85.2</value><value key="TrainAccuracy" datatype="5" valuetype="1" ModelId="2">87.5</value><value key="TrainAccuracy" datatype="5" valuetype="1" ModelId="3">88.27</value><value key="TrainAccuracy" datatype="5" valuetype="1" ModelId="4">89.54</value><value key="TrainAccuracy" datatype="5" valuetype="1" ModelId="5">90.05</value><value key="TrainAccuracy" datatype="5" valuetype="1" ModelId="6">90.31</value><value key="TrainAccuracy" datatype="5" valuetype="1" ModelId="7">90.56</value><value key="TrainAccuracy" datatype="5" valuetype="1" ModelId="8">92.86</value><value key="TrainAccuracy" datatype="5" valuetype="1" ModelId="9">93.11</value><value key="TrainAccuracy" datatype="5" valuetype="1" ModelId="10">94.39</value><value key="TrainAccuracy" datatype="5" valuetype="1" ModelId="11">94.64</value><value key="TrainAccuracy" datatype="5" valuetype="1" ModelId="12">94.9</value><value key="TrainAccuracy" datatype="5" valuetype="1" ModelId="13">95.15</value><value key="TrainAccuracy" datatype="5" valuetype="1" ModelId="14">95.66</value><value key="TrainAccuracy" datatype="5" valuetype="1" ModelId="15">96.17</value><value key="TrainAccuracy" datatype="5" valuetype="1" ModelId="16">96.43</value><value key="TrainAccuracy" datatype="5" valuetype="1" ModelId="17">96.68</value><value key="TrainAccuracy" datatype="5" valuetype="1" ModelId="18">96.94</value><value key="TrainAccuracy" datatype="5" valuetype="1" ModelId="19">97.19</value><value key="TrainAccuracy" datatype="5" valuetype="1" ModelId="20">97.45</value><value key="TrainAccuracy" datatype="5" valuetype="1" ModelId="21">97.7</value><value key="TrainAccuracy" datatype="5" valuetype="1" ModelId="22">97.96</value><value key="TrainAccuracy" datatype="5" valuetype="1" ModelId="23">98.21</value><value key="TestFitness" datatype="5" valuetype="1" ModelId="1">608.974358974359</value><value key="TestFitness" datatype="5" valuetype="1" ModelId="2">502.958579881657</value><value key="TestFitness" datatype="5" valuetype="1" ModelId="3">502.958579881657</value><value key="TestFitness" datatype="5" valuetype="1" ModelId="4">608.974358974359</value><value key="TestFitness" datatype="5" valuetype="1" ModelId="5">580.847723704867</value><value key="TestFitness" datatype="5" valuetype="1" ModelId="6">435.897435897436</value><value key="TestFitness" datatype="5" valuetype="1" ModelId="7">435.897435897436</value><value key="TestFitness" datatype="5" valuetype="1" ModelId="8">608.974358974359</value><value key="TestFitness" datatype="5" valuetype="1" ModelId="9">608.974358974359</value><value key="TestFitness" datatype="5" valuetype="1" ModelId="10">954.545454545455</value><value key="TestFitness" datatype="5" valuetype="1" ModelId="11">954.545454545455</value><value key="TestFitness" datatype="5" valuetype="1" ModelId="12">954.545454545455</value><value key="TestFitness" datatype="5" valuetype="1" ModelId="13">691.489361702128</value><value key="TestFitness" datatype="5" valuetype="1" ModelId="14">954.545454545455</value><value key="TestFitness" datatype="5" valuetype="1" ModelId="15">790.513833992095</value><value key="TestFitness" datatype="5" valuetype="1" ModelId="16">954.545454545455</value><value key="TestFitness" datatype="5" valuetype="1" ModelId="17">911.111111111111</value><value key="TestFitness" datatype="5" valuetype="1" ModelId="18">911.111111111111</value><value key="TestFitness" datatype="5" valuetype="1" ModelId="19">911.111111111111</value><value key="TestFitness" datatype="5" valuetype="1" ModelId="20">911.111111111111</value><value key="TestFitness" datatype="5" valuetype="1" ModelId="21">553.846153846154</value><value key="TestFitness" datatype="5" valuetype="1" ModelId="22">790.513833992095</value><value key="TestFitness" datatype="5" valuetype="1" ModelId="23">724.63768115942</value><value key="TestAccuracy" datatype="5" valuetype="1" ModelId="1">88.37</value><value key="TestAccuracy" datatype="5" valuetype="1" ModelId="2">79.07</value><value key="TestAccuracy" datatype="5" valuetype="1" ModelId="3">79.07</value><value key="TestAccuracy" datatype="5" valuetype="1" ModelId="4">88.37</value><value key="TestAccuracy" datatype="5" valuetype="1" ModelId="5">86.05</value><value key="TestAccuracy" datatype="5" valuetype="1" ModelId="6">79.07</value><value key="TestAccuracy" datatype="5" valuetype="1" ModelId="7">79.07</value><value key="TestAccuracy" datatype="5" valuetype="1" ModelId="8">88.37</value><value key="TestAccuracy" datatype="5" valuetype="1" ModelId="9">88.37</value><value key="TestAccuracy" datatype="5" valuetype="1" ModelId="10">97.67</value><value key="TestAccuracy" datatype="5" valuetype="1" ModelId="11">97.67</value><value key="TestAccuracy" datatype="5" valuetype="1" ModelId="12">97.67</value><value key="TestAccuracy" datatype="5" valuetype="1" ModelId="13">90.7</value><value key="TestAccuracy" datatype="5" valuetype="1" ModelId="14">97.67</value><value key="TestAccuracy" datatype="5" valuetype="1" ModelId="15">93.02</value><value key="TestAccuracy" datatype="5" valuetype="1" ModelId="16">97.67</value><value key="TestAccuracy" datatype="5" valuetype="1" ModelId="17">95.35</value><value key="TestAccuracy" datatype="5" valuetype="1" ModelId="18">95.35</value><value key="TestAccuracy" datatype="5" valuetype="1" ModelId="19">95.35</value><value key="TestAccuracy" datatype="5" valuetype="1" ModelId="20">95.35</value><value key="TestAccuracy" datatype="5" valuetype="1" ModelId="21">83.72</value><value key="TestAccuracy" datatype="5" valuetype="1" ModelId="22">93.02</value><value key="TestAccuracy" datatype="5" valuetype="1" ModelId="23">93.02</value><value key="Size" datatype="3" valuetype="1" ModelId="1">13</value><value key="Size" datatype="3" valuetype="1" ModelId="2">9</value><value key="Size" datatype="3" valuetype="1" ModelId="3">9</value><value key="Size" datatype="3" valuetype="1" ModelId="4">8</value><value key="Size" datatype="3" valuetype="1" ModelId="5">10</value><value key="Size" datatype="3" valuetype="1" ModelId="6">10</value><value key="Size" datatype="3" valuetype="1" ModelId="7">12</value><value key="Size" datatype="3" valuetype="1" ModelId="8">12</value><value key="Size" datatype="3" valuetype="1" ModelId="9">12</value><value key="Size" datatype="3" valuetype="1" ModelId="10">12</value><value key="Size" datatype="3" valuetype="1" ModelId="11">12</value><value key="Size" datatype="3" valuetype="1" ModelId="12">9</value><value key="Size" datatype="3" valuetype="1" ModelId="13">9</value><value key="Size" datatype="3" valuetype="1" ModelId="14">9</value><value key="Size" datatype="3" valuetype="1" ModelId="15">10</value><value key="Size" datatype="3" valuetype="1" ModelId="16">10</value><value key="Size" datatype="3" valuetype="1" ModelId="17">13</value><value key="Size" datatype="3" valuetype="1" ModelId="18">13</value><value key="Size" datatype="3" valuetype="1" ModelId="19">13</value><value key="Size" datatype="3" valuetype="1" ModelId="20">13</value><value key="Size" datatype="3" valuetype="1" ModelId="21">11</value><value key="Size" datatype="3" valuetype="1" ModelId="22">11</value><value key="Size" datatype="3" valuetype="1" ModelId="23">11</value><value key="Generation" datatype="5" valuetype="1" ModelId="1">0</value><value key="Generation" datatype="5" valuetype="1" ModelId="2">2</value><value key="Generation" datatype="5" valuetype="1" ModelId="3">7</value><value key="Generation" datatype="5" valuetype="1" ModelId="4">9</value><value key="Generation" datatype="5" valuetype="1" ModelId="5">16</value><value key="Generation" datatype="5" valuetype="1" ModelId="6">28</value><value key="Generation" datatype="5" valuetype="1" ModelId="7">62</value><value key="Generation" datatype="5" valuetype="1" ModelId="8">95</value><value key="Generation" datatype="5" valuetype="1" ModelId="9">99</value><value key="Generation" datatype="5" valuetype="1" ModelId="10">100</value><value key="Generation" datatype="5" valuetype="1" ModelId="11">107</value><value key="Generation" datatype="5" valuetype="1" ModelId="12">126</value><value key="Generation" datatype="5" valuetype="1" ModelId="13">132</value><value key="Generation" datatype="5" valuetype="1" ModelId="14">148</value><value key="Generation" datatype="5" valuetype="1" ModelId="15">167</value><value key="Generation" datatype="5" valuetype="1" ModelId="16">765</value><value key="Generation" datatype="5" valuetype="1" ModelId="17">796</value><value key="Generation" datatype="5" valuetype="1" ModelId="18">1154</value><value key="Generation" datatype="5" valuetype="1" ModelId="19">1299</value><value key="Generation" datatype="5" valuetype="1" ModelId="20">6275</value><value key="Generation" datatype="5" valuetype="1" ModelId="21">19018</value><value key="Generation" datatype="5" valuetype="1" ModelId="22">19263</value><value key="Generation" datatype="5" valuetype="1" ModelId="23">19339</value><value key="RunIndex" datatype="5" valuetype="1" ModelId="1">1</value><value key="RunIndex" datatype="5" valuetype="1" ModelId="2">1</value><value key="RunIndex" datatype="5" valuetype="1" ModelId="3">1</value><value key="RunIndex" datatype="5" valuetype="1" ModelId="4">1</value><value key="RunIndex" datatype="5" valuetype="1" ModelId="5">1</value><value key="RunIndex" datatype="5" valuetype="1" ModelId="6">1</value><value key="RunIndex" datatype="5" valuetype="1" ModelId="7">1</value><value key="RunIndex" datatype="5" valuetype="1" ModelId="8">1</value><value key="RunIndex" datatype="5" valuetype="1" ModelId="9">1</value><value key="RunIndex" datatype="5" valuetype="1" ModelId="10">1</value><value key="RunIndex" datatype="5" valuetype="1" ModelId="11">1</value><value key="RunIndex" datatype="5" valuetype="1" ModelId="12">1</value><value key="RunIndex" datatype="5" valuetype="1" ModelId="13">1</value><value key="RunIndex" datatype="5" valuetype="1" ModelId="14">1</value><value key="RunIndex" datatype="5" valuetype="1" ModelId="15">1</value><value key="RunIndex" datatype="5" valuetype="1" ModelId="16">1</value><value key="RunIndex" datatype="5" valuetype="1" ModelId="17">1</value><value key="RunIndex" datatype="5" valuetype="1" ModelId="18">1</value><value key="RunIndex" datatype="5" valuetype="1" ModelId="19">1</value><value key="RunIndex" datatype="5" valuetype="1" ModelId="20">1</value><value key="RunIndex" datatype="5" valuetype="1" ModelId="21">1</value><value key="RunIndex" datatype="5" valuetype="1" ModelId="22">1</value><value key="RunIndex" datatype="5" valuetype="1" ModelId="23">1</value><value key="Literals" datatype="3" valuetype="-1" ModelId="1">5</value><value key="Variables" datatype="8" valuetype="-1" ModelId="1">adoption-of-the-budget-resolution_y_min(1), synfuels-corporation-cutback_n_min(1), mx-missile_n_max(1), education-spending_n_max(1), export-administration-act-south-africa_u_max(1)</value><value key="Literals" datatype="3" valuetype="-1" ModelId="2">3</value><value key="Variables" datatype="8" valuetype="-1" ModelId="2">adoption-of-the-budget-resolution_n_min(1), adoption-of-the-budget-resolution_y_min(1), immigration_n_min(1)</value><value key="Literals" datatype="3" valuetype="-1" ModelId="3">3</value><value key="Variables" datatype="8" valuetype="-1" ModelId="3">adoption-of-the-budget-resolution_n_min(1), adoption-of-the-budget-resolution_y_min(1), immigration_n_min(1)</value><value key="Literals" datatype="3" valuetype="-1" ModelId="4">4</value><value key="Variables" datatype="8" valuetype="-1" ModelId="4">adoption-of-the-budget-resolution_n_min(1), adoption-of-the-budget-resolution_y_min(2), el-salvador-aid_y_max(1)</value><value key="Literals" datatype="3" valuetype="-1" ModelId="5">6</value><value key="Variables" datatype="8" valuetype="-1" ModelId="5">adoption-of-the-budget-resolution_n_min(1), adoption-of-the-budget-resolution_y_min(2), religious-groups-in-schools_y_min(1), duty-free-exports_y_min(1), el-salvador-aid_y_max(1)</value><value key="Literals" datatype="3" valuetype="-1" ModelId="6">6</value><value key="Variables" datatype="8" valuetype="-1" ModelId="6">adoption-of-the-budget-resolution_n_min(1), adoption-of-the-budget-resolution_y_min(1), religious-groups-in-schools_y_min(1), duty-free-exports_y_min(1), el-salvador-aid_y_max(1), religious-groups-in-schools_n_max(1)</value><value key="Literals" datatype="3" valuetype="-1" ModelId="7">5</value><value key="Variables" datatype="8" valuetype="-1" ModelId="7">adoption-of-the-budget-resolution_n_min(1), adoption-of-the-budget-resolution_y_min(1), religious-groups-in-schools_y_min(1), duty-free-exports_y_min(1), el-salvador-aid_y_max(1)</value><value key="Literals" datatype="3" valuetype="-1" ModelId="8">4</value><value key="Variables" datatype="8" valuetype="-1" ModelId="8">adoption-of-the-budget-resolution_y_min(1), physician-fee-freeze_n_min(1), religious-groups-in-schools_y_min(1), el-salvador-aid_y_max(1)</value><value key="Literals" datatype="3" valuetype="-1" ModelId="9">5</value><value key="Variables" datatype="8" valuetype="-1" ModelId="9">adoption-of-the-budget-resolution_y_min(1), physician-fee-freeze_n_min(2), religious-groups-in-schools_y_min(1), el-salvador-aid_y_max(1)</value><value key="Literals" datatype="3" valuetype="-1" ModelId="10">5</value><value key="Variables" datatype="8" valuetype="-1" ModelId="10">physician-fee-freeze_n_min(3), religious-groups-in-schools_y_min(1), el-salvador-aid_y_max(1)</value><value key="Literals" datatype="3" valuetype="-1" ModelId="11">5</value><value key="Variables" datatype="8" valuetype="-1" ModelId="11">handicapped-infants_u_min(1), physician-fee-freeze_n_min(2), religious-groups-in-schools_y_min(1), el-salvador-aid_y_max(1)</value><value key="Literals" datatype="3" valuetype="-1" ModelId="12">4</value><value key="Variables" datatype="8" valuetype="-1" ModelId="12">adoption-of-the-budget-resolution_y_min(1), physician-fee-freeze_n_min(1), el-salvador-aid_y_max(1), synfuels-corporation-cutback_n_max(1)</value><value key="Literals" datatype="3" valuetype="-1" ModelId="13">5</value><value key="Variables" datatype="8" valuetype="-1" ModelId="13">adoption-of-the-budget-resolution_y_min(1), physician-fee-freeze_n_min(2), duty-free-exports_y_min(1), synfuels-corporation-cutback_n_max(1)</value><value key="Literals" datatype="3" valuetype="-1" ModelId="14">5</value><value key="Variables" datatype="8" valuetype="-1" ModelId="14">adoption-of-the-budget-resolution_y_min(1), physician-fee-freeze_n_min(2), crime_n_min(1), synfuels-corporation-cutback_n_max(1)</value><value key="Literals" datatype="3" valuetype="-1" ModelId="15">6</value><value key="Variables" datatype="8" valuetype="-1" ModelId="15">adoption-of-the-budget-resolution_y_min(1), physician-fee-freeze_n_min(2), immigration_n_min(1), duty-free-exports_y_min(1), synfuels-corporation-cutback_n_max(1)</value><value key="Literals" datatype="3" valuetype="-1" ModelId="16">7</value><value key="Variables" datatype="8" valuetype="-1" ModelId="16">adoption-of-the-budget-resolution_y_min(1), physician-fee-freeze_n_min(2), physician-fee-freeze_y_max(1), religious-groups-in-schools_n_max(1), synfuels-corporation-cutback_n_max(1), export-administration-act-south-africa_y_max(1)</value><value key="Literals" datatype="3" valuetype="-1" ModelId="17">6</value><value key="Variables" datatype="8" valuetype="-1" ModelId="17">adoption-of-the-budget-resolution_y_min(1), physician-fee-freeze_n_min(2), physician-fee-freeze_y_max(2), export-administration-act-south-africa_y_max(1)</value><value key="Literals" datatype="3" valuetype="-1" ModelId="18">6</value><value key="Variables" datatype="8" valuetype="-1" ModelId="18">adoption-of-the-budget-resolution_y_min(1), physician-fee-freeze_n_min(1), immigration_u_min(1), handicapped-infants_y_max(1), physician-fee-freeze_y_max(1), export-administration-act-south-africa_y_max(1)</value><value key="Literals" datatype="3" valuetype="-1" ModelId="19">7</value><value key="Variables" datatype="8" valuetype="-1" ModelId="19">adoption-of-the-budget-resolution_y_min(1), physician-fee-freeze_n_min(1), immigration_u_min(1), crime_n_min(1), handicapped-infants_y_max(1), physician-fee-freeze_y_max(1), export-administration-act-south-africa_y_max(1)</value><value key="Literals" datatype="3" valuetype="-1" ModelId="20">7</value><value key="Variables" datatype="8" valuetype="-1" ModelId="20">adoption-of-the-budget-resolution_y_min(1), physician-fee-freeze_n_min(1), crime_n_min(1), handicapped-infants_y_max(1), physician-fee-freeze_y_max(1), mx-missile_u_max(1), export-administration-act-south-africa_y_max(1)</value><value key="Literals" datatype="3" valuetype="-1" ModelId="21">8</value><value key="Variables" datatype="8" valuetype="-1" ModelId="21">adoption-of-the-budget-resolution_y_min(1), synfuels-corporation-cutback_y_min(1), handicapped-infants_y_max(1), physician-fee-freeze_y_max(1), aid-to-nicaraguan-contras_u_max(1), mx-missile_u_max(1), immigration_y_max(1), export-administration-act-south-africa_y_max(1)</value><value key="Literals" datatype="3" valuetype="-1" ModelId="22">8</value><value key="Variables" datatype="8" valuetype="-1" ModelId="22">adoption-of-the-budget-resolution_y_min(1), mx-missile_y_min(1), synfuels-corporation-cutback_y_min(1), physician-fee-freeze_y_max(1), aid-to-nicaraguan-contras_u_max(2), immigration_y_max(1), export-administration-act-south-africa_y_max(1)</value><value key="Literals" datatype="3" valuetype="-1" ModelId="23">8</value><value key="Variables" datatype="8" valuetype="-1" ModelId="23">adoption-of-the-budget-resolution_y_min(1), mx-missile_y_min(2), synfuels-corporation-cutback_y_min(1), physician-fee-freeze_y_max(1), aid-to-nicaraguan-contras_u_max(1), immigration_y_max(1), export-administration-act-south-africa_y_max(1)</value><value key="VariableImportance" datatype="8" valuetype="-1" ModelId="23">adoption-of-the-budget-resolution_y_min(0.185337124791836), mx-missile_y_min(0.114608759989576), synfuels-corporation-cutback_y_min(0.102877925998198), physician-fee-freeze_y_max(0.538616963107881), aid-to-nicaraguan-contras_u_max(5.10209665483782E-03), immigration_y_max(1.45950829142019E-02), export-administration-act-south-africa_y_max(3.88620465434694E-02)</value></run></report>
