<summary><value key="AverageTrainFitness" datatype="5" valuetype="4">964.912280701754</value><value key="AverageTrainRSQuare" datatype="5" valuetype="4">0.809527940039658</value><value key="AverageTrainAccuracy" datatype="5" valuetype="4">98.21</value><value key="MaxTrainFitness" datatype="5" valuetype="4">1000</value><value key="MaxTestFitness" datatype="5" valuetype="4">1000</value><value key="TrainSuccessCount" datatype="3" valuetype="4">0</value><value key="TrainSuccessRate" datatype="5" valuetype="4">0</value><value key="BestTrainFitness" datatype="5" valuetype="4">964.912280701754</value><value key="BestTrainFitnessRun" datatype="3" valuetype="4">1</value><value key="BestTrainFitnessHistory" datatype="3" valuetype="4">1</value><value key="BestTrainFitnessModelId" datatype="3" valuetype="4">23</value><value key="BestTrainFitnessModelSize" datatype="3" valuetype="4">11</value><value key="BestTrainFitnessModelLiterals" datatype="3" valuetype="4">8</value><value key="BestTrainFitnessModelTerminals" datatype="8" valuetype="4">adoption-of-the-budget-resolution_y_min(1), mx-missile_y_min(2), synfuels-corporation-cutback_y_min(1), physician-fee-freeze_y_max(1), aid-to-nicaraguan-contras_u_max(1), immigration_y_max(1), export-administration-act-south-africa_y_max(1)</value><value key="BestTrainFitnessModelVariableImportance" datatype="8" valuetype="4">adoption-of-the-budget-resolution_y_min(0.16609220726689), mx-missile_y_min(0.109510415820883), synfuels-corporation-cutback_y_min(0.130034386919081), physician-fee-freeze_y_max(0.534018597668394), aid-to-nicaraguan-contras_u_max(3.93596577680981E-03), immigration_y_max(2.64611916093017E-02), export-administration-act-south-africa_y_max(2.99472349386408E-02)</value><value key="BestTrainAccuracy" datatype="5" valuetype="4">98.21</value><value key="BestTrainAccuracyRun" datatype="3" valuetype="4">1</value><value key="BestTrainAccuracyHistory" datatype="3" valuetype="4">1</value><value key="BestTrainAccuracyModelId" datatype="3" valuetype="4">23</value><value key="BestTrainAccuracyModelSize" datatype="3" valuetype="4">11</value><value key="BestTrainAccuracyModelLiterals" datatype="3" valuetype="4">8</value><value key="BestTrainAccuracyModelTerminals" datatype="8" valuetype="4">adoption-of-the-budget-resolution_y_min(1), mx-missile_y_min(2), synfuels-corporation-cutback_y_min(1), physician-fee-freeze_y_max(1), aid-to-nicaraguan-contras_u_max(1), immigration_y_max(1), export-administration-act-south-africa_y_max(1)</value><value key="BestTrainAccuracyModelVariableImportance" datatype="8" valuetype="4">adoption-of-the-budget-resolution_y_min(0.16609220726689), mx-missile_y_min(0.109510415820883), synfuels-corporation-cutback_y_min(0.130034386919081), physician-fee-freeze_y_max(0.534018597668394), aid-to-nicaraguan-contras_u_max(3.93596577680981E-03), immigration_y_max(2.64611916093017E-02), export-administration-act-south-africa_y_max(2.99472349386408E-02)</value><value key="BestTrainRSQuare" datatype="5" valuetype="4">0.809527940039658</value><value key="BestTrainRSQuareRun" datatype="3" valuetype="4">1</value><value key="BestTrainRSQuareHistory" datatype="3" valuetype="4">1</value><value key="BestTrainRSQuareModelId" datatype="3" valuetype="4">23</value><value key="BestTrainRSQuareModelSize" datatype="3" valuetype="4">11</value><value key="BestTrainRSQuareModelLiterals" datatype="3" valuetype="4">8</value><value key="BestTrainRSQuareModelTerminals" datatype="8" valuetype="4">adoption-of-the-budget-resolution_y_min(1), mx-missile_y_min(2), synfuels-corporation-cutback_y_min(1), physician-fee-freeze_y_max(1), aid-to-nicaraguan-contras_u_max(1), immigration_y_max(1), export-administration-act-south-africa_y_max(1)</value><value key="BestTrainRSQuareModelVariableImportance" datatype="8" valuetype="4">adoption-of-the-budget-resolution_y_min(0.16609220726689), mx-missile_y_min(0.109510415820883), synfuels-corporation-cutback_y_min(0.130034386919081), physician-fee-freeze_y_max(0.534018597668394), aid-to-nicaraguan-contras_u_max(3.93596577680981E-03), immigration_y_max(2.64611916093017E-02), export-administration-act-south-africa_y_max(2.99472349386408E-02)</value><value key="TestSuccessCount" datatype="3" valuetype="4">0</value><value key="TestSuccessRate" datatype="5" valuetype="4">0</value><value key="AverageTestFitness" datatype="5" valuetype="4">724.63768115942</value><value key="AverageTestRSQuare" datatype="5" valuetype="4">0.754109515435475</value><value key="AverageTestAccuracy" datatype="5" valuetype="4">93.02</value><value key="BestTestFitness" datatype="5" valuetype="4">954.545454545455</value><value key="BestTestFitnessRun" datatype="3" valuetype="4">1</value><value key="BestTestFitnessHistory" datatype="3" valuetype="4">1</value><value key="BestTestFitnessModelId" datatype="3" valuetype="4">16</value><value key="BestTestFitnessModelSize" datatype="3" valuetype="4">10</value><value key="BestTestFitnessModelLiterals" datatype="3" valuetype="4">7</value><value key="BestTestFitnessModelTerminals" datatype="8" valuetype="4">adoption-of-the-budget-resolution_y_min(1), physician-fee-freeze_n_min(2), physician-fee-freeze_y_max(1), religious-groups-in-schools_n_max(1), synfuels-corporation-cutback_n_max(1), export-administration-act-south-africa_y_max(1)</value><value key="BestTestFitnessModelVariableImportance" datatype="8" valuetype="4">adoption-of-the-budget-resolution_y_min(0.123282001347952), physician-fee-freeze_n_min(0.324891143632707), physician-fee-freeze_y_max(0.458982982893225), religious-groups-in-schools_n_max(7.07417592264405E-03), synfuels-corporation-cutback_n_max(5.26451053089136E-02), export-administration-act-south-africa_y_max(3.31245908945589E-02)</value><value key="BestTestAccuracy" datatype="5" valuetype="4">97.67</value><value key="BestTestAccuracyRun" datatype="3" valuetype="4">1</value><value key="BestTestAccuracyHistory" datatype="3" valuetype="4">1</value><value key="BestTestAccuracyModelId" datatype="3" valuetype="4">16</value><value key="BestTestAccuracyModelSize" datatype="3" valuetype="4">10</value><value key="BestTestAccuracyModelLiterals" datatype="3" valuetype="4">7</value><value key="BestTestAccuracyModelTerminals" datatype="8" valuetype="4">adoption-of-the-budget-resolution_y_min(1), physician-fee-freeze_n_min(2), physician-fee-freeze_y_max(1), religious-groups-in-schools_n_max(1), synfuels-corporation-cutback_n_max(1), export-administration-act-south-africa_y_max(1)</value><value key="BestTestAccuracyModelVariableImportance" datatype="8" valuetype="4">adoption-of-the-budget-resolution_y_min(0.123282001347952), physician-fee-freeze_n_min(0.324891143632707), physician-fee-freeze_y_max(0.458982982893225), religious-groups-in-schools_n_max(7.07417592264405E-03), synfuels-corporation-cutback_n_max(5.26451053089136E-02), export-administration-act-south-africa_y_max(3.31245908945589E-02)</value><value key="BestTestRSQuare" datatype="5" valuetype="4">0.775792450061667</value><value key="BestTestRSQuareRun" datatype="3" valuetype="4">1</value><value key="BestTestRSQuareHistory" datatype="3" valuetype="4">1</value><value key="BestTestRSQuareModelId" datatype="3" valuetype="4">16</value><value key="BestTestRSQuareModelSize" datatype="3" valuetype="4">10</value><value key="BestTestRSQuareModelLiterals" datatype="3" valuetype="4">7</value><value key="BestTestRSQuareModelTerminals" datatype="8" valuetype="4">adoption-of-the-budget-resolution_y_min(1), physician-fee-freeze_n_min(2), physician-fee-freeze_y_max(1), religious-groups-in-schools_n_max(1), synfuels-corporation-cutback_n_max(1), export-administration-act-south-africa_y_max(1)</value><value key="BestTestRSQuareModelVariableImportance" datatype="8" valuetype="4">adoption-of-the-budget-resolution_y_min(0.123282001347952), physician-fee-freeze_n_min(0.324891143632707), physician-fee-freeze_y_max(0.458982982893225), religious-groups-in-schools_n_max(7.07417592264405E-03), synfuels-corporation-cutback_n_max(5.26451053089136E-02), export-administration-act-south-africa_y_max(3.31245908945589E-02)</value><value key="DefinitionFile" datatype="8" valuetype="4">../vote_1_5_8_jobdef.xml</value></summary>
