<report id="0"><run id="1" name="vote_template_classification_000001.gep"><value key="HasTestingSet" datatype="3" valuetype="0">1</value><value key="TrainFitness" datatype="5" valuetype="1" ModelId="1">549.932523616734</value><value key="TrainFitness" datatype="5" valuetype="1" ModelId="2">589.519650655022</value><value key="TrainFitness" datatype="5" valuetype="1" ModelId="3">598.901098901099</value><value key="TrainFitness" datatype="5" valuetype="1" ModelId="4">605.224429727741</value><value key="TrainFitness" datatype="5" valuetype="1" ModelId="5">692.818110850898</value><value key="TrainFitness" datatype="5" valuetype="1" ModelId="6">911.980440097799</value><value key="TrainAccuracy" datatype="5" valuetype="1" ModelId="1">83.38</value><value key="TrainAccuracy" datatype="5" valuetype="1" ModelId="2">82.86</value><value key="TrainAccuracy" datatype="5" valuetype="1" ModelId="3">83.63</value><value key="TrainAccuracy" datatype="5" valuetype="1" ModelId="4">84.14</value><value key="TrainAccuracy" datatype="5" valuetype="1" ModelId="5">90.79</value><value key="TrainAccuracy" datatype="5" valuetype="1" ModelId="6">95.4</value><value key="TestFitness" datatype="5" valuetype="1" ModelId="1">604.575163398693</value><value key="TestFitness" datatype="5" valuetype="1" ModelId="2">633.333333333333</value><value key="TestFitness" datatype="5" valuetype="1" ModelId="3">723.562152133581</value><value key="TestFitness" datatype="5" valuetype="1" ModelId="4">757.575757575758</value><value key="TestFitness" datatype="5" valuetype="1" ModelId="5">913.04347826087</value><value key="TestFitness" datatype="5" valuetype="1" ModelId="6">955.555555555556</value><value key="TestAccuracy" datatype="5" valuetype="1" ModelId="1">84.09</value><value key="TestAccuracy" datatype="5" valuetype="1" ModelId="2">86.36</value><value key="TestAccuracy" datatype="5" valuetype="1" ModelId="3">88.64</value><value key="TestAccuracy" datatype="5" valuetype="1" ModelId="4">90.91</value><value key="TestAccuracy" datatype="5" valuetype="1" ModelId="5">95.45</value><value key="TestAccuracy" datatype="5" valuetype="1" ModelId="6">97.73</value><value key="Size" datatype="3" valuetype="1" ModelId="1">5</value><value key="Size" datatype="3" valuetype="1" ModelId="2">5</value><value key="Size" datatype="3" valuetype="1" ModelId="3">5</value><value key="Size" datatype="3" valuetype="1" ModelId="4">5</value><value key="Size" datatype="3" valuetype="1" ModelId="5">5</value><value key="Size" datatype="3" valuetype="1" ModelId="6">5</value><value key="Generation" datatype="5" valuetype="1" ModelId="1">0</value><value key="Generation" datatype="5" valuetype="1" ModelId="2">3</value><value key="Generation" datatype="5" valuetype="1" ModelId="3">15</value><value key="Generation" datatype="5" valuetype="1" ModelId="4">17</value><value key="Generation" datatype="5" valuetype="1" ModelId="5">23</value><value key="Generation" datatype="5" valuetype="1" ModelId="6">25</value><value key="RunIndex" datatype="5" valuetype="1" ModelId="1">1</value><value key="RunIndex" datatype="5" valuetype="1" ModelId="2">1</value><value key="RunIndex" datatype="5" valuetype="1" ModelId="3">1</value><value key="RunIndex" datatype="5" valuetype="1" ModelId="4">1</value><value key="RunIndex" datatype="5" valuetype="1" ModelId="5">1</value><value key="RunIndex" datatype="5" valuetype="1" ModelId="6">1</value><value key="Literals" datatype="3" valuetype="-1" ModelId="1">2</value><value key="Variables" datatype="8" valuetype="-1" ModelId="1">handicapped-infants_y_min(1), aid-to-nicaraguan-contras_y_min(1)</value><value key="Literals" datatype="3" valuetype="-1" ModelId="2">2</value><value key="Variables" datatype="8" valuetype="-1" ModelId="2">aid-to-nicaraguan-contras_y_min(2)</value><value key="Literals" datatype="3" valuetype="-1" ModelId="3">2</value><value key="Variables" datatype="8" valuetype="-1" ModelId="3">el-salvador-aid_y_min(1), aid-to-nicaraguan-contras_y_min(1)</value><value key="Literals" datatype="3" valuetype="-1" ModelId="4">1</value><value key="Variables" datatype="8" valuetype="-1" ModelId="4">el-salvador-aid_y_min(1)</value><value key="Literals" datatype="3" valuetype="-1" ModelId="5">2</value><value key="Variables" datatype="8" valuetype="-1" ModelId="5">physician-fee-freeze_y_min(1), aid-to-nicaraguan-contras_y_min(1)</value><value key="Literals" datatype="3" valuetype="-1" ModelId="6">1</value><value key="Variables" datatype="8" valuetype="-1" ModelId="6">physician-fee-freeze_y_min(1)</value><value key="VariableImportance" datatype="8" valuetype="-1" ModelId="6">physician-fee-freeze_y_min(1)</value></run></report>
