<log created='11/30/2019 14:11:40' name='vote_template_classification_000001'>
<item created='11/30/2019 14:11:40' severity='0'>Processing run 1...</item>
<item created='11/30/2019 14:11:40' severity='0'>Applied setting Genes (1)</item>
<item created='11/30/2019 14:11:40' severity='0'>Applied setting HeadSize (2)</item>
<item created='11/30/2019 14:11:40' severity='0'>Applied setting FitnessFunction (11)</item>
<item created='11/30/2019 14:11:40' severity='0'>Applied setting RoundingThreshold (0.5)</item>
<item created='11/30/2019 14:11:40' severity='0'>Changed function * to weight 2.</item>
<item created='11/30/2019 14:11:40' severity='0'>Loading data from file vote_TRAIN_fold_1.csv ...</item>
<item created='11/30/2019 14:11:41' severity='0'>Loading data from file vote_TEST_fold_1.csv ...</item>
<item created='11/30/2019 14:11:42' severity='0'>Loading run file... vote_2_1_1\vote_template_classification_000001.gep</item>
<item created='11/30/2019 14:11:42' severity='0'>Initializing run...</item>
<item created='11/30/2019 14:11:42' severity='0'>Training Set size: 391</item>
<item created='11/30/2019 14:11:42' severity='0'>Dataset loaded.</item>
<item created='11/30/2019 14:11:42' severity='0'>Starting...</item>
<item created='11/30/2019 14:11:42' severity='0'>Generation: 0 (549.932523616734, 83.38% (326))</item>
<item created='11/30/2019 14:11:44' severity='0'>Generation: 964 (911.980440097799, 95.40% (373))</item>
<item created='11/30/2019 14:11:46' severity='0'>Generation: 3014 (911.980440097799, 95.40% (373))</item>
<item created='11/30/2019 14:11:48' severity='0'>Generation: 5100 (911.980440097799, 95.40% (373))</item>
<item created='11/30/2019 14:11:50' severity='0'>Generation: 7159 (911.980440097799, 95.40% (373))</item>
<item created='11/30/2019 14:11:52' severity='0'>Generation: 9237 (911.980440097799, 95.40% (373))</item>
<item created='11/30/2019 14:11:54' severity='0'>Generation: 11360 (911.980440097799, 95.40% (373))</item>
<item created='11/30/2019 14:11:56' severity='0'>Generation: 13389 (911.980440097799, 95.40% (373))</item>
<item created='11/30/2019 14:11:58' severity='0'>Generation: 15432 (911.980440097799, 95.40% (373))</item>
<item created='11/30/2019 14:12:00' severity='0'>Generation: 17589 (911.980440097799, 95.40% (373))</item>
<item created='11/30/2019 14:12:02' severity='0'>Generation: 19719 (911.980440097799, 95.40% (373))</item>
<item created='11/30/2019 14:12:02' severity='0'>Finished run.</item>
<item created='11/30/2019 14:12:02' severity='0'>Models created: 6</item>
<item created='11/30/2019 14:12:02' severity='0'>Models: 6</item>
<item created='11/30/2019 14:12:02' severity='0'>Last Model: 6</item>
<item created='11/30/2019 14:12:02' severity='0'>Generation: 25</item>
<item created='11/30/2019 14:12:02' severity='0'>Training Fitness: 911.980440097799</item>
<item created='11/30/2019 14:12:02' severity='0'>Training Accuracy: 95.40%</item>
<item created='11/30/2019 14:12:02' severity='0'>Success</item>
<item created='11/30/2019 14:12:02' severity='0'>Loading run file... vote_2_1_1\vote_template_classification_000001.gep</item>
<item created='11/30/2019 14:12:02' severity='0'>Initializing tests for all models...</item>
<item created='11/30/2019 14:12:02' severity='0'>Testing model 1 on the Validation Set with 44 records..............</item>
<item created='11/30/2019 14:12:02' severity='0'>Testing model 2 on the Validation Set with 44 records..............</item>
<item created='11/30/2019 14:12:02' severity='0'>Testing model 3 on the Validation Set with 44 records..............</item>
<item created='11/30/2019 14:12:02' severity='0'>Testing model 4 on the Validation Set with 44 records..............</item>
<item created='11/30/2019 14:12:02' severity='0'>Testing model 5 on the Validation Set with 44 records..............</item>
<item created='11/30/2019 14:12:02' severity='0'>Testing model 6 on the Validation Set with 44 records..............</item>
<item created='11/30/2019 14:12:02' severity='0'>Success</item>
</log>
