<log created='11/30/2019 14:03:59' name='vote_template_classification_000001'>
<item created='11/30/2019 14:03:59' severity='0'>Processing run 1...</item>
<item created='11/30/2019 14:03:59' severity='0'>Applied setting Genes (6)</item>
<item created='11/30/2019 14:03:59' severity='0'>Applied setting HeadSize (1)</item>
<item created='11/30/2019 14:03:59' severity='0'>Applied setting FitnessFunction (11)</item>
<item created='11/30/2019 14:03:59' severity='0'>Applied setting RoundingThreshold (0.5)</item>
<item created='11/30/2019 14:03:59' severity='0'>Changed function * to weight 2.</item>
<item created='11/30/2019 14:03:59' severity='0'>Loading data from file vote_TRAIN_fold_5.csv ...</item>
<item created='11/30/2019 14:04:00' severity='0'>Loading data from file vote_TEST_fold_5.csv ...</item>
<item created='11/30/2019 14:04:01' severity='0'>Loading run file... vote_1_6_5\vote_template_classification_000001.gep</item>
<item created='11/30/2019 14:04:01' severity='0'>Initializing run...</item>
<item created='11/30/2019 14:04:01' severity='0'>Training Set size: 391</item>
<item created='11/30/2019 14:04:01' severity='0'>Dataset loaded.</item>
<item created='11/30/2019 14:04:01' severity='0'>Starting...</item>
<item created='11/30/2019 14:04:01' severity='0'>Generation: 0 (775.527789745799, 92.07% (360))</item>
<item created='11/30/2019 14:04:03' severity='0'>Generation: 427 (907.317073170732, 95.14% (372))</item>
<item created='11/30/2019 14:04:05' severity='0'>Generation: 930 (926.108374384236, 96.16% (376))</item>
<item created='11/30/2019 14:04:07' severity='0'>Generation: 1482 (940.446650124069, 96.93% (379))</item>
<item created='11/30/2019 14:04:09' severity='0'>Generation: 2055 (955, 97.70% (382))</item>
<item created='11/30/2019 14:04:11' severity='0'>Generation: 2638 (955, 97.70% (382))</item>
<item created='11/30/2019 14:04:13' severity='0'>Generation: 3183 (955, 97.70% (382))</item>
<item created='11/30/2019 14:04:15' severity='0'>Generation: 3759 (955, 97.70% (382))</item>
<item created='11/30/2019 14:04:17' severity='0'>Generation: 4334 (955, 97.70% (382))</item>
<item created='11/30/2019 14:04:19' severity='0'>Generation: 4908 (955, 97.70% (382))</item>
<item created='11/30/2019 14:04:21' severity='0'>Generation: 5455 (955, 97.70% (382))</item>
<item created='11/30/2019 14:04:23' severity='0'>Generation: 5994 (955, 97.70% (382))</item>
<item created='11/30/2019 14:04:25' severity='0'>Generation: 6553 (955, 97.70% (382))</item>
<item created='11/30/2019 14:04:27' severity='0'>Generation: 7109 (955, 97.70% (382))</item>
<item created='11/30/2019 14:04:29' severity='0'>Generation: 7688 (955, 97.70% (382))</item>
<item created='11/30/2019 14:04:31' severity='0'>Generation: 8280 (955, 97.70% (382))</item>
<item created='11/30/2019 14:04:33' severity='0'>Generation: 8828 (955, 97.70% (382))</item>
<item created='11/30/2019 14:04:35' severity='0'>Generation: 9405 (955, 97.70% (382))</item>
<item created='11/30/2019 14:04:37' severity='0'>Generation: 9988 (955, 97.70% (382))</item>
<item created='11/30/2019 14:04:39' severity='0'>Generation: 10558 (955, 97.70% (382))</item>
<item created='11/30/2019 14:04:41' severity='0'>Generation: 11088 (955, 97.70% (382))</item>
<item created='11/30/2019 14:04:43' severity='0'>Generation: 11635 (955, 97.70% (382))</item>
<item created='11/30/2019 14:04:45' severity='0'>Generation: 12190 (955, 97.70% (382))</item>
<item created='11/30/2019 14:04:47' severity='0'>Generation: 12729 (964.824120603015, 98.21% (384))</item>
<item created='11/30/2019 14:04:49' severity='0'>Generation: 13278 (964.824120603015, 98.21% (384))</item>
<item created='11/30/2019 14:04:51' severity='0'>Generation: 13811 (964.824120603015, 98.21% (384))</item>
<item created='11/30/2019 14:04:53' severity='0'>Generation: 14357 (964.824120603015, 98.21% (384))</item>
<item created='11/30/2019 14:04:55' severity='0'>Generation: 14872 (969.773299748111, 98.47% (385))</item>
<item created='11/30/2019 14:04:57' severity='0'>Generation: 15384 (969.773299748111, 98.47% (385))</item>
<item created='11/30/2019 14:04:59' severity='0'>Generation: 15870 (969.773299748111, 98.47% (385))</item>
<item created='11/30/2019 14:05:01' severity='0'>Generation: 16407 (969.773299748111, 98.47% (385))</item>
<item created='11/30/2019 14:05:03' severity='0'>Generation: 16927 (969.773299748111, 98.47% (385))</item>
<item created='11/30/2019 14:05:05' severity='0'>Generation: 17479 (969.773299748111, 98.47% (385))</item>
<item created='11/30/2019 14:05:07' severity='0'>Generation: 17997 (969.773299748111, 98.47% (385))</item>
<item created='11/30/2019 14:05:09' severity='0'>Generation: 18523 (969.773299748111, 98.47% (385))</item>
<item created='11/30/2019 14:05:11' severity='0'>Generation: 19073 (969.773299748111, 98.47% (385))</item>
<item created='11/30/2019 14:05:13' severity='0'>Generation: 19626 (969.773299748111, 98.47% (385))</item>
<item created='11/30/2019 14:05:14' severity='0'>Finished run.</item>
<item created='11/30/2019 14:05:14' severity='0'>Models created: 14</item>
<item created='11/30/2019 14:05:14' severity='0'>Models: 14</item>
<item created='11/30/2019 14:05:14' severity='0'>Last Model: 14</item>
<item created='11/30/2019 14:05:14' severity='0'>Generation: 14455</item>
<item created='11/30/2019 14:05:14' severity='0'>Training Fitness: 969.773299748111</item>
<item created='11/30/2019 14:05:14' severity='0'>Training Accuracy: 98.47%</item>
<item created='11/30/2019 14:05:14' severity='0'>Success</item>
<item created='11/30/2019 14:05:14' severity='0'>Loading run file... vote_1_6_5\vote_template_classification_000001.gep</item>
<item created='11/30/2019 14:05:14' severity='0'>Initializing tests for all models...</item>
<item created='11/30/2019 14:05:14' severity='0'>Testing model 1 on the Validation Set with 44 records..............</item>
<item created='11/30/2019 14:05:14' severity='0'>Testing model 2 on the Validation Set with 44 records..............</item>
<item created='11/30/2019 14:05:14' severity='0'>Testing model 3 on the Validation Set with 44 records..............</item>
<item created='11/30/2019 14:05:14' severity='0'>Testing model 4 on the Validation Set with 44 records..............</item>
<item created='11/30/2019 14:05:14' severity='0'>Testing model 5 on the Validation Set with 44 records..............</item>
<item created='11/30/2019 14:05:14' severity='0'>Testing model 6 on the Validation Set with 44 records..............</item>
<item created='11/30/2019 14:05:14' severity='0'>Testing model 7 on the Validation Set with 44 records..............</item>
<item created='11/30/2019 14:05:15' severity='0'>Testing model 8 on the Validation Set with 44 records..............</item>
<item created='11/30/2019 14:05:15' severity='0'>Testing model 9 on the Validation Set with 44 records..............</item>
<item created='11/30/2019 14:05:15' severity='0'>Testing model 10 on the Validation Set with 44 records..............</item>
<item created='11/30/2019 14:05:15' severity='0'>Testing model 11 on the Validation Set with 44 records..............</item>
<item created='11/30/2019 14:05:15' severity='0'>Testing model 12 on the Validation Set with 44 records..............</item>
<item created='11/30/2019 14:05:15' severity='0'>Testing model 13 on the Validation Set with 44 records..............</item>
<item created='11/30/2019 14:05:15' severity='0'>Testing model 14 on the Validation Set with 44 records..............</item>
<item created='11/30/2019 14:05:15' severity='0'>Success</item>
</log>
