<report id="0"><run id="1" name="vote_template_classification_000001.gep"><value key="HasTestingSet" datatype="3" valuetype="0">1</value><value key="TrainFitness" datatype="5" valuetype="1" ModelId="1">775.527789745799</value><value key="TrainFitness" datatype="5" valuetype="1" ModelId="2">779.529259339236</value><value key="TrainFitness" datatype="5" valuetype="1" ModelId="3">907.317073170732</value><value key="TrainFitness" datatype="5" valuetype="1" ModelId="4">911.980440097799</value><value key="TrainFitness" datatype="5" valuetype="1" ModelId="5">916.666666666667</value><value key="TrainFitness" datatype="5" valuetype="1" ModelId="6">921.375921375921</value><value key="TrainFitness" datatype="5" valuetype="1" ModelId="7">926.108374384236</value><value key="TrainFitness" datatype="5" valuetype="1" ModelId="8">930.864197530864</value><value key="TrainFitness" datatype="5" valuetype="1" ModelId="9">935.643564356436</value><value key="TrainFitness" datatype="5" valuetype="1" ModelId="10">940.446650124069</value><value key="TrainFitness" datatype="5" valuetype="1" ModelId="11">945.273631840796</value><value key="TrainFitness" datatype="5" valuetype="1" ModelId="12">955</value><value key="TrainFitness" datatype="5" valuetype="1" ModelId="13">964.824120603015</value><value key="TrainFitness" datatype="5" valuetype="1" ModelId="14">969.773299748111</value><value key="TrainAccuracy" datatype="5" valuetype="1" ModelId="1">92.07</value><value key="TrainAccuracy" datatype="5" valuetype="1" ModelId="2">92.33</value><value key="TrainAccuracy" datatype="5" valuetype="1" ModelId="3">95.14</value><value key="TrainAccuracy" datatype="5" valuetype="1" ModelId="4">95.4</value><value key="TrainAccuracy" datatype="5" valuetype="1" ModelId="5">95.65</value><value key="TrainAccuracy" datatype="5" valuetype="1" ModelId="6">95.91</value><value key="TrainAccuracy" datatype="5" valuetype="1" ModelId="7">96.16</value><value key="TrainAccuracy" datatype="5" valuetype="1" ModelId="8">96.42</value><value key="TrainAccuracy" datatype="5" valuetype="1" ModelId="9">96.68</value><value key="TrainAccuracy" datatype="5" valuetype="1" ModelId="10">96.93</value><value key="TrainAccuracy" datatype="5" valuetype="1" ModelId="11">97.19</value><value key="TrainAccuracy" datatype="5" valuetype="1" ModelId="12">97.7</value><value key="TrainAccuracy" datatype="5" valuetype="1" ModelId="13">98.21</value><value key="TrainAccuracy" datatype="5" valuetype="1" ModelId="14">98.47</value><value key="TestFitness" datatype="5" valuetype="1" ModelId="1">955.555555555556</value><value key="TestFitness" datatype="5" valuetype="1" ModelId="2">955.555555555556</value><value key="TestFitness" datatype="5" valuetype="1" ModelId="3">1000</value><value key="TestFitness" datatype="5" valuetype="1" ModelId="4">1000</value><value key="TestFitness" datatype="5" valuetype="1" ModelId="5">913.04347826087</value><value key="TestFitness" datatype="5" valuetype="1" ModelId="6">913.04347826087</value><value key="TestFitness" datatype="5" valuetype="1" ModelId="7">913.04347826087</value><value key="TestFitness" datatype="5" valuetype="1" ModelId="8">913.04347826087</value><value key="TestFitness" datatype="5" valuetype="1" ModelId="9">955.555555555556</value><value key="TestFitness" datatype="5" valuetype="1" ModelId="10">955.555555555556</value><value key="TestFitness" datatype="5" valuetype="1" ModelId="11">955.555555555556</value><value key="TestFitness" datatype="5" valuetype="1" ModelId="12">955.555555555556</value><value key="TestFitness" datatype="5" valuetype="1" ModelId="13">1000</value><value key="TestFitness" datatype="5" valuetype="1" ModelId="14">1000</value><value key="TestAccuracy" datatype="5" valuetype="1" ModelId="1">97.73</value><value key="TestAccuracy" datatype="5" valuetype="1" ModelId="2">97.73</value><value key="TestAccuracy" datatype="5" valuetype="1" ModelId="3">100</value><value key="TestAccuracy" datatype="5" valuetype="1" ModelId="4">100</value><value key="TestAccuracy" datatype="5" valuetype="1" ModelId="5">95.45</value><value key="TestAccuracy" datatype="5" valuetype="1" ModelId="6">95.45</value><value key="TestAccuracy" datatype="5" valuetype="1" ModelId="7">95.45</value><value key="TestAccuracy" datatype="5" valuetype="1" ModelId="8">95.45</value><value key="TestAccuracy" datatype="5" valuetype="1" ModelId="9">97.73</value><value key="TestAccuracy" datatype="5" valuetype="1" ModelId="10">97.73</value><value key="TestAccuracy" datatype="5" valuetype="1" ModelId="11">97.73</value><value key="TestAccuracy" datatype="5" valuetype="1" ModelId="12">97.73</value><value key="TestAccuracy" datatype="5" valuetype="1" ModelId="13">100</value><value key="TestAccuracy" datatype="5" valuetype="1" ModelId="14">100</value><value key="Size" datatype="3" valuetype="1" ModelId="1">16</value><value key="Size" datatype="3" valuetype="1" ModelId="2">16</value><value key="Size" datatype="3" valuetype="1" ModelId="3">16</value><value key="Size" datatype="3" valuetype="1" ModelId="4">14</value><value key="Size" datatype="3" valuetype="1" ModelId="5">14</value><value key="Size" datatype="3" valuetype="1" ModelId="6">14</value><value key="Size" datatype="3" valuetype="1" ModelId="7">14</value><value key="Size" datatype="3" valuetype="1" ModelId="8">14</value><value key="Size" datatype="3" valuetype="1" ModelId="9">14</value><value key="Size" datatype="3" valuetype="1" ModelId="10">15</value><value key="Size" datatype="3" valuetype="1" ModelId="11">15</value><value key="Size" datatype="3" valuetype="1" ModelId="12">16</value><value key="Size" datatype="3" valuetype="1" ModelId="13">18</value><value key="Size" datatype="3" valuetype="1" ModelId="14">18</value><value key="Generation" datatype="5" valuetype="1" ModelId="1">0</value><value key="Generation" datatype="5" valuetype="1" ModelId="2">2</value><value key="Generation" datatype="5" valuetype="1" ModelId="3">4</value><value key="Generation" datatype="5" valuetype="1" ModelId="4">841</value><value key="Generation" datatype="5" valuetype="1" ModelId="5">908</value><value key="Generation" datatype="5" valuetype="1" ModelId="6">912</value><value key="Generation" datatype="5" valuetype="1" ModelId="7">921</value><value key="Generation" datatype="5" valuetype="1" ModelId="8">1051</value><value key="Generation" datatype="5" valuetype="1" ModelId="9">1303</value><value key="Generation" datatype="5" valuetype="1" ModelId="10">1463</value><value key="Generation" datatype="5" valuetype="1" ModelId="11">1523</value><value key="Generation" datatype="5" valuetype="1" ModelId="12">1787</value><value key="Generation" datatype="5" valuetype="1" ModelId="13">12525</value><value key="Generation" datatype="5" valuetype="1" ModelId="14">14455</value><value key="RunIndex" datatype="5" valuetype="1" ModelId="1">1</value><value key="RunIndex" datatype="5" valuetype="1" ModelId="2">1</value><value key="RunIndex" datatype="5" valuetype="1" ModelId="3">1</value><value key="RunIndex" datatype="5" valuetype="1" ModelId="4">1</value><value key="RunIndex" datatype="5" valuetype="1" ModelId="5">1</value><value key="RunIndex" datatype="5" valuetype="1" ModelId="6">1</value><value key="RunIndex" datatype="5" valuetype="1" ModelId="7">1</value><value key="RunIndex" datatype="5" valuetype="1" ModelId="8">1</value><value key="RunIndex" datatype="5" valuetype="1" ModelId="9">1</value><value key="RunIndex" datatype="5" valuetype="1" ModelId="10">1</value><value key="RunIndex" datatype="5" valuetype="1" ModelId="11">1</value><value key="RunIndex" datatype="5" valuetype="1" ModelId="12">1</value><value key="RunIndex" datatype="5" valuetype="1" ModelId="13">1</value><value key="RunIndex" datatype="5" valuetype="1" ModelId="14">1</value><value key="Literals" datatype="3" valuetype="-1" ModelId="1">7</value><value key="Variables" datatype="8" valuetype="-1" ModelId="1">mx-missile_u_min(1), physician-fee-freeze_y_max(1), religious-groups-in-schools_n_max(1), aid-to-nicaraguan-contras_n_max(1), mx-missile_u_max(1), mx-missile_y_max(1), education-spending_y_max(1)</value><value key="Literals" datatype="3" valuetype="-1" ModelId="2">7</value><value key="Variables" datatype="8" valuetype="-1" ModelId="2">mx-missile_u_min(2), physician-fee-freeze_y_max(1), religious-groups-in-schools_n_max(1), mx-missile_u_max(1), mx-missile_y_max(1), education-spending_y_max(1)</value><value key="Literals" datatype="3" valuetype="-1" ModelId="3">6</value><value key="Variables" datatype="8" valuetype="-1" ModelId="3">mx-missile_u_min(1), physician-fee-freeze_y_max(1), religious-groups-in-schools_n_max(1), aid-to-nicaraguan-contras_n_max(1), mx-missile_y_max(1), education-spending_y_max(1)</value><value key="Literals" datatype="3" valuetype="-1" ModelId="4">7</value><value key="Variables" datatype="8" valuetype="-1" ModelId="4">immigration_n_min(1), crime_n_min(1), physician-fee-freeze_n_max(2), physician-fee-freeze_y_max(3)</value><value key="Literals" datatype="3" valuetype="-1" ModelId="5">7</value><value key="Variables" datatype="8" valuetype="-1" ModelId="5">physician-fee-freeze_n_min(1), immigration_n_min(1), adoption-of-the-budget-resolution_n_max(1), physician-fee-freeze_n_max(2), physician-fee-freeze_y_max(1), superfund-right-to-sue_u_max(1)</value><value key="Literals" datatype="3" valuetype="-1" ModelId="6">7</value><value key="Variables" datatype="8" valuetype="-1" ModelId="6">physician-fee-freeze_n_min(1), religious-groups-in-schools_y_min(1), immigration_n_min(1), adoption-of-the-budget-resolution_n_max(1), physician-fee-freeze_n_max(1), physician-fee-freeze_y_max(1), superfund-right-to-sue_u_max(1)</value><value key="Literals" datatype="3" valuetype="-1" ModelId="7">7</value><value key="Variables" datatype="8" valuetype="-1" ModelId="7">physician-fee-freeze_n_min(1), religious-groups-in-schools_y_min(1), immigration_n_min(1), adoption-of-the-budget-resolution_n_max(1), physician-fee-freeze_n_max(2), physician-fee-freeze_y_max(1)</value><value key="Literals" datatype="3" valuetype="-1" ModelId="8">8</value><value key="Variables" datatype="8" valuetype="-1" ModelId="8">physician-fee-freeze_n_min(2), religious-groups-in-schools_y_min(1), immigration_n_min(1), crime_n_min(1), adoption-of-the-budget-resolution_n_max(1), physician-fee-freeze_n_max(1), physician-fee-freeze_y_max(1)</value><value key="Literals" datatype="3" valuetype="-1" ModelId="9">8</value><value key="Variables" datatype="8" valuetype="-1" ModelId="9">physician-fee-freeze_n_min(1), religious-groups-in-schools_y_min(1), immigration_n_min(1), synfuels-corporation-cutback_y_min(1), crime_n_min(1), adoption-of-the-budget-resolution_n_max(1), physician-fee-freeze_y_max(2)</value><value key="Literals" datatype="3" valuetype="-1" ModelId="10">8</value><value key="Variables" datatype="8" valuetype="-1" ModelId="10">physician-fee-freeze_n_min(1), religious-groups-in-schools_y_min(1), immigration_n_min(1), synfuels-corporation-cutback_y_min(1), adoption-of-the-budget-resolution_n_max(1), physician-fee-freeze_y_max(2), export-administration-act-south-africa_y_max(1)</value><value key="Literals" datatype="3" valuetype="-1" ModelId="11">7</value><value key="Variables" datatype="8" valuetype="-1" ModelId="11">physician-fee-freeze_n_min(1), immigration_n_min(1), synfuels-corporation-cutback_y_min(1), adoption-of-the-budget-resolution_n_max(1), physician-fee-freeze_y_max(1), duty-free-exports_u_max(1), export-administration-act-south-africa_y_max(1)</value><value key="Literals" datatype="3" valuetype="-1" ModelId="12">8</value><value key="Variables" datatype="8" valuetype="-1" ModelId="12">physician-fee-freeze_n_min(1), immigration_n_min(1), synfuels-corporation-cutback_y_min(1), adoption-of-the-budget-resolution_n_max(1), physician-fee-freeze_y_max(1), aid-to-nicaraguan-contras_u_max(1), duty-free-exports_u_max(1), export-administration-act-south-africa_y_max(1)</value><value key="Literals" datatype="3" valuetype="-1" ModelId="13">11</value><value key="Variables" datatype="8" valuetype="-1" ModelId="13">adoption-of-the-budget-resolution_y_min(2), physician-fee-freeze_n_min(1), aid-to-nicaraguan-contras_n_min(1), mx-missile_y_min(1), immigration_n_min(1), synfuels-corporation-cutback_y_min(1), physician-fee-freeze_y_max(2), duty-free-exports_u_max(1), export-administration-act-south-africa_y_max(1)</value><value key="Literals" datatype="3" valuetype="-1" ModelId="14">11</value><value key="Variables" datatype="8" valuetype="-1" ModelId="14">adoption-of-the-budget-resolution_y_min(2), aid-to-nicaraguan-contras_n_min(1), mx-missile_y_min(1), immigration_n_min(1), synfuels-corporation-cutback_y_min(1), physician-fee-freeze_y_max(2), mx-missile_u_max(1), education-spending_u_max(1), export-administration-act-south-africa_y_max(1)</value><value key="VariableImportance" datatype="8" valuetype="-1" ModelId="14">adoption-of-the-budget-resolution_y_min(9.95377715869349E-02), aid-to-nicaraguan-contras_n_min(5.81396838864842E-03), mx-missile_y_min(7.18853069622682E-02), immigration_n_min(0.012023925539881), synfuels-corporation-cutback_y_min(0.051925335032491), physician-fee-freeze_y_max(0.730121344194795), mx-missile_u_max(6.55243655009189E-03), education-spending_u_max(1.21444567272674E-02), export-administration-act-south-africa_y_max(9.99545501762246E-03)</value></run></report>
