<summary><value key="AverageTrainFitness" datatype="5" valuetype="4">969.773299748111</value><value key="AverageTrainRSQuare" datatype="5" valuetype="4">0.804426733167186</value><value key="AverageTrainAccuracy" datatype="5" valuetype="4">98.47</value><value key="MaxTrainFitness" datatype="5" valuetype="4">1000</value><value key="MaxTestFitness" datatype="5" valuetype="4">1000</value><value key="TrainSuccessCount" datatype="3" valuetype="4">0</value><value key="TrainSuccessRate" datatype="5" valuetype="4">0</value><value key="BestTrainFitness" datatype="5" valuetype="4">969.773299748111</value><value key="BestTrainFitnessRun" datatype="3" valuetype="4">1</value><value key="BestTrainFitnessHistory" datatype="3" valuetype="4">1</value><value key="BestTrainFitnessModelId" datatype="3" valuetype="4">14</value><value key="BestTrainFitnessModelSize" datatype="3" valuetype="4">18</value><value key="BestTrainFitnessModelLiterals" datatype="3" valuetype="4">11</value><value key="BestTrainFitnessModelTerminals" datatype="8" valuetype="4">adoption-of-the-budget-resolution_y_min(2), aid-to-nicaraguan-contras_n_min(1), mx-missile_y_min(1), immigration_n_min(1), synfuels-corporation-cutback_y_min(1), physician-fee-freeze_y_max(2), mx-missile_u_max(1), education-spending_u_max(1), export-administration-act-south-africa_y_max(1)</value><value key="BestTrainFitnessModelVariableImportance" datatype="8" valuetype="4">adoption-of-the-budget-resolution_y_min(9.65544587513334E-02), aid-to-nicaraguan-contras_n_min(9.53654085256075E-03), mx-missile_y_min(4.74718037842887E-02), immigration_n_min(3.71880355440245E-02), synfuels-corporation-cutback_y_min(6.66273913110433E-02), physician-fee-freeze_y_max(0.712435951255092), mx-missile_u_max(7.67456425439806E-03), education-spending_u_max(1.86476099479246E-02), export-administration-act-south-africa_y_max(3.86364429933492E-03)</value><value key="BestTrainAccuracy" datatype="5" valuetype="4">98.47</value><value key="BestTrainAccuracyRun" datatype="3" valuetype="4">1</value><value key="BestTrainAccuracyHistory" datatype="3" valuetype="4">1</value><value key="BestTrainAccuracyModelId" datatype="3" valuetype="4">14</value><value key="BestTrainAccuracyModelSize" datatype="3" valuetype="4">18</value><value key="BestTrainAccuracyModelLiterals" datatype="3" valuetype="4">11</value><value key="BestTrainAccuracyModelTerminals" datatype="8" valuetype="4">adoption-of-the-budget-resolution_y_min(2), aid-to-nicaraguan-contras_n_min(1), mx-missile_y_min(1), immigration_n_min(1), synfuels-corporation-cutback_y_min(1), physician-fee-freeze_y_max(2), mx-missile_u_max(1), education-spending_u_max(1), export-administration-act-south-africa_y_max(1)</value><value key="BestTrainAccuracyModelVariableImportance" datatype="8" valuetype="4">adoption-of-the-budget-resolution_y_min(9.65544587513334E-02), aid-to-nicaraguan-contras_n_min(9.53654085256075E-03), mx-missile_y_min(4.74718037842887E-02), immigration_n_min(3.71880355440245E-02), synfuels-corporation-cutback_y_min(6.66273913110433E-02), physician-fee-freeze_y_max(0.712435951255092), mx-missile_u_max(7.67456425439806E-03), education-spending_u_max(1.86476099479246E-02), export-administration-act-south-africa_y_max(3.86364429933492E-03)</value><value key="BestTrainRSQuare" datatype="5" valuetype="4">0.804426733167186</value><value key="BestTrainRSQuareRun" datatype="3" valuetype="4">1</value><value key="BestTrainRSQuareHistory" datatype="3" valuetype="4">1</value><value key="BestTrainRSQuareModelId" datatype="3" valuetype="4">14</value><value key="BestTrainRSQuareModelSize" datatype="3" valuetype="4">18</value><value key="BestTrainRSQuareModelLiterals" datatype="3" valuetype="4">11</value><value key="BestTrainRSQuareModelTerminals" datatype="8" valuetype="4">adoption-of-the-budget-resolution_y_min(2), aid-to-nicaraguan-contras_n_min(1), mx-missile_y_min(1), immigration_n_min(1), synfuels-corporation-cutback_y_min(1), physician-fee-freeze_y_max(2), mx-missile_u_max(1), education-spending_u_max(1), export-administration-act-south-africa_y_max(1)</value><value key="BestTrainRSQuareModelVariableImportance" datatype="8" valuetype="4">adoption-of-the-budget-resolution_y_min(9.65544587513334E-02), aid-to-nicaraguan-contras_n_min(9.53654085256075E-03), mx-missile_y_min(4.74718037842887E-02), immigration_n_min(3.71880355440245E-02), synfuels-corporation-cutback_y_min(6.66273913110433E-02), physician-fee-freeze_y_max(0.712435951255092), mx-missile_u_max(7.67456425439806E-03), education-spending_u_max(1.86476099479246E-02), export-administration-act-south-africa_y_max(3.86364429933492E-03)</value><value key="TestSuccessCount" datatype="3" valuetype="4">1</value><value key="TestSuccessRate" datatype="5" valuetype="4">100</value><value key="AverageTestFitness" datatype="5" valuetype="4">1000</value><value key="AverageTestRSQuare" datatype="5" valuetype="4">0.853377748281308</value><value key="AverageTestAccuracy" datatype="5" valuetype="4">100</value><value key="BestTestFitness" datatype="5" valuetype="4">1000</value><value key="BestTestFitnessRun" datatype="3" valuetype="4">1</value><value key="BestTestFitnessHistory" datatype="3" valuetype="4">1</value><value key="BestTestFitnessModelId" datatype="3" valuetype="4">14</value><value key="BestTestFitnessModelSize" datatype="3" valuetype="4">18</value><value key="BestTestFitnessModelLiterals" datatype="3" valuetype="4">11</value><value key="BestTestFitnessModelTerminals" datatype="8" valuetype="4">adoption-of-the-budget-resolution_y_min(2), aid-to-nicaraguan-contras_n_min(1), mx-missile_y_min(1), immigration_n_min(1), synfuels-corporation-cutback_y_min(1), physician-fee-freeze_y_max(2), mx-missile_u_max(1), education-spending_u_max(1), export-administration-act-south-africa_y_max(1)</value><value key="BestTestFitnessModelVariableImportance" datatype="8" valuetype="4">adoption-of-the-budget-resolution_y_min(2.07001624678526E-02), aid-to-nicaraguan-contras_n_min(5.70642108612927E-02), mx-missile_y_min(2.85732817858554E-02), immigration_n_min(6.01151985651549E-02), synfuels-corporation-cutback_y_min(1.82053086979036E-02), physician-fee-freeze_y_max(0.67147504627709), mx-missile_u_max(4.29431818696775E-02), education-spending_u_max(0.084950764549124), export-administration-act-south-africa_y_max(1.59728449260497E-02)</value><value key="BestTestAccuracy" datatype="5" valuetype="4">100</value><value key="BestTestAccuracyRun" datatype="3" valuetype="4">1</value><value key="BestTestAccuracyHistory" datatype="3" valuetype="4">1</value><value key="BestTestAccuracyModelId" datatype="3" valuetype="4">14</value><value key="BestTestAccuracyModelSize" datatype="3" valuetype="4">18</value><value key="BestTestAccuracyModelLiterals" datatype="3" valuetype="4">11</value><value key="BestTestAccuracyModelTerminals" datatype="8" valuetype="4">adoption-of-the-budget-resolution_y_min(2), aid-to-nicaraguan-contras_n_min(1), mx-missile_y_min(1), immigration_n_min(1), synfuels-corporation-cutback_y_min(1), physician-fee-freeze_y_max(2), mx-missile_u_max(1), education-spending_u_max(1), export-administration-act-south-africa_y_max(1)</value><value key="BestTestAccuracyModelVariableImportance" datatype="8" valuetype="4">adoption-of-the-budget-resolution_y_min(2.07001624678526E-02), aid-to-nicaraguan-contras_n_min(5.70642108612927E-02), mx-missile_y_min(2.85732817858554E-02), immigration_n_min(6.01151985651549E-02), synfuels-corporation-cutback_y_min(1.82053086979036E-02), physician-fee-freeze_y_max(0.67147504627709), mx-missile_u_max(4.29431818696775E-02), education-spending_u_max(0.084950764549124), export-administration-act-south-africa_y_max(1.59728449260497E-02)</value><value key="BestTestRSQuare" datatype="5" valuetype="4">0.853377748281308</value><value key="BestTestRSQuareRun" datatype="3" valuetype="4">1</value><value key="BestTestRSQuareHistory" datatype="3" valuetype="4">1</value><value key="BestTestRSQuareModelId" datatype="3" valuetype="4">14</value><value key="BestTestRSQuareModelSize" datatype="3" valuetype="4">18</value><value key="BestTestRSQuareModelLiterals" datatype="3" valuetype="4">11</value><value key="BestTestRSQuareModelTerminals" datatype="8" valuetype="4">adoption-of-the-budget-resolution_y_min(2), aid-to-nicaraguan-contras_n_min(1), mx-missile_y_min(1), immigration_n_min(1), synfuels-corporation-cutback_y_min(1), physician-fee-freeze_y_max(2), mx-missile_u_max(1), education-spending_u_max(1), export-administration-act-south-africa_y_max(1)</value><value key="BestTestRSQuareModelVariableImportance" datatype="8" valuetype="4">adoption-of-the-budget-resolution_y_min(2.07001624678526E-02), aid-to-nicaraguan-contras_n_min(5.70642108612927E-02), mx-missile_y_min(2.85732817858554E-02), immigration_n_min(6.01151985651549E-02), synfuels-corporation-cutback_y_min(1.82053086979036E-02), physician-fee-freeze_y_max(0.67147504627709), mx-missile_u_max(4.29431818696775E-02), education-spending_u_max(0.084950764549124), export-administration-act-south-africa_y_max(1.59728449260497E-02)</value><value key="DefinitionFile" datatype="8" valuetype="4">../vote_1_6_5_jobdef.xml</value></summary>
