<log created='11/30/2019 13:40:41' name='vote_template_classification_000001'>
<item created='11/30/2019 13:40:41' severity='0'>Processing run 1...</item>
<item created='11/30/2019 13:40:41' severity='0'>Applied setting Genes (4)</item>
<item created='11/30/2019 13:40:41' severity='0'>Applied setting HeadSize (1)</item>
<item created='11/30/2019 13:40:41' severity='0'>Applied setting FitnessFunction (11)</item>
<item created='11/30/2019 13:40:41' severity='0'>Applied setting RoundingThreshold (0.5)</item>
<item created='11/30/2019 13:40:41' severity='0'>Changed function * to weight 2.</item>
<item created='11/30/2019 13:40:41' severity='0'>Loading data from file vote_TRAIN_fold_4.csv ...</item>
<item created='11/30/2019 13:40:42' severity='0'>Loading data from file vote_TEST_fold_4.csv ...</item>
<item created='11/30/2019 13:40:43' severity='0'>Loading run file... vote_1_4_4\vote_template_classification_000001.gep</item>
<item created='11/30/2019 13:40:43' severity='0'>Initializing run...</item>
<item created='11/30/2019 13:40:43' severity='0'>Training Set size: 391</item>
<item created='11/30/2019 13:40:43' severity='0'>Dataset loaded.</item>
<item created='11/30/2019 13:40:43' severity='0'>Starting...</item>
<item created='11/30/2019 13:40:43' severity='0'>Generation: 0 (657.894736842105, 88.24% (345))</item>
<item created='11/30/2019 13:40:45' severity='0'>Generation: 550 (930.864197530864, 96.42% (377))</item>
<item created='11/30/2019 13:40:47' severity='0'>Generation: 1283 (930.864197530864, 96.42% (377))</item>
<item created='11/30/2019 13:40:49' severity='0'>Generation: 2031 (930.864197530864, 96.42% (377))</item>
<item created='11/30/2019 13:40:51' severity='0'>Generation: 2760 (945.273631840796, 97.19% (380))</item>
<item created='11/30/2019 13:40:53' severity='0'>Generation: 3499 (945.273631840796, 97.19% (380))</item>
<item created='11/30/2019 13:40:55' severity='0'>Generation: 4230 (945.273631840796, 97.19% (380))</item>
<item created='11/30/2019 13:40:57' severity='0'>Generation: 4956 (945.273631840796, 97.19% (380))</item>
<item created='11/30/2019 13:40:59' severity='0'>Generation: 5707 (945.273631840796, 97.19% (380))</item>
<item created='11/30/2019 13:41:01' severity='0'>Generation: 6354 (945.273631840796, 97.19% (380))</item>
<item created='11/30/2019 13:41:03' severity='0'>Generation: 7094 (945.273631840796, 97.19% (380))</item>
<item created='11/30/2019 13:41:05' severity='0'>Generation: 7812 (950.124688279302, 97.44% (381))</item>
<item created='11/30/2019 13:41:07' severity='0'>Generation: 8538 (950.124688279302, 97.44% (381))</item>
<item created='11/30/2019 13:41:09' severity='0'>Generation: 9306 (950.124688279302, 97.44% (381))</item>
<item created='11/30/2019 13:41:11' severity='0'>Generation: 10039 (950.124688279302, 97.44% (381))</item>
<item created='11/30/2019 13:41:13' severity='0'>Generation: 10740 (950.124688279302, 97.44% (381))</item>
<item created='11/30/2019 13:41:15' severity='0'>Generation: 11432 (950.124688279302, 97.44% (381))</item>
<item created='11/30/2019 13:41:17' severity='0'>Generation: 12164 (950.124688279302, 97.44% (381))</item>
<item created='11/30/2019 13:41:19' severity='0'>Generation: 12878 (950.124688279302, 97.44% (381))</item>
<item created='11/30/2019 13:41:21' severity='0'>Generation: 13583 (950.124688279302, 97.44% (381))</item>
<item created='11/30/2019 13:41:23' severity='0'>Generation: 14316 (950.124688279302, 97.44% (381))</item>
<item created='11/30/2019 13:41:25' severity='0'>Generation: 15039 (950.124688279302, 97.44% (381))</item>
<item created='11/30/2019 13:41:27' severity='0'>Generation: 15785 (950.124688279302, 97.44% (381))</item>
<item created='11/30/2019 13:41:29' severity='0'>Generation: 16546 (950.124688279302, 97.44% (381))</item>
<item created='11/30/2019 13:41:31' severity='0'>Generation: 17314 (950.124688279302, 97.44% (381))</item>
<item created='11/30/2019 13:41:33' severity='0'>Generation: 18077 (950.124688279302, 97.44% (381))</item>
<item created='11/30/2019 13:41:35' severity='0'>Generation: 18830 (950.124688279302, 97.44% (381))</item>
<item created='11/30/2019 13:41:37' severity='0'>Generation: 19594 (950.124688279302, 97.44% (381))</item>
<item created='11/30/2019 13:41:38' severity='0'>Finished run.</item>
<item created='11/30/2019 13:41:38' severity='0'>Models created: 14</item>
<item created='11/30/2019 13:41:38' severity='0'>Models: 14</item>
<item created='11/30/2019 13:41:38' severity='0'>Last Model: 14</item>
<item created='11/30/2019 13:41:38' severity='0'>Generation: 7564</item>
<item created='11/30/2019 13:41:38' severity='0'>Training Fitness: 950.124688279302</item>
<item created='11/30/2019 13:41:38' severity='0'>Training Accuracy: 97.44%</item>
<item created='11/30/2019 13:41:38' severity='0'>Success</item>
<item created='11/30/2019 13:41:38' severity='0'>Loading run file... vote_1_4_4\vote_template_classification_000001.gep</item>
<item created='11/30/2019 13:41:38' severity='0'>Initializing tests for all models...</item>
<item created='11/30/2019 13:41:38' severity='0'>Testing model 1 on the Validation Set with 44 records..............</item>
<item created='11/30/2019 13:41:38' severity='0'>Testing model 2 on the Validation Set with 44 records..............</item>
<item created='11/30/2019 13:41:38' severity='0'>Testing model 3 on the Validation Set with 44 records..............</item>
<item created='11/30/2019 13:41:38' severity='0'>Testing model 4 on the Validation Set with 44 records..............</item>
<item created='11/30/2019 13:41:38' severity='0'>Testing model 5 on the Validation Set with 44 records..............</item>
<item created='11/30/2019 13:41:38' severity='0'>Testing model 6 on the Validation Set with 44 records..............</item>
<item created='11/30/2019 13:41:38' severity='0'>Testing model 7 on the Validation Set with 44 records..............</item>
<item created='11/30/2019 13:41:38' severity='0'>Testing model 8 on the Validation Set with 44 records..............</item>
<item created='11/30/2019 13:41:38' severity='0'>Testing model 9 on the Validation Set with 44 records..............</item>
<item created='11/30/2019 13:41:38' severity='0'>Testing model 10 on the Validation Set with 44 records..............</item>
<item created='11/30/2019 13:41:38' severity='0'>Testing model 11 on the Validation Set with 44 records..............</item>
<item created='11/30/2019 13:41:38' severity='0'>Testing model 12 on the Validation Set with 44 records..............</item>
<item created='11/30/2019 13:41:38' severity='0'>Testing model 13 on the Validation Set with 44 records..............</item>
<item created='11/30/2019 13:41:38' severity='0'>Testing model 14 on the Validation Set with 44 records..............</item>
<item created='11/30/2019 13:41:38' severity='0'>Success</item>
</log>
