<summary><value key="AverageTrainFitness" datatype="5" valuetype="4">950.124688279302</value><value key="AverageTrainRSQuare" datatype="5" valuetype="4">0.780299182915302</value><value key="AverageTrainAccuracy" datatype="5" valuetype="4">97.44</value><value key="MaxTrainFitness" datatype="5" valuetype="4">1000</value><value key="MaxTestFitness" datatype="5" valuetype="4">1000</value><value key="TrainSuccessCount" datatype="3" valuetype="4">0</value><value key="TrainSuccessRate" datatype="5" valuetype="4">0</value><value key="BestTrainFitness" datatype="5" valuetype="4">950.124688279302</value><value key="BestTrainFitnessRun" datatype="3" valuetype="4">1</value><value key="BestTrainFitnessHistory" datatype="3" valuetype="4">1</value><value key="BestTrainFitnessModelId" datatype="3" valuetype="4">14</value><value key="BestTrainFitnessModelSize" datatype="3" valuetype="4">11</value><value key="BestTrainFitnessModelLiterals" datatype="3" valuetype="4">7</value><value key="BestTrainFitnessModelTerminals" datatype="8" valuetype="4">physician-fee-freeze_n_min(2), el-salvador-aid_n_min(1), immigration_u_min(1), synfuels-corporation-cutback_n_min(1), adoption-of-the-budget-resolution_n_max(1), anti-satellite-test-ban_y_max(1)</value><value key="BestTrainFitnessModelVariableImportance" datatype="8" valuetype="4">physician-fee-freeze_n_min(0.405891564134483), el-salvador-aid_n_min(0.119064866424336), immigration_u_min(6.8577999312941E-03), synfuels-corporation-cutback_n_min(0.158065889856719), adoption-of-the-budget-resolution_n_max(0.286736572925015), anti-satellite-test-ban_y_max(2.33833067281526E-02)</value><value key="BestTrainAccuracy" datatype="5" valuetype="4">97.44</value><value key="BestTrainAccuracyRun" datatype="3" valuetype="4">1</value><value key="BestTrainAccuracyHistory" datatype="3" valuetype="4">1</value><value key="BestTrainAccuracyModelId" datatype="3" valuetype="4">14</value><value key="BestTrainAccuracyModelSize" datatype="3" valuetype="4">11</value><value key="BestTrainAccuracyModelLiterals" datatype="3" valuetype="4">7</value><value key="BestTrainAccuracyModelTerminals" datatype="8" valuetype="4">physician-fee-freeze_n_min(2), el-salvador-aid_n_min(1), immigration_u_min(1), synfuels-corporation-cutback_n_min(1), adoption-of-the-budget-resolution_n_max(1), anti-satellite-test-ban_y_max(1)</value><value key="BestTrainAccuracyModelVariableImportance" datatype="8" valuetype="4">physician-fee-freeze_n_min(0.405891564134483), el-salvador-aid_n_min(0.119064866424336), immigration_u_min(6.8577999312941E-03), synfuels-corporation-cutback_n_min(0.158065889856719), adoption-of-the-budget-resolution_n_max(0.286736572925015), anti-satellite-test-ban_y_max(2.33833067281526E-02)</value><value key="BestTrainRSQuare" datatype="5" valuetype="4">0.780299182915302</value><value key="BestTrainRSQuareRun" datatype="3" valuetype="4">1</value><value key="BestTrainRSQuareHistory" datatype="3" valuetype="4">1</value><value key="BestTrainRSQuareModelId" datatype="3" valuetype="4">14</value><value key="BestTrainRSQuareModelSize" datatype="3" valuetype="4">11</value><value key="BestTrainRSQuareModelLiterals" datatype="3" valuetype="4">7</value><value key="BestTrainRSQuareModelTerminals" datatype="8" valuetype="4">physician-fee-freeze_n_min(2), el-salvador-aid_n_min(1), immigration_u_min(1), synfuels-corporation-cutback_n_min(1), adoption-of-the-budget-resolution_n_max(1), anti-satellite-test-ban_y_max(1)</value><value key="BestTrainRSQuareModelVariableImportance" datatype="8" valuetype="4">physician-fee-freeze_n_min(0.405891564134483), el-salvador-aid_n_min(0.119064866424336), immigration_u_min(6.8577999312941E-03), synfuels-corporation-cutback_n_min(0.158065889856719), adoption-of-the-budget-resolution_n_max(0.286736572925015), anti-satellite-test-ban_y_max(2.33833067281526E-02)</value><value key="TestSuccessCount" datatype="3" valuetype="4">0</value><value key="TestSuccessRate" datatype="5" valuetype="4">0</value><value key="AverageTestFitness" datatype="5" valuetype="4">913.04347826087</value><value key="AverageTestRSQuare" datatype="5" valuetype="4">0.677893324615313</value><value key="AverageTestAccuracy" datatype="5" valuetype="4">95.45</value><value key="BestTestFitness" datatype="5" valuetype="4">913.04347826087</value><value key="BestTestFitnessRun" datatype="3" valuetype="4">1</value><value key="BestTestFitnessHistory" datatype="3" valuetype="4">1</value><value key="BestTestFitnessModelId" datatype="3" valuetype="4">14</value><value key="BestTestFitnessModelSize" datatype="3" valuetype="4">11</value><value key="BestTestFitnessModelLiterals" datatype="3" valuetype="4">7</value><value key="BestTestFitnessModelTerminals" datatype="8" valuetype="4">physician-fee-freeze_n_min(2), el-salvador-aid_n_min(1), immigration_u_min(1), synfuels-corporation-cutback_n_min(1), adoption-of-the-budget-resolution_n_max(1), anti-satellite-test-ban_y_max(1)</value><value key="BestTestFitnessModelVariableImportance" datatype="8" valuetype="4">physician-fee-freeze_n_min(0.456316730975719), el-salvador-aid_n_min(0.14735613605483), immigration_u_min(6.16596661359945E-02), synfuels-corporation-cutback_n_min(9.77370771841156E-02), adoption-of-the-budget-resolution_n_max(0.157018014714279), anti-satellite-test-ban_y_max(7.99123749350619E-02)</value><value key="BestTestAccuracy" datatype="5" valuetype="4">95.45</value><value key="BestTestAccuracyRun" datatype="3" valuetype="4">1</value><value key="BestTestAccuracyHistory" datatype="3" valuetype="4">1</value><value key="BestTestAccuracyModelId" datatype="3" valuetype="4">14</value><value key="BestTestAccuracyModelSize" datatype="3" valuetype="4">11</value><value key="BestTestAccuracyModelLiterals" datatype="3" valuetype="4">7</value><value key="BestTestAccuracyModelTerminals" datatype="8" valuetype="4">physician-fee-freeze_n_min(2), el-salvador-aid_n_min(1), immigration_u_min(1), synfuels-corporation-cutback_n_min(1), adoption-of-the-budget-resolution_n_max(1), anti-satellite-test-ban_y_max(1)</value><value key="BestTestAccuracyModelVariableImportance" datatype="8" valuetype="4">physician-fee-freeze_n_min(0.456316730975719), el-salvador-aid_n_min(0.14735613605483), immigration_u_min(6.16596661359945E-02), synfuels-corporation-cutback_n_min(9.77370771841156E-02), adoption-of-the-budget-resolution_n_max(0.157018014714279), anti-satellite-test-ban_y_max(7.99123749350619E-02)</value><value key="BestTestRSQuare" datatype="5" valuetype="4">0.677893324615313</value><value key="BestTestRSQuareRun" datatype="3" valuetype="4">1</value><value key="BestTestRSQuareHistory" datatype="3" valuetype="4">1</value><value key="BestTestRSQuareModelId" datatype="3" valuetype="4">14</value><value key="BestTestRSQuareModelSize" datatype="3" valuetype="4">11</value><value key="BestTestRSQuareModelLiterals" datatype="3" valuetype="4">7</value><value key="BestTestRSQuareModelTerminals" datatype="8" valuetype="4">physician-fee-freeze_n_min(2), el-salvador-aid_n_min(1), immigration_u_min(1), synfuels-corporation-cutback_n_min(1), adoption-of-the-budget-resolution_n_max(1), anti-satellite-test-ban_y_max(1)</value><value key="BestTestRSQuareModelVariableImportance" datatype="8" valuetype="4">physician-fee-freeze_n_min(0.456316730975719), el-salvador-aid_n_min(0.14735613605483), immigration_u_min(6.16596661359945E-02), synfuels-corporation-cutback_n_min(9.77370771841156E-02), adoption-of-the-budget-resolution_n_max(0.157018014714279), anti-satellite-test-ban_y_max(7.99123749350619E-02)</value><value key="DefinitionFile" datatype="8" valuetype="4">../vote_1_4_4_jobdef.xml</value></summary>
