<report id="0"><run id="1" name="vote_template_classification_000001.gep"><value key="HasTestingSet" datatype="3" valuetype="0">1</value><value key="TrainFitness" datatype="5" valuetype="1" ModelId="1">657.894736842105</value><value key="TrainFitness" datatype="5" valuetype="1" ModelId="2">732.731471761495</value><value key="TrainFitness" datatype="5" valuetype="1" ModelId="3">748.03983894893</value><value key="TrainFitness" datatype="5" valuetype="1" ModelId="4">755.801575473707</value><value key="TrainFitness" datatype="5" valuetype="1" ModelId="5">893.462469733656</value><value key="TrainFitness" datatype="5" valuetype="1" ModelId="6">898.058252427184</value><value key="TrainFitness" datatype="5" valuetype="1" ModelId="7">911.980440097799</value><value key="TrainFitness" datatype="5" valuetype="1" ModelId="8">921.375921375921</value><value key="TrainFitness" datatype="5" valuetype="1" ModelId="9">926.108374384236</value><value key="TrainFitness" datatype="5" valuetype="1" ModelId="10">930.864197530864</value><value key="TrainFitness" datatype="5" valuetype="1" ModelId="11">935.643564356436</value><value key="TrainFitness" datatype="5" valuetype="1" ModelId="12">940.446650124069</value><value key="TrainFitness" datatype="5" valuetype="1" ModelId="13">945.273631840796</value><value key="TrainFitness" datatype="5" valuetype="1" ModelId="14">950.124688279302</value><value key="TrainAccuracy" datatype="5" valuetype="1" ModelId="1">88.24</value><value key="TrainAccuracy" datatype="5" valuetype="1" ModelId="2">89.26</value><value key="TrainAccuracy" datatype="5" valuetype="1" ModelId="3">90.28</value><value key="TrainAccuracy" datatype="5" valuetype="1" ModelId="4">90.79</value><value key="TrainAccuracy" datatype="5" valuetype="1" ModelId="5">94.37</value><value key="TrainAccuracy" datatype="5" valuetype="1" ModelId="6">94.63</value><value key="TrainAccuracy" datatype="5" valuetype="1" ModelId="7">95.4</value><value key="TrainAccuracy" datatype="5" valuetype="1" ModelId="8">95.91</value><value key="TrainAccuracy" datatype="5" valuetype="1" ModelId="9">96.16</value><value key="TrainAccuracy" datatype="5" valuetype="1" ModelId="10">96.42</value><value key="TrainAccuracy" datatype="5" valuetype="1" ModelId="11">96.68</value><value key="TrainAccuracy" datatype="5" valuetype="1" ModelId="12">96.93</value><value key="TrainAccuracy" datatype="5" valuetype="1" ModelId="13">97.19</value><value key="TrainAccuracy" datatype="5" valuetype="1" ModelId="14">97.44</value><value key="TestFitness" datatype="5" valuetype="1" ModelId="1">471.698113207547</value><value key="TestFitness" datatype="5" valuetype="1" ModelId="2">471.698113207547</value><value key="TestFitness" datatype="5" valuetype="1" ModelId="3">576.923076923077</value><value key="TestFitness" datatype="5" valuetype="1" ModelId="4">576.923076923077</value><value key="TestFitness" datatype="5" valuetype="1" ModelId="5">913.04347826087</value><value key="TestFitness" datatype="5" valuetype="1" ModelId="6">913.04347826087</value><value key="TestFitness" datatype="5" valuetype="1" ModelId="7">913.04347826087</value><value key="TestFitness" datatype="5" valuetype="1" ModelId="8">913.04347826087</value><value key="TestFitness" datatype="5" valuetype="1" ModelId="9">913.04347826087</value><value key="TestFitness" datatype="5" valuetype="1" ModelId="10">913.04347826087</value><value key="TestFitness" datatype="5" valuetype="1" ModelId="11">633.333333333333</value><value key="TestFitness" datatype="5" valuetype="1" ModelId="12">913.04347826087</value><value key="TestFitness" datatype="5" valuetype="1" ModelId="13">757.575757575758</value><value key="TestFitness" datatype="5" valuetype="1" ModelId="14">913.04347826087</value><value key="TestAccuracy" datatype="5" valuetype="1" ModelId="1">79.55</value><value key="TestAccuracy" datatype="5" valuetype="1" ModelId="2">79.55</value><value key="TestAccuracy" datatype="5" valuetype="1" ModelId="3">81.82</value><value key="TestAccuracy" datatype="5" valuetype="1" ModelId="4">81.82</value><value key="TestAccuracy" datatype="5" valuetype="1" ModelId="5">95.45</value><value key="TestAccuracy" datatype="5" valuetype="1" ModelId="6">95.45</value><value key="TestAccuracy" datatype="5" valuetype="1" ModelId="7">95.45</value><value key="TestAccuracy" datatype="5" valuetype="1" ModelId="8">95.45</value><value key="TestAccuracy" datatype="5" valuetype="1" ModelId="9">95.45</value><value key="TestAccuracy" datatype="5" valuetype="1" ModelId="10">95.45</value><value key="TestAccuracy" datatype="5" valuetype="1" ModelId="11">86.36</value><value key="TestAccuracy" datatype="5" valuetype="1" ModelId="12">95.45</value><value key="TestAccuracy" datatype="5" valuetype="1" ModelId="13">90.91</value><value key="TestAccuracy" datatype="5" valuetype="1" ModelId="14">95.45</value><value key="Size" datatype="3" valuetype="1" ModelId="1">11</value><value key="Size" datatype="3" valuetype="1" ModelId="2">11</value><value key="Size" datatype="3" valuetype="1" ModelId="3">11</value><value key="Size" datatype="3" valuetype="1" ModelId="4">11</value><value key="Size" datatype="3" valuetype="1" ModelId="5">11</value><value key="Size" datatype="3" valuetype="1" ModelId="6">11</value><value key="Size" datatype="3" valuetype="1" ModelId="7">11</value><value key="Size" datatype="3" valuetype="1" ModelId="8">11</value><value key="Size" datatype="3" valuetype="1" ModelId="9">11</value><value key="Size" datatype="3" valuetype="1" ModelId="10">11</value><value key="Size" datatype="3" valuetype="1" ModelId="11">11</value><value key="Size" datatype="3" valuetype="1" ModelId="12">12</value><value key="Size" datatype="3" valuetype="1" ModelId="13">12</value><value key="Size" datatype="3" valuetype="1" ModelId="14">11</value><value key="Generation" datatype="5" valuetype="1" ModelId="1">0</value><value key="Generation" datatype="5" valuetype="1" ModelId="2">3</value><value key="Generation" datatype="5" valuetype="1" ModelId="3">19</value><value key="Generation" datatype="5" valuetype="1" ModelId="4">23</value><value key="Generation" datatype="5" valuetype="1" ModelId="5">24</value><value key="Generation" datatype="5" valuetype="1" ModelId="6">45</value><value key="Generation" datatype="5" valuetype="1" ModelId="7">51</value><value key="Generation" datatype="5" valuetype="1" ModelId="8">52</value><value key="Generation" datatype="5" valuetype="1" ModelId="9">70</value><value key="Generation" datatype="5" valuetype="1" ModelId="10">115</value><value key="Generation" datatype="5" valuetype="1" ModelId="11">2188</value><value key="Generation" datatype="5" valuetype="1" ModelId="12">2476</value><value key="Generation" datatype="5" valuetype="1" ModelId="13">2587</value><value key="Generation" datatype="5" valuetype="1" ModelId="14">7564</value><value key="RunIndex" datatype="5" valuetype="1" ModelId="1">1</value><value key="RunIndex" datatype="5" valuetype="1" ModelId="2">1</value><value key="RunIndex" datatype="5" valuetype="1" ModelId="3">1</value><value key="RunIndex" datatype="5" valuetype="1" ModelId="4">1</value><value key="RunIndex" datatype="5" valuetype="1" ModelId="5">1</value><value key="RunIndex" datatype="5" valuetype="1" ModelId="6">1</value><value key="RunIndex" datatype="5" valuetype="1" ModelId="7">1</value><value key="RunIndex" datatype="5" valuetype="1" ModelId="8">1</value><value key="RunIndex" datatype="5" valuetype="1" ModelId="9">1</value><value key="RunIndex" datatype="5" valuetype="1" ModelId="10">1</value><value key="RunIndex" datatype="5" valuetype="1" ModelId="11">1</value><value key="RunIndex" datatype="5" valuetype="1" ModelId="12">1</value><value key="RunIndex" datatype="5" valuetype="1" ModelId="13">1</value><value key="RunIndex" datatype="5" valuetype="1" ModelId="14">1</value><value key="Literals" datatype="3" valuetype="-1" ModelId="1">6</value><value key="Variables" datatype="8" valuetype="-1" ModelId="1">aid-to-nicaraguan-contras_u_min(1), synfuels-corporation-cutback_y_min(1), crime_y_min(1), aid-to-nicaraguan-contras_y_max(1), education-spending_y_max(1), export-administration-act-south-africa_y_max(1)</value><value key="Literals" datatype="3" valuetype="-1" ModelId="2">6</value><value key="Variables" datatype="8" valuetype="-1" ModelId="2">handicapped-infants_u_min(1), synfuels-corporation-cutback_y_min(1), crime_y_min(1), aid-to-nicaraguan-contras_y_max(1), education-spending_y_max(1), export-administration-act-south-africa_y_max(1)</value><value key="Literals" datatype="3" valuetype="-1" ModelId="3">7</value><value key="Variables" datatype="8" valuetype="-1" ModelId="3">handicapped-infants_u_min(1), el-salvador-aid_n_min(1), synfuels-corporation-cutback_y_min(1), crime_y_min(1), aid-to-nicaraguan-contras_y_max(1), education-spending_y_max(1), export-administration-act-south-africa_y_max(1)</value><value key="Literals" datatype="3" valuetype="-1" ModelId="4">7</value><value key="Variables" datatype="8" valuetype="-1" ModelId="4">handicapped-infants_u_min(1), el-salvador-aid_n_min(1), synfuels-corporation-cutback_y_min(1), crime_y_min(1), duty-free-exports_u_min(1), aid-to-nicaraguan-contras_y_max(1), education-spending_y_max(1)</value><value key="Literals" datatype="3" valuetype="-1" ModelId="5">4</value><value key="Variables" datatype="8" valuetype="-1" ModelId="5">handicapped-infants_u_min(1), physician-fee-freeze_n_min(1), crime_y_min(1), aid-to-nicaraguan-contras_y_max(1)</value><value key="Literals" datatype="3" valuetype="-1" ModelId="6">5</value><value key="Variables" datatype="8" valuetype="-1" ModelId="6">handicapped-infants_u_min(1), physician-fee-freeze_n_min(1), crime_y_min(1), aid-to-nicaraguan-contras_y_max(2)</value><value key="Literals" datatype="3" valuetype="-1" ModelId="7">5</value><value key="Variables" datatype="8" valuetype="-1" ModelId="7">handicapped-infants_u_min(1), physician-fee-freeze_n_min(1), crime_y_min(1), physician-fee-freeze_y_max(1), mx-missile_y_max(1)</value><value key="Literals" datatype="3" valuetype="-1" ModelId="8">5</value><value key="Variables" datatype="8" valuetype="-1" ModelId="8">physician-fee-freeze_n_min(1), crime_y_min(1), physician-fee-freeze_y_max(1), aid-to-nicaraguan-contras_u_max(1), mx-missile_y_max(1)</value><value key="Literals" datatype="3" valuetype="-1" ModelId="9">5</value><value key="Variables" datatype="8" valuetype="-1" ModelId="9">physician-fee-freeze_n_min(1), crime_y_min(1), physician-fee-freeze_y_max(1), aid-to-nicaraguan-contras_u_max(1), duty-free-exports_n_max(1)</value><value key="Literals" datatype="3" valuetype="-1" ModelId="10">6</value><value key="Variables" datatype="8" valuetype="-1" ModelId="10">physician-fee-freeze_n_min(1), education-spending_y_min(1), crime_y_min(1), physician-fee-freeze_y_max(1), aid-to-nicaraguan-contras_u_max(1), duty-free-exports_n_max(1)</value><value key="Literals" datatype="3" valuetype="-1" ModelId="11">6</value><value key="Variables" datatype="8" valuetype="-1" ModelId="11">physician-fee-freeze_n_min(1), synfuels-corporation-cutback_n_min(1), crime_y_min(1), adoption-of-the-budget-resolution_n_max(1), aid-to-nicaraguan-contras_u_max(1), duty-free-exports_n_max(1)</value><value key="Literals" datatype="3" valuetype="-1" ModelId="12">6</value><value key="Variables" datatype="8" valuetype="-1" ModelId="12">physician-fee-freeze_n_min(1), synfuels-corporation-cutback_n_min(1), crime_y_min(1), adoption-of-the-budget-resolution_n_max(1), aid-to-nicaraguan-contras_u_max(1), duty-free-exports_n_max(1)</value><value key="Literals" datatype="3" valuetype="-1" ModelId="13">7</value><value key="Variables" datatype="8" valuetype="-1" ModelId="13">physician-fee-freeze_n_min(2), synfuels-corporation-cutback_n_min(1), crime_y_min(1), adoption-of-the-budget-resolution_n_max(1), anti-satellite-test-ban_y_max(1), duty-free-exports_n_max(1)</value><value key="Literals" datatype="3" valuetype="-1" ModelId="14">7</value><value key="Variables" datatype="8" valuetype="-1" ModelId="14">physician-fee-freeze_n_min(2), el-salvador-aid_n_min(1), immigration_u_min(1), synfuels-corporation-cutback_n_min(1), adoption-of-the-budget-resolution_n_max(1), anti-satellite-test-ban_y_max(1)</value><value key="VariableImportance" datatype="8" valuetype="-1" ModelId="14">physician-fee-freeze_n_min(0.415795057516342), el-salvador-aid_n_min(0.116993108479355), immigration_u_min(1.38650530007563E-02), synfuels-corporation-cutback_n_min(0.125307910201379), adoption-of-the-budget-resolution_n_max(0.285108633553702), anti-satellite-test-ban_y_max(4.29302372484657E-02)</value></run></report>
