﻿<?xml version="1.0" encoding="utf-8"?>

<job filename="bwc_template_classification.gep" path="C:/DOKTORAT/PIPELINE/data.gep/" feedback="500" usesubfolder="2" subfoldername="bwc_5_6_8">
    <run id="1" stopcondition="generations" value="1000">
        <datasets>
            <dataset type="training" samples="all">
                <connection type="file" format="standard">
                    <path separator="comma" haslabels="yes">
                        C:/DOKTORAT/PIPELINE/data.min.max/bwc/bwc_TRAIN_fold_8.csv
                    </path>
                </connection>
            </dataset>
            <dataset type="testing" samples="all">
                <connection type="file" format="standard">
                    <path separator="comma" haslabels="yes">
                        C:/DOKTORAT/PIPELINE/data.min.max/bwc/bwc_TEST_fold_8.csv
                    </path>
                </connection>
            </dataset>
        </datasets>
        <settings>
            <setting key="Genes" value="6"/>
            <setting key="HeadSize" value="5"/>
			<setting key="FitnessFunction" value="11"/>
			<setting key="RoundingThreshold" value="0.5"/>
        </settings>
        <functions>
            <function action="add" symbol="*" weight="2"/>
        </functions>
        <test whichmodels="all"/>
    </run>
</job>
