<report id="0"><run id="1" name="vote_template_classification_000001.gep"><value key="HasTestingSet" datatype="3" valuetype="0">1</value><value key="TrainFitness" datatype="5" valuetype="1" ModelId="1">518.860154834459</value><value key="TrainFitness" datatype="5" valuetype="1" ModelId="2">527.188328912467</value><value key="TrainFitness" datatype="5" valuetype="1" ModelId="3">549.932523616734</value><value key="TrainFitness" datatype="5" valuetype="1" ModelId="4">583.333333333333</value><value key="TrainFitness" datatype="5" valuetype="1" ModelId="5">586.41975308642</value><value key="TrainFitness" datatype="5" valuetype="1" ModelId="6">595.760233918129</value><value key="TrainFitness" datatype="5" valuetype="1" ModelId="7">791.648542844715</value><value key="TrainFitness" datatype="5" valuetype="1" ModelId="8">893.462469733656</value><value key="TrainFitness" datatype="5" valuetype="1" ModelId="9">921.375921375921</value><value key="TrainFitness" datatype="5" valuetype="1" ModelId="10">926.108374384236</value><value key="TrainAccuracy" datatype="5" valuetype="1" ModelId="1">80.56</value><value key="TrainAccuracy" datatype="5" valuetype="1" ModelId="2">81.33</value><value key="TrainAccuracy" datatype="5" valuetype="1" ModelId="3">83.38</value><value key="TrainAccuracy" datatype="5" valuetype="1" ModelId="4">82.35</value><value key="TrainAccuracy" datatype="5" valuetype="1" ModelId="5">82.61</value><value key="TrainAccuracy" datatype="5" valuetype="1" ModelId="6">83.38</value><value key="TrainAccuracy" datatype="5" valuetype="1" ModelId="7">93.09</value><value key="TrainAccuracy" datatype="5" valuetype="1" ModelId="8">94.37</value><value key="TrainAccuracy" datatype="5" valuetype="1" ModelId="9">95.91</value><value key="TrainAccuracy" datatype="5" valuetype="1" ModelId="10">96.16</value><value key="TestFitness" datatype="5" valuetype="1" ModelId="1">532.544378698225</value><value key="TestFitness" datatype="5" valuetype="1" ModelId="2">494.505494505494</value><value key="TestFitness" datatype="5" valuetype="1" ModelId="3">757.575757575758</value><value key="TestFitness" datatype="5" valuetype="1" ModelId="4">604.575163398693</value><value key="TestFitness" datatype="5" valuetype="1" ModelId="5">690.909090909091</value><value key="TestFitness" datatype="5" valuetype="1" ModelId="6">604.575163398693</value><value key="TestFitness" datatype="5" valuetype="1" ModelId="7">612.244897959184</value><value key="TestFitness" datatype="5" valuetype="1" ModelId="8">694.444444444444</value><value key="TestFitness" datatype="5" valuetype="1" ModelId="9">694.444444444444</value><value key="TestFitness" datatype="5" valuetype="1" ModelId="10">694.444444444444</value><value key="TestAccuracy" datatype="5" valuetype="1" ModelId="1">81.82</value><value key="TestAccuracy" datatype="5" valuetype="1" ModelId="2">81.82</value><value key="TestAccuracy" datatype="5" valuetype="1" ModelId="3">90.91</value><value key="TestAccuracy" datatype="5" valuetype="1" ModelId="4">84.09</value><value key="TestAccuracy" datatype="5" valuetype="1" ModelId="5">86.36</value><value key="TestAccuracy" datatype="5" valuetype="1" ModelId="6">84.09</value><value key="TestAccuracy" datatype="5" valuetype="1" ModelId="7">88.64</value><value key="TestAccuracy" datatype="5" valuetype="1" ModelId="8">90.91</value><value key="TestAccuracy" datatype="5" valuetype="1" ModelId="9">90.91</value><value key="TestAccuracy" datatype="5" valuetype="1" ModelId="10">90.91</value><value key="Size" datatype="3" valuetype="1" ModelId="1">3</value><value key="Size" datatype="3" valuetype="1" ModelId="2">3</value><value key="Size" datatype="3" valuetype="1" ModelId="3">3</value><value key="Size" datatype="3" valuetype="1" ModelId="4">3</value><value key="Size" datatype="3" valuetype="1" ModelId="5">1</value><value key="Size" datatype="3" valuetype="1" ModelId="6">3</value><value key="Size" datatype="3" valuetype="1" ModelId="7">3</value><value key="Size" datatype="3" valuetype="1" ModelId="8">3</value><value key="Size" datatype="3" valuetype="1" ModelId="9">3</value><value key="Size" datatype="3" valuetype="1" ModelId="10">3</value><value key="Generation" datatype="5" valuetype="1" ModelId="1">0</value><value key="Generation" datatype="5" valuetype="1" ModelId="2">16</value><value key="Generation" datatype="5" valuetype="1" ModelId="3">27</value><value key="Generation" datatype="5" valuetype="1" ModelId="4">39</value><value key="Generation" datatype="5" valuetype="1" ModelId="5">42</value><value key="Generation" datatype="5" valuetype="1" ModelId="6">61</value><value key="Generation" datatype="5" valuetype="1" ModelId="7">72</value><value key="Generation" datatype="5" valuetype="1" ModelId="8">73</value><value key="Generation" datatype="5" valuetype="1" ModelId="9">75</value><value key="Generation" datatype="5" valuetype="1" ModelId="10">85</value><value key="RunIndex" datatype="5" valuetype="1" ModelId="1">1</value><value key="RunIndex" datatype="5" valuetype="1" ModelId="2">1</value><value key="RunIndex" datatype="5" valuetype="1" ModelId="3">1</value><value key="RunIndex" datatype="5" valuetype="1" ModelId="4">1</value><value key="RunIndex" datatype="5" valuetype="1" ModelId="5">1</value><value key="RunIndex" datatype="5" valuetype="1" ModelId="6">1</value><value key="RunIndex" datatype="5" valuetype="1" ModelId="7">1</value><value key="RunIndex" datatype="5" valuetype="1" ModelId="8">1</value><value key="RunIndex" datatype="5" valuetype="1" ModelId="9">1</value><value key="RunIndex" datatype="5" valuetype="1" ModelId="10">1</value><value key="Literals" datatype="3" valuetype="-1" ModelId="1">2</value><value key="Variables" datatype="8" valuetype="-1" ModelId="1">mx-missile_y_min(1), handicapped-infants_y_max(1)</value><value key="Literals" datatype="3" valuetype="-1" ModelId="2">2</value><value key="Variables" datatype="8" valuetype="-1" ModelId="2">handicapped-infants_y_max(1), mx-missile_n_max(1)</value><value key="Literals" datatype="3" valuetype="-1" ModelId="3">2</value><value key="Variables" datatype="8" valuetype="-1" ModelId="3">education-spending_n_min(1), handicapped-infants_y_max(1)</value><value key="Literals" datatype="3" valuetype="-1" ModelId="4">2</value><value key="Variables" datatype="8" valuetype="-1" ModelId="4">education-spending_n_min(1), immigration_u_max(1)</value><value key="Literals" datatype="3" valuetype="-1" ModelId="5">1</value><value key="Variables" datatype="8" valuetype="-1" ModelId="5">education-spending_n_min(1)</value><value key="Literals" datatype="3" valuetype="-1" ModelId="6">2</value><value key="Variables" datatype="8" valuetype="-1" ModelId="6">el-salvador-aid_u_min(1), education-spending_n_min(1)</value><value key="Literals" datatype="3" valuetype="-1" ModelId="7">2</value><value key="Variables" datatype="8" valuetype="-1" ModelId="7">education-spending_n_min(1), physician-fee-freeze_y_max(1)</value><value key="Literals" datatype="3" valuetype="-1" ModelId="8">2</value><value key="Variables" datatype="8" valuetype="-1" ModelId="8">physician-fee-freeze_y_max(1), crime_y_max(1)</value><value key="Literals" datatype="3" valuetype="-1" ModelId="9">2</value><value key="Variables" datatype="8" valuetype="-1" ModelId="9">el-salvador-aid_u_min(1), physician-fee-freeze_y_max(1)</value><value key="Literals" datatype="3" valuetype="-1" ModelId="10">1</value><value key="Variables" datatype="8" valuetype="-1" ModelId="10">physician-fee-freeze_y_max(1)</value><value key="VariableImportance" datatype="8" valuetype="-1" ModelId="10">physician-fee-freeze_y_max(1)</value></run></report>
