<log created='11/30/2019 13:22:47' name='vote_template_classification_000001'>
<item created='11/30/2019 13:22:47' severity='0'>Processing run 1...</item>
<item created='11/30/2019 13:22:47' severity='0'>Applied setting Genes (1)</item>
<item created='11/30/2019 13:22:47' severity='0'>Applied setting HeadSize (1)</item>
<item created='11/30/2019 13:22:47' severity='0'>Applied setting FitnessFunction (11)</item>
<item created='11/30/2019 13:22:47' severity='0'>Applied setting RoundingThreshold (0.5)</item>
<item created='11/30/2019 13:22:47' severity='0'>Changed function * to weight 2.</item>
<item created='11/30/2019 13:22:47' severity='0'>Loading data from file vote_TRAIN_fold_6.csv ...</item>
<item created='11/30/2019 13:22:48' severity='0'>Loading data from file vote_TEST_fold_6.csv ...</item>
<item created='11/30/2019 13:22:49' severity='0'>Loading run file... vote_1_1_6\vote_template_classification_000001.gep</item>
<item created='11/30/2019 13:22:49' severity='0'>Initializing run...</item>
<item created='11/30/2019 13:22:49' severity='0'>Training Set size: 391</item>
<item created='11/30/2019 13:22:49' severity='0'>Dataset loaded.</item>
<item created='11/30/2019 13:22:49' severity='0'>Starting...</item>
<item created='11/30/2019 13:22:49' severity='0'>Generation: 0 (518.860154834459, 80.56% (315))</item>
<item created='11/30/2019 13:22:51' severity='0'>Generation: 943 (926.108374384236, 96.16% (376))</item>
<item created='11/30/2019 13:22:53' severity='0'>Generation: 2843 (926.108374384236, 96.16% (376))</item>
<item created='11/30/2019 13:22:55' severity='0'>Generation: 4982 (926.108374384236, 96.16% (376))</item>
<item created='11/30/2019 13:22:57' severity='0'>Generation: 7076 (926.108374384236, 96.16% (376))</item>
<item created='11/30/2019 13:22:59' severity='0'>Generation: 9287 (926.108374384236, 96.16% (376))</item>
<item created='11/30/2019 13:23:01' severity='0'>Generation: 11439 (926.108374384236, 96.16% (376))</item>
<item created='11/30/2019 13:23:03' severity='0'>Generation: 13673 (926.108374384236, 96.16% (376))</item>
<item created='11/30/2019 13:23:05' severity='0'>Generation: 15921 (926.108374384236, 96.16% (376))</item>
<item created='11/30/2019 13:23:07' severity='0'>Generation: 18176 (926.108374384236, 96.16% (376))</item>
<item created='11/30/2019 13:23:08' severity='0'>Finished run.</item>
<item created='11/30/2019 13:23:08' severity='0'>Models created: 10</item>
<item created='11/30/2019 13:23:08' severity='0'>Models: 10</item>
<item created='11/30/2019 13:23:08' severity='0'>Last Model: 10</item>
<item created='11/30/2019 13:23:08' severity='0'>Generation: 85</item>
<item created='11/30/2019 13:23:08' severity='0'>Training Fitness: 926.108374384236</item>
<item created='11/30/2019 13:23:08' severity='0'>Training Accuracy: 96.16%</item>
<item created='11/30/2019 13:23:08' severity='0'>Success</item>
<item created='11/30/2019 13:23:08' severity='0'>Loading run file... vote_1_1_6\vote_template_classification_000001.gep</item>
<item created='11/30/2019 13:23:09' severity='0'>Initializing tests for all models...</item>
<item created='11/30/2019 13:23:09' severity='0'>Testing model 1 on the Validation Set with 44 records..............</item>
<item created='11/30/2019 13:23:09' severity='0'>Testing model 2 on the Validation Set with 44 records..............</item>
<item created='11/30/2019 13:23:09' severity='0'>Testing model 3 on the Validation Set with 44 records..............</item>
<item created='11/30/2019 13:23:09' severity='0'>Testing model 4 on the Validation Set with 44 records..............</item>
<item created='11/30/2019 13:23:09' severity='0'>Testing model 5 on the Validation Set with 44 records..............</item>
<item created='11/30/2019 13:23:09' severity='0'>Testing model 6 on the Validation Set with 44 records..............</item>
<item created='11/30/2019 13:23:09' severity='0'>Testing model 7 on the Validation Set with 44 records..............</item>
<item created='11/30/2019 13:23:09' severity='0'>Testing model 8 on the Validation Set with 44 records..............</item>
<item created='11/30/2019 13:23:09' severity='0'>Testing model 9 on the Validation Set with 44 records..............</item>
<item created='11/30/2019 13:23:09' severity='0'>Testing model 10 on the Validation Set with 44 records..............</item>
<item created='11/30/2019 13:23:09' severity='0'>Success</item>
</log>
