<summary><value key="AverageTrainFitness" datatype="5" valuetype="4">955</value><value key="AverageTrainRSQuare" datatype="5" valuetype="4">0.736760918913897</value><value key="AverageTrainAccuracy" datatype="5" valuetype="4">97.7</value><value key="MaxTrainFitness" datatype="5" valuetype="4">1000</value><value key="MaxTestFitness" datatype="5" valuetype="4">1000</value><value key="TrainSuccessCount" datatype="3" valuetype="4">0</value><value key="TrainSuccessRate" datatype="5" valuetype="4">0</value><value key="BestTrainFitness" datatype="5" valuetype="4">955</value><value key="BestTrainFitnessRun" datatype="3" valuetype="4">1</value><value key="BestTrainFitnessHistory" datatype="3" valuetype="4">1</value><value key="BestTrainFitnessModelId" datatype="3" valuetype="4">9</value><value key="BestTrainFitnessModelSize" datatype="3" valuetype="4">11</value><value key="BestTrainFitnessModelLiterals" datatype="3" valuetype="4">7</value><value key="BestTrainFitnessModelTerminals" datatype="8" valuetype="4">adoption-of-the-budget-resolution_y_min(1), el-salvador-aid_n_min(1), anti-satellite-test-ban_n_min(1), physician-fee-freeze_y_max(1), mx-missile_n_max(1), immigration_y_max(1), synfuels-corporation-cutback_n_max(1)</value><value key="BestTrainFitnessModelVariableImportance" datatype="8" valuetype="4">adoption-of-the-budget-resolution_y_min(8.71751131828632E-02), el-salvador-aid_n_min(8.39191346855351E-02), anti-satellite-test-ban_n_min(3.89427965637142E-02), physician-fee-freeze_y_max(0.610560095928384), mx-missile_n_max(9.14448751923643E-02), immigration_y_max(8.88355266251402E-03), synfuels-corporation-cutback_n_max(7.90744317846254E-02)</value><value key="BestTrainAccuracy" datatype="5" valuetype="4">97.7</value><value key="BestTrainAccuracyRun" datatype="3" valuetype="4">1</value><value key="BestTrainAccuracyHistory" datatype="3" valuetype="4">1</value><value key="BestTrainAccuracyModelId" datatype="3" valuetype="4">9</value><value key="BestTrainAccuracyModelSize" datatype="3" valuetype="4">11</value><value key="BestTrainAccuracyModelLiterals" datatype="3" valuetype="4">7</value><value key="BestTrainAccuracyModelTerminals" datatype="8" valuetype="4">adoption-of-the-budget-resolution_y_min(1), el-salvador-aid_n_min(1), anti-satellite-test-ban_n_min(1), physician-fee-freeze_y_max(1), mx-missile_n_max(1), immigration_y_max(1), synfuels-corporation-cutback_n_max(1)</value><value key="BestTrainAccuracyModelVariableImportance" datatype="8" valuetype="4">adoption-of-the-budget-resolution_y_min(8.71751131828632E-02), el-salvador-aid_n_min(8.39191346855351E-02), anti-satellite-test-ban_n_min(3.89427965637142E-02), physician-fee-freeze_y_max(0.610560095928384), mx-missile_n_max(9.14448751923643E-02), immigration_y_max(8.88355266251402E-03), synfuels-corporation-cutback_n_max(7.90744317846254E-02)</value><value key="BestTrainRSQuare" datatype="5" valuetype="4">0.736760918913897</value><value key="BestTrainRSQuareRun" datatype="3" valuetype="4">1</value><value key="BestTrainRSQuareHistory" datatype="3" valuetype="4">1</value><value key="BestTrainRSQuareModelId" datatype="3" valuetype="4">9</value><value key="BestTrainRSQuareModelSize" datatype="3" valuetype="4">11</value><value key="BestTrainRSQuareModelLiterals" datatype="3" valuetype="4">7</value><value key="BestTrainRSQuareModelTerminals" datatype="8" valuetype="4">adoption-of-the-budget-resolution_y_min(1), el-salvador-aid_n_min(1), anti-satellite-test-ban_n_min(1), physician-fee-freeze_y_max(1), mx-missile_n_max(1), immigration_y_max(1), synfuels-corporation-cutback_n_max(1)</value><value key="BestTrainRSQuareModelVariableImportance" datatype="8" valuetype="4">adoption-of-the-budget-resolution_y_min(8.71751131828632E-02), el-salvador-aid_n_min(8.39191346855351E-02), anti-satellite-test-ban_n_min(3.89427965637142E-02), physician-fee-freeze_y_max(0.610560095928384), mx-missile_n_max(9.14448751923643E-02), immigration_y_max(8.88355266251402E-03), synfuels-corporation-cutback_n_max(7.90744317846254E-02)</value><value key="TestSuccessCount" datatype="3" valuetype="4">0</value><value key="TestSuccessRate" datatype="5" valuetype="4">0</value><value key="AverageTestFitness" datatype="5" valuetype="4">955.555555555556</value><value key="AverageTestRSQuare" datatype="5" valuetype="4">0.742622877306831</value><value key="AverageTestAccuracy" datatype="5" valuetype="4">97.73</value><value key="BestTestFitness" datatype="5" valuetype="4">955.555555555556</value><value key="BestTestFitnessRun" datatype="3" valuetype="4">1</value><value key="BestTestFitnessHistory" datatype="3" valuetype="4">1</value><value key="BestTestFitnessModelId" datatype="3" valuetype="4">9</value><value key="BestTestFitnessModelSize" datatype="3" valuetype="4">11</value><value key="BestTestFitnessModelLiterals" datatype="3" valuetype="4">7</value><value key="BestTestFitnessModelTerminals" datatype="8" valuetype="4">adoption-of-the-budget-resolution_y_min(1), el-salvador-aid_n_min(1), anti-satellite-test-ban_n_min(1), physician-fee-freeze_y_max(1), mx-missile_n_max(1), immigration_y_max(1), synfuels-corporation-cutback_n_max(1)</value><value key="BestTestFitnessModelVariableImportance" datatype="8" valuetype="4">adoption-of-the-budget-resolution_y_min(5.65590468365219E-02), el-salvador-aid_n_min(9.73381200982813E-02), anti-satellite-test-ban_n_min(1.48379192356164E-02), physician-fee-freeze_y_max(0.756978419473791), mx-missile_n_max(9.54504289639455E-03), immigration_y_max(7.69213257662404E-03), synfuels-corporation-cutback_n_max(5.70493188827707E-02)</value><value key="BestTestAccuracy" datatype="5" valuetype="4">97.73</value><value key="BestTestAccuracyRun" datatype="3" valuetype="4">1</value><value key="BestTestAccuracyHistory" datatype="3" valuetype="4">1</value><value key="BestTestAccuracyModelId" datatype="3" valuetype="4">9</value><value key="BestTestAccuracyModelSize" datatype="3" valuetype="4">11</value><value key="BestTestAccuracyModelLiterals" datatype="3" valuetype="4">7</value><value key="BestTestAccuracyModelTerminals" datatype="8" valuetype="4">adoption-of-the-budget-resolution_y_min(1), el-salvador-aid_n_min(1), anti-satellite-test-ban_n_min(1), physician-fee-freeze_y_max(1), mx-missile_n_max(1), immigration_y_max(1), synfuels-corporation-cutback_n_max(1)</value><value key="BestTestAccuracyModelVariableImportance" datatype="8" valuetype="4">adoption-of-the-budget-resolution_y_min(5.65590468365219E-02), el-salvador-aid_n_min(9.73381200982813E-02), anti-satellite-test-ban_n_min(1.48379192356164E-02), physician-fee-freeze_y_max(0.756978419473791), mx-missile_n_max(9.54504289639455E-03), immigration_y_max(7.69213257662404E-03), synfuels-corporation-cutback_n_max(5.70493188827707E-02)</value><value key="BestTestRSQuare" datatype="5" valuetype="4">0.742622877306831</value><value key="BestTestRSQuareRun" datatype="3" valuetype="4">1</value><value key="BestTestRSQuareHistory" datatype="3" valuetype="4">1</value><value key="BestTestRSQuareModelId" datatype="3" valuetype="4">9</value><value key="BestTestRSQuareModelSize" datatype="3" valuetype="4">11</value><value key="BestTestRSQuareModelLiterals" datatype="3" valuetype="4">7</value><value key="BestTestRSQuareModelTerminals" datatype="8" valuetype="4">adoption-of-the-budget-resolution_y_min(1), el-salvador-aid_n_min(1), anti-satellite-test-ban_n_min(1), physician-fee-freeze_y_max(1), mx-missile_n_max(1), immigration_y_max(1), synfuels-corporation-cutback_n_max(1)</value><value key="BestTestRSQuareModelVariableImportance" datatype="8" valuetype="4">adoption-of-the-budget-resolution_y_min(5.65590468365219E-02), el-salvador-aid_n_min(9.73381200982813E-02), anti-satellite-test-ban_n_min(1.48379192356164E-02), physician-fee-freeze_y_max(0.756978419473791), mx-missile_n_max(9.54504289639455E-03), immigration_y_max(7.69213257662404E-03), synfuels-corporation-cutback_n_max(5.70493188827707E-02)</value><value key="DefinitionFile" datatype="8" valuetype="4">../vote_1_5_3_jobdef.xml</value></summary>
