<log created='11/30/2019 13:49:31' name='vote_template_classification_000001'>
<item created='11/30/2019 13:49:31' severity='0'>Processing run 1...</item>
<item created='11/30/2019 13:49:31' severity='0'>Applied setting Genes (5)</item>
<item created='11/30/2019 13:49:31' severity='0'>Applied setting HeadSize (1)</item>
<item created='11/30/2019 13:49:31' severity='0'>Applied setting FitnessFunction (11)</item>
<item created='11/30/2019 13:49:31' severity='0'>Applied setting RoundingThreshold (0.5)</item>
<item created='11/30/2019 13:49:31' severity='0'>Changed function * to weight 2.</item>
<item created='11/30/2019 13:49:31' severity='0'>Loading data from file vote_TRAIN_fold_3.csv ...</item>
<item created='11/30/2019 13:49:32' severity='0'>Loading data from file vote_TEST_fold_3.csv ...</item>
<item created='11/30/2019 13:49:33' severity='0'>Loading run file... vote_1_5_3\vote_template_classification_000001.gep</item>
<item created='11/30/2019 13:49:33' severity='0'>Initializing run...</item>
<item created='11/30/2019 13:49:33' severity='0'>Training Set size: 391</item>
<item created='11/30/2019 13:49:33' severity='0'>Dataset loaded.</item>
<item created='11/30/2019 13:49:33' severity='0'>Starting...</item>
<item created='11/30/2019 13:49:33' severity='0'>Generation: 0 (570.498543772486, 85.17% (333))</item>
<item created='11/30/2019 13:49:35' severity='0'>Generation: 430 (950.124688279302, 97.44% (381))</item>
<item created='11/30/2019 13:49:37' severity='0'>Generation: 1047 (950.124688279302, 97.44% (381))</item>
<item created='11/30/2019 13:49:39' severity='0'>Generation: 1688 (950.124688279302, 97.44% (381))</item>
<item created='11/30/2019 13:49:41' severity='0'>Generation: 2300 (950.124688279302, 97.44% (381))</item>
<item created='11/30/2019 13:49:43' severity='0'>Generation: 2925 (950.124688279302, 97.44% (381))</item>
<item created='11/30/2019 13:49:45' severity='0'>Generation: 3537 (950.124688279302, 97.44% (381))</item>
<item created='11/30/2019 13:49:47' severity='0'>Generation: 4162 (950.124688279302, 97.44% (381))</item>
<item created='11/30/2019 13:49:49' severity='0'>Generation: 4783 (950.124688279302, 97.44% (381))</item>
<item created='11/30/2019 13:49:51' severity='0'>Generation: 5418 (950.124688279302, 97.44% (381))</item>
<item created='11/30/2019 13:49:53' severity='0'>Generation: 6043 (950.124688279302, 97.44% (381))</item>
<item created='11/30/2019 13:49:55' severity='0'>Generation: 6661 (950.124688279302, 97.44% (381))</item>
<item created='11/30/2019 13:49:57' severity='0'>Generation: 7257 (950.124688279302, 97.44% (381))</item>
<item created='11/30/2019 13:49:59' severity='0'>Generation: 7834 (950.124688279302, 97.44% (381))</item>
<item created='11/30/2019 13:50:01' severity='0'>Generation: 8460 (955, 97.70% (382))</item>
<item created='11/30/2019 13:50:03' severity='0'>Generation: 9061 (955, 97.70% (382))</item>
<item created='11/30/2019 13:50:05' severity='0'>Generation: 9638 (955, 97.70% (382))</item>
<item created='11/30/2019 13:50:07' severity='0'>Generation: 10222 (955, 97.70% (382))</item>
<item created='11/30/2019 13:50:09' severity='0'>Generation: 10805 (955, 97.70% (382))</item>
<item created='11/30/2019 13:50:11' severity='0'>Generation: 11424 (955, 97.70% (382))</item>
<item created='11/30/2019 13:50:13' severity='0'>Generation: 12060 (955, 97.70% (382))</item>
<item created='11/30/2019 13:50:15' severity='0'>Generation: 12682 (955, 97.70% (382))</item>
<item created='11/30/2019 13:50:17' severity='0'>Generation: 13283 (955, 97.70% (382))</item>
<item created='11/30/2019 13:50:19' severity='0'>Generation: 13897 (955, 97.70% (382))</item>
<item created='11/30/2019 13:50:21' severity='0'>Generation: 14536 (955, 97.70% (382))</item>
<item created='11/30/2019 13:50:23' severity='0'>Generation: 15153 (955, 97.70% (382))</item>
<item created='11/30/2019 13:50:25' severity='0'>Generation: 15798 (955, 97.70% (382))</item>
<item created='11/30/2019 13:50:27' severity='0'>Generation: 16435 (955, 97.70% (382))</item>
<item created='11/30/2019 13:50:29' severity='0'>Generation: 17101 (955, 97.70% (382))</item>
<item created='11/30/2019 13:50:31' severity='0'>Generation: 17726 (955, 97.70% (382))</item>
<item created='11/30/2019 13:50:33' severity='0'>Generation: 18338 (955, 97.70% (382))</item>
<item created='11/30/2019 13:50:35' severity='0'>Generation: 18957 (955, 97.70% (382))</item>
<item created='11/30/2019 13:50:37' severity='0'>Generation: 19593 (955, 97.70% (382))</item>
<item created='11/30/2019 13:50:38' severity='0'>Finished run.</item>
<item created='11/30/2019 13:50:38' severity='0'>Models created: 9</item>
<item created='11/30/2019 13:50:38' severity='0'>Models: 9</item>
<item created='11/30/2019 13:50:38' severity='0'>Last Model: 9</item>
<item created='11/30/2019 13:50:38' severity='0'>Generation: 8425</item>
<item created='11/30/2019 13:50:38' severity='0'>Training Fitness: 955</item>
<item created='11/30/2019 13:50:38' severity='0'>Training Accuracy: 97.70%</item>
<item created='11/30/2019 13:50:38' severity='0'>Success</item>
<item created='11/30/2019 13:50:38' severity='0'>Loading run file... vote_1_5_3\vote_template_classification_000001.gep</item>
<item created='11/30/2019 13:50:38' severity='0'>Initializing tests for all models...</item>
<item created='11/30/2019 13:50:38' severity='0'>Testing model 1 on the Validation Set with 44 records..............</item>
<item created='11/30/2019 13:50:38' severity='0'>Testing model 2 on the Validation Set with 44 records..............</item>
<item created='11/30/2019 13:50:38' severity='0'>Testing model 3 on the Validation Set with 44 records..............</item>
<item created='11/30/2019 13:50:38' severity='0'>Testing model 4 on the Validation Set with 44 records..............</item>
<item created='11/30/2019 13:50:38' severity='0'>Testing model 5 on the Validation Set with 44 records..............</item>
<item created='11/30/2019 13:50:38' severity='0'>Testing model 6 on the Validation Set with 44 records..............</item>
<item created='11/30/2019 13:50:38' severity='0'>Testing model 7 on the Validation Set with 44 records..............</item>
<item created='11/30/2019 13:50:38' severity='0'>Testing model 8 on the Validation Set with 44 records..............</item>
<item created='11/30/2019 13:50:38' severity='0'>Testing model 9 on the Validation Set with 44 records..............</item>
<item created='11/30/2019 13:50:38' severity='0'>Success</item>
</log>
