<report id="0"><run id="1" name="vote_template_classification_000001.gep"><value key="HasTestingSet" datatype="3" valuetype="0">1</value><value key="TrainFitness" datatype="5" valuetype="1" ModelId="1">570.498543772486</value><value key="TrainFitness" datatype="5" valuetype="1" ModelId="2">907.317073170732</value><value key="TrainFitness" datatype="5" valuetype="1" ModelId="3">911.980440097799</value><value key="TrainFitness" datatype="5" valuetype="1" ModelId="4">916.666666666667</value><value key="TrainFitness" datatype="5" valuetype="1" ModelId="5">921.375921375921</value><value key="TrainFitness" datatype="5" valuetype="1" ModelId="6">926.108374384236</value><value key="TrainFitness" datatype="5" valuetype="1" ModelId="7">930.864197530864</value><value key="TrainFitness" datatype="5" valuetype="1" ModelId="8">950.124688279302</value><value key="TrainFitness" datatype="5" valuetype="1" ModelId="9">955</value><value key="TrainAccuracy" datatype="5" valuetype="1" ModelId="1">85.17</value><value key="TrainAccuracy" datatype="5" valuetype="1" ModelId="2">95.14</value><value key="TrainAccuracy" datatype="5" valuetype="1" ModelId="3">95.4</value><value key="TrainAccuracy" datatype="5" valuetype="1" ModelId="4">95.65</value><value key="TrainAccuracy" datatype="5" valuetype="1" ModelId="5">95.91</value><value key="TrainAccuracy" datatype="5" valuetype="1" ModelId="6">96.16</value><value key="TrainAccuracy" datatype="5" valuetype="1" ModelId="7">96.42</value><value key="TrainAccuracy" datatype="5" valuetype="1" ModelId="8">97.44</value><value key="TrainAccuracy" datatype="5" valuetype="1" ModelId="9">97.7</value><value key="TestFitness" datatype="5" valuetype="1" ModelId="1">694.444444444444</value><value key="TestFitness" datatype="5" valuetype="1" ModelId="2">955.555555555556</value><value key="TestFitness" datatype="5" valuetype="1" ModelId="3">955.555555555556</value><value key="TestFitness" datatype="5" valuetype="1" ModelId="4">955.555555555556</value><value key="TestFitness" datatype="5" valuetype="1" ModelId="5">955.555555555556</value><value key="TestFitness" datatype="5" valuetype="1" ModelId="6">955.555555555556</value><value key="TestFitness" datatype="5" valuetype="1" ModelId="7">955.555555555556</value><value key="TestFitness" datatype="5" valuetype="1" ModelId="8">955.555555555556</value><value key="TestFitness" datatype="5" valuetype="1" ModelId="9">955.555555555556</value><value key="TestAccuracy" datatype="5" valuetype="1" ModelId="1">90.91</value><value key="TestAccuracy" datatype="5" valuetype="1" ModelId="2">97.73</value><value key="TestAccuracy" datatype="5" valuetype="1" ModelId="3">97.73</value><value key="TestAccuracy" datatype="5" valuetype="1" ModelId="4">97.73</value><value key="TestAccuracy" datatype="5" valuetype="1" ModelId="5">97.73</value><value key="TestAccuracy" datatype="5" valuetype="1" ModelId="6">97.73</value><value key="TestAccuracy" datatype="5" valuetype="1" ModelId="7">97.73</value><value key="TestAccuracy" datatype="5" valuetype="1" ModelId="8">97.73</value><value key="TestAccuracy" datatype="5" valuetype="1" ModelId="9">97.73</value><value key="Size" datatype="3" valuetype="1" ModelId="1">15</value><value key="Size" datatype="3" valuetype="1" ModelId="2">13</value><value key="Size" datatype="3" valuetype="1" ModelId="3">12</value><value key="Size" datatype="3" valuetype="1" ModelId="4">12</value><value key="Size" datatype="3" valuetype="1" ModelId="5">12</value><value key="Size" datatype="3" valuetype="1" ModelId="6">14</value><value key="Size" datatype="3" valuetype="1" ModelId="7">14</value><value key="Size" datatype="3" valuetype="1" ModelId="8">11</value><value key="Size" datatype="3" valuetype="1" ModelId="9">11</value><value key="Generation" datatype="5" valuetype="1" ModelId="1">0</value><value key="Generation" datatype="5" valuetype="1" ModelId="2">1</value><value key="Generation" datatype="5" valuetype="1" ModelId="3">8</value><value key="Generation" datatype="5" valuetype="1" ModelId="4">43</value><value key="Generation" datatype="5" valuetype="1" ModelId="5">248</value><value key="Generation" datatype="5" valuetype="1" ModelId="6">258</value><value key="Generation" datatype="5" valuetype="1" ModelId="7">318</value><value key="Generation" datatype="5" valuetype="1" ModelId="8">393</value><value key="Generation" datatype="5" valuetype="1" ModelId="9">8425</value><value key="RunIndex" datatype="5" valuetype="1" ModelId="1">1</value><value key="RunIndex" datatype="5" valuetype="1" ModelId="2">1</value><value key="RunIndex" datatype="5" valuetype="1" ModelId="3">1</value><value key="RunIndex" datatype="5" valuetype="1" ModelId="4">1</value><value key="RunIndex" datatype="5" valuetype="1" ModelId="5">1</value><value key="RunIndex" datatype="5" valuetype="1" ModelId="6">1</value><value key="RunIndex" datatype="5" valuetype="1" ModelId="7">1</value><value key="RunIndex" datatype="5" valuetype="1" ModelId="8">1</value><value key="RunIndex" datatype="5" valuetype="1" ModelId="9">1</value><value key="Literals" datatype="3" valuetype="-1" ModelId="1">8</value><value key="Variables" datatype="8" valuetype="-1" ModelId="1">religious-groups-in-schools_y_min(1), anti-satellite-test-ban_u_min(1), immigration_u_min(1), superfund-right-to-sue_u_min(1), handicapped-infants_u_max(1), adoption-of-the-budget-resolution_n_max(1), aid-to-nicaraguan-contras_u_max(1), education-spending_y_max(1)</value><value key="Literals" datatype="3" valuetype="-1" ModelId="2">4</value><value key="Variables" datatype="8" valuetype="-1" ModelId="2">mx-missile_u_min(1), education-spending_n_min(1), physician-fee-freeze_y_max(1), immigration_y_max(1)</value><value key="Literals" datatype="3" valuetype="-1" ModelId="3">4</value><value key="Variables" datatype="8" valuetype="-1" ModelId="3">handicapped-infants_u_max(1), physician-fee-freeze_y_max(1), mx-missile_n_max(1), immigration_y_max(1)</value><value key="Literals" datatype="3" valuetype="-1" ModelId="4">5</value><value key="Variables" datatype="8" valuetype="-1" ModelId="4">el-salvador-aid_n_min(1), handicapped-infants_u_max(1), physician-fee-freeze_y_max(2), immigration_y_max(1)</value><value key="Literals" datatype="3" valuetype="-1" ModelId="5">5</value><value key="Variables" datatype="8" valuetype="-1" ModelId="5">el-salvador-aid_n_min(1), export-administration-act-south-africa_n_min(1), physician-fee-freeze_y_max(1), mx-missile_n_max(1), immigration_y_max(1)</value><value key="Literals" datatype="3" valuetype="-1" ModelId="6">8</value><value key="Variables" datatype="8" valuetype="-1" ModelId="6">adoption-of-the-budget-resolution_y_min(1), el-salvador-aid_n_min(1), anti-satellite-test-ban_n_min(1), duty-free-exports_n_min(1), export-administration-act-south-africa_n_min(1), physician-fee-freeze_y_max(1), mx-missile_n_max(1), immigration_y_max(1)</value><value key="Literals" datatype="3" valuetype="-1" ModelId="7">8</value><value key="Variables" datatype="8" valuetype="-1" ModelId="7">adoption-of-the-budget-resolution_y_min(1), el-salvador-aid_n_min(1), duty-free-exports_n_min(2), export-administration-act-south-africa_n_min(1), physician-fee-freeze_y_max(1), mx-missile_n_max(1), immigration_y_max(1)</value><value key="Literals" datatype="3" valuetype="-1" ModelId="8">7</value><value key="Variables" datatype="8" valuetype="-1" ModelId="8">adoption-of-the-budget-resolution_y_min(1), el-salvador-aid_n_min(1), anti-satellite-test-ban_n_min(1), synfuels-corporation-cutback_y_min(1), physician-fee-freeze_y_max(1), mx-missile_n_max(1), immigration_y_max(1)</value><value key="Literals" datatype="3" valuetype="-1" ModelId="9">7</value><value key="Variables" datatype="8" valuetype="-1" ModelId="9">adoption-of-the-budget-resolution_y_min(1), el-salvador-aid_n_min(1), anti-satellite-test-ban_n_min(1), physician-fee-freeze_y_max(1), mx-missile_n_max(1), immigration_y_max(1), synfuels-corporation-cutback_n_max(1)</value><value key="VariableImportance" datatype="8" valuetype="-1" ModelId="9">adoption-of-the-budget-resolution_y_min(0.101663281345755), el-salvador-aid_n_min(7.84092208103507E-02), anti-satellite-test-ban_n_min(8.98970216888077E-03), physician-fee-freeze_y_max(0.668682641580659), mx-missile_n_max(0.075903945771187), immigration_y_max(0.006093862160774), synfuels-corporation-cutback_n_max(6.02573461623931E-02)</value></run></report>
