<log created='11/30/2019 14:10:23' name='vote_template_classification_000001'>
<item created='11/30/2019 14:10:23' severity='0'>Processing run 1...</item>
<item created='11/30/2019 14:10:23' severity='0'>Applied setting Genes (6)</item>
<item created='11/30/2019 14:10:23' severity='0'>Applied setting HeadSize (1)</item>
<item created='11/30/2019 14:10:23' severity='0'>Applied setting FitnessFunction (11)</item>
<item created='11/30/2019 14:10:23' severity='0'>Applied setting RoundingThreshold (0.5)</item>
<item created='11/30/2019 14:10:23' severity='0'>Changed function * to weight 2.</item>
<item created='11/30/2019 14:10:23' severity='0'>Loading data from file vote_TRAIN_fold_10.csv ...</item>
<item created='11/30/2019 14:10:24' severity='0'>Loading data from file vote_TEST_fold_10.csv ...</item>
<item created='11/30/2019 14:10:25' severity='0'>Loading run file... vote_1_6_10\vote_template_classification_000001.gep</item>
<item created='11/30/2019 14:10:25' severity='0'>Initializing run...</item>
<item created='11/30/2019 14:10:25' severity='0'>Training Set size: 393</item>
<item created='11/30/2019 14:10:25' severity='0'>Dataset loaded.</item>
<item created='11/30/2019 14:10:25' severity='0'>Starting...</item>
<item created='11/30/2019 14:10:25' severity='0'>Generation: 0 (711.193568336425, 87.79% (345))</item>
<item created='11/30/2019 14:10:27' severity='0'>Generation: 392 (935.960591133005, 96.69% (380))</item>
<item created='11/30/2019 14:10:29' severity='0'>Generation: 934 (950.372208436725, 97.46% (383))</item>
<item created='11/30/2019 14:10:31' severity='0'>Generation: 1421 (955.223880597015, 97.71% (384))</item>
<item created='11/30/2019 14:10:33' severity='0'>Generation: 1958 (955.223880597015, 97.71% (384))</item>
<item created='11/30/2019 14:10:35' severity='0'>Generation: 2476 (955.223880597015, 97.71% (384))</item>
<item created='11/30/2019 14:10:37' severity='0'>Generation: 3013 (955.223880597015, 97.71% (384))</item>
<item created='11/30/2019 14:10:39' severity='0'>Generation: 3549 (955.223880597015, 97.71% (384))</item>
<item created='11/30/2019 14:10:41' severity='0'>Generation: 4089 (955.223880597015, 97.71% (384))</item>
<item created='11/30/2019 14:10:43' severity='0'>Generation: 4628 (955.223880597015, 97.71% (384))</item>
<item created='11/30/2019 14:10:45' severity='0'>Generation: 5178 (960.099750623441, 97.96% (385))</item>
<item created='11/30/2019 14:10:47' severity='0'>Generation: 5728 (960.099750623441, 97.96% (385))</item>
<item created='11/30/2019 14:10:49' severity='0'>Generation: 6300 (965, 98.22% (386))</item>
<item created='11/30/2019 14:10:51' severity='0'>Generation: 6864 (965, 98.22% (386))</item>
<item created='11/30/2019 14:10:53' severity='0'>Generation: 7409 (965, 98.22% (386))</item>
<item created='11/30/2019 14:10:55' severity='0'>Generation: 7976 (965, 98.22% (386))</item>
<item created='11/30/2019 14:10:57' severity='0'>Generation: 8512 (965, 98.22% (386))</item>
<item created='11/30/2019 14:10:59' severity='0'>Generation: 9052 (965, 98.22% (386))</item>
<item created='11/30/2019 14:11:01' severity='0'>Generation: 9581 (965, 98.22% (386))</item>
<item created='11/30/2019 14:11:03' severity='0'>Generation: 10131 (965, 98.22% (386))</item>
<item created='11/30/2019 14:11:05' severity='0'>Generation: 10663 (965, 98.22% (386))</item>
<item created='11/30/2019 14:11:07' severity='0'>Generation: 11206 (965, 98.22% (386))</item>
<item created='11/30/2019 14:11:09' severity='0'>Generation: 11777 (965, 98.22% (386))</item>
<item created='11/30/2019 14:11:11' severity='0'>Generation: 12357 (965, 98.22% (386))</item>
<item created='11/30/2019 14:11:13' severity='0'>Generation: 12916 (965, 98.22% (386))</item>
<item created='11/30/2019 14:11:15' severity='0'>Generation: 13507 (965, 98.22% (386))</item>
<item created='11/30/2019 14:11:17' severity='0'>Generation: 14091 (965, 98.22% (386))</item>
<item created='11/30/2019 14:11:19' severity='0'>Generation: 14676 (965, 98.22% (386))</item>
<item created='11/30/2019 14:11:21' severity='0'>Generation: 15219 (965, 98.22% (386))</item>
<item created='11/30/2019 14:11:23' severity='0'>Generation: 15790 (965, 98.22% (386))</item>
<item created='11/30/2019 14:11:25' severity='0'>Generation: 16375 (965, 98.22% (386))</item>
<item created='11/30/2019 14:11:27' severity='0'>Generation: 16962 (965, 98.22% (386))</item>
<item created='11/30/2019 14:11:29' severity='0'>Generation: 17545 (965, 98.22% (386))</item>
<item created='11/30/2019 14:11:31' severity='0'>Generation: 18104 (965, 98.22% (386))</item>
<item created='11/30/2019 14:11:33' severity='0'>Generation: 18693 (965, 98.22% (386))</item>
<item created='11/30/2019 14:11:35' severity='0'>Generation: 19276 (965, 98.22% (386))</item>
<item created='11/30/2019 14:11:37' severity='0'>Generation: 19853 (965, 98.22% (386))</item>
<item created='11/30/2019 14:11:37' severity='0'>Finished run.</item>
<item created='11/30/2019 14:11:37' severity='0'>Models created: 18</item>
<item created='11/30/2019 14:11:37' severity='0'>Models: 18</item>
<item created='11/30/2019 14:11:37' severity='0'>Last Model: 18</item>
<item created='11/30/2019 14:11:37' severity='0'>Generation: 5829</item>
<item created='11/30/2019 14:11:37' severity='0'>Training Fitness: 965</item>
<item created='11/30/2019 14:11:37' severity='0'>Training Accuracy: 98.22%</item>
<item created='11/30/2019 14:11:37' severity='0'>Success</item>
<item created='11/30/2019 14:11:37' severity='0'>Loading run file... vote_1_6_10\vote_template_classification_000001.gep</item>
<item created='11/30/2019 14:11:38' severity='0'>Initializing tests for all models...</item>
<item created='11/30/2019 14:11:38' severity='0'>Testing model 1 on the Validation Set with 42 records.............</item>
<item created='11/30/2019 14:11:38' severity='0'>Testing model 2 on the Validation Set with 42 records.............</item>
<item created='11/30/2019 14:11:38' severity='0'>Testing model 3 on the Validation Set with 42 records.............</item>
<item created='11/30/2019 14:11:38' severity='0'>Testing model 4 on the Validation Set with 42 records.............</item>
<item created='11/30/2019 14:11:38' severity='0'>Testing model 5 on the Validation Set with 42 records.............</item>
<item created='11/30/2019 14:11:38' severity='0'>Testing model 6 on the Validation Set with 42 records.............</item>
<item created='11/30/2019 14:11:38' severity='0'>Testing model 7 on the Validation Set with 42 records.............</item>
<item created='11/30/2019 14:11:38' severity='0'>Testing model 8 on the Validation Set with 42 records.............</item>
<item created='11/30/2019 14:11:38' severity='0'>Testing model 9 on the Validation Set with 42 records.............</item>
<item created='11/30/2019 14:11:38' severity='0'>Testing model 10 on the Validation Set with 42 records.............</item>
<item created='11/30/2019 14:11:38' severity='0'>Testing model 11 on the Validation Set with 42 records.............</item>
<item created='11/30/2019 14:11:38' severity='0'>Testing model 12 on the Validation Set with 42 records.............</item>
<item created='11/30/2019 14:11:38' severity='0'>Testing model 13 on the Validation Set with 42 records.............</item>
<item created='11/30/2019 14:11:38' severity='0'>Testing model 14 on the Validation Set with 42 records.............</item>
<item created='11/30/2019 14:11:38' severity='0'>Testing model 15 on the Validation Set with 42 records.............</item>
<item created='11/30/2019 14:11:38' severity='0'>Testing model 16 on the Validation Set with 42 records.............</item>
<item created='11/30/2019 14:11:38' severity='0'>Testing model 17 on the Validation Set with 42 records.............</item>
<item created='11/30/2019 14:11:38' severity='0'>Testing model 18 on the Validation Set with 42 records.............</item>
<item created='11/30/2019 14:11:38' severity='0'>Success</item>
</log>
