<report id="0"><run id="1" name="vote_template_classification_000001.gep"><value key="HasTestingSet" datatype="3" valuetype="0">1</value><value key="TrainFitness" datatype="5" valuetype="1" ModelId="1">711.193568336425</value><value key="TrainFitness" datatype="5" valuetype="1" ModelId="2">711.193568336425</value><value key="TrainFitness" datatype="5" valuetype="1" ModelId="3">718.57527438393</value><value key="TrainFitness" datatype="5" valuetype="1" ModelId="4">737.327188940092</value><value key="TrainFitness" datatype="5" valuetype="1" ModelId="5">788.166702656014</value><value key="TrainFitness" datatype="5" valuetype="1" ModelId="6">792.207792207792</value><value key="TrainFitness" datatype="5" valuetype="1" ModelId="7">893.975903614458</value><value key="TrainFitness" datatype="5" valuetype="1" ModelId="8">917.073170731707</value><value key="TrainFitness" datatype="5" valuetype="1" ModelId="9">921.760391198044</value><value key="TrainFitness" datatype="5" valuetype="1" ModelId="10">926.470588235294</value><value key="TrainFitness" datatype="5" valuetype="1" ModelId="11">931.203931203931</value><value key="TrainFitness" datatype="5" valuetype="1" ModelId="12">935.960591133005</value><value key="TrainFitness" datatype="5" valuetype="1" ModelId="13">940.740740740741</value><value key="TrainFitness" datatype="5" valuetype="1" ModelId="14">945.544554455446</value><value key="TrainFitness" datatype="5" valuetype="1" ModelId="15">950.372208436725</value><value key="TrainFitness" datatype="5" valuetype="1" ModelId="16">955.223880597015</value><value key="TrainFitness" datatype="5" valuetype="1" ModelId="17">960.099750623441</value><value key="TrainFitness" datatype="5" valuetype="1" ModelId="18">965</value><value key="TrainAccuracy" datatype="5" valuetype="1" ModelId="1">87.79</value><value key="TrainAccuracy" datatype="5" valuetype="1" ModelId="2">87.79</value><value key="TrainAccuracy" datatype="5" valuetype="1" ModelId="3">88.3</value><value key="TrainAccuracy" datatype="5" valuetype="1" ModelId="4">89.57</value><value key="TrainAccuracy" datatype="5" valuetype="1" ModelId="5">92.88</value><value key="TrainAccuracy" datatype="5" valuetype="1" ModelId="6">93.13</value><value key="TrainAccuracy" datatype="5" valuetype="1" ModelId="7">94.4</value><value key="TrainAccuracy" datatype="5" valuetype="1" ModelId="8">95.67</value><value key="TrainAccuracy" datatype="5" valuetype="1" ModelId="9">95.93</value><value key="TrainAccuracy" datatype="5" valuetype="1" ModelId="10">96.18</value><value key="TrainAccuracy" datatype="5" valuetype="1" ModelId="11">96.44</value><value key="TrainAccuracy" datatype="5" valuetype="1" ModelId="12">96.69</value><value key="TrainAccuracy" datatype="5" valuetype="1" ModelId="13">96.95</value><value key="TrainAccuracy" datatype="5" valuetype="1" ModelId="14">97.2</value><value key="TrainAccuracy" datatype="5" valuetype="1" ModelId="15">97.46</value><value key="TrainAccuracy" datatype="5" valuetype="1" ModelId="16">97.71</value><value key="TrainAccuracy" datatype="5" valuetype="1" ModelId="17">97.96</value><value key="TrainAccuracy" datatype="5" valuetype="1" ModelId="18">98.22</value><value key="TestFitness" datatype="5" valuetype="1" ModelId="1">497.737556561086</value><value key="TestFitness" datatype="5" valuetype="1" ModelId="2">497.737556561086</value><value key="TestFitness" datatype="5" valuetype="1" ModelId="3">523.076923076923</value><value key="TestFitness" datatype="5" valuetype="1" ModelId="4">523.076923076923</value><value key="TestFitness" datatype="5" valuetype="1" ModelId="5">576.923076923077</value><value key="TestFitness" datatype="5" valuetype="1" ModelId="6">576.923076923077</value><value key="TestFitness" datatype="5" valuetype="1" ModelId="7">787.878787878788</value><value key="TestFitness" datatype="5" valuetype="1" ModelId="8">909.090909090909</value><value key="TestFitness" datatype="5" valuetype="1" ModelId="9">909.090909090909</value><value key="TestFitness" datatype="5" valuetype="1" ModelId="10">909.090909090909</value><value key="TestFitness" datatype="5" valuetype="1" ModelId="11">909.090909090909</value><value key="TestFitness" datatype="5" valuetype="1" ModelId="12">866.666666666667</value><value key="TestFitness" datatype="5" valuetype="1" ModelId="13">866.666666666667</value><value key="TestFitness" datatype="5" valuetype="1" ModelId="14">866.666666666667</value><value key="TestFitness" datatype="5" valuetype="1" ModelId="15">787.878787878788</value><value key="TestFitness" datatype="5" valuetype="1" ModelId="16">909.090909090909</value><value key="TestFitness" datatype="5" valuetype="1" ModelId="17">866.666666666667</value><value key="TestFitness" datatype="5" valuetype="1" ModelId="18">605.56464811784</value><value key="TestAccuracy" datatype="5" valuetype="1" ModelId="1">78.57</value><value key="TestAccuracy" datatype="5" valuetype="1" ModelId="2">78.57</value><value key="TestAccuracy" datatype="5" valuetype="1" ModelId="3">80.95</value><value key="TestAccuracy" datatype="5" valuetype="1" ModelId="4">80.95</value><value key="TestAccuracy" datatype="5" valuetype="1" ModelId="5">85.71</value><value key="TestAccuracy" datatype="5" valuetype="1" ModelId="6">85.71</value><value key="TestAccuracy" datatype="5" valuetype="1" ModelId="7">92.86</value><value key="TestAccuracy" datatype="5" valuetype="1" ModelId="8">95.24</value><value key="TestAccuracy" datatype="5" valuetype="1" ModelId="9">95.24</value><value key="TestAccuracy" datatype="5" valuetype="1" ModelId="10">95.24</value><value key="TestAccuracy" datatype="5" valuetype="1" ModelId="11">95.24</value><value key="TestAccuracy" datatype="5" valuetype="1" ModelId="12">92.86</value><value key="TestAccuracy" datatype="5" valuetype="1" ModelId="13">92.86</value><value key="TestAccuracy" datatype="5" valuetype="1" ModelId="14">92.86</value><value key="TestAccuracy" datatype="5" valuetype="1" ModelId="15">92.86</value><value key="TestAccuracy" datatype="5" valuetype="1" ModelId="16">95.24</value><value key="TestAccuracy" datatype="5" valuetype="1" ModelId="17">92.86</value><value key="TestAccuracy" datatype="5" valuetype="1" ModelId="18">88.1</value><value key="Size" datatype="3" valuetype="1" ModelId="1">17</value><value key="Size" datatype="3" valuetype="1" ModelId="2">17</value><value key="Size" datatype="3" valuetype="1" ModelId="3">17</value><value key="Size" datatype="3" valuetype="1" ModelId="4">17</value><value key="Size" datatype="3" valuetype="1" ModelId="5">11</value><value key="Size" datatype="3" valuetype="1" ModelId="6">13</value><value key="Size" datatype="3" valuetype="1" ModelId="7">15</value><value key="Size" datatype="3" valuetype="1" ModelId="8">14</value><value key="Size" datatype="3" valuetype="1" ModelId="9">14</value><value key="Size" datatype="3" valuetype="1" ModelId="10">14</value><value key="Size" datatype="3" valuetype="1" ModelId="11">15</value><value key="Size" datatype="3" valuetype="1" ModelId="12">15</value><value key="Size" datatype="3" valuetype="1" ModelId="13">16</value><value key="Size" datatype="3" valuetype="1" ModelId="14">17</value><value key="Size" datatype="3" valuetype="1" ModelId="15">18</value><value key="Size" datatype="3" valuetype="1" ModelId="16">18</value><value key="Size" datatype="3" valuetype="1" ModelId="17">18</value><value key="Size" datatype="3" valuetype="1" ModelId="18">16</value><value key="Generation" datatype="5" valuetype="1" ModelId="1">0</value><value key="Generation" datatype="5" valuetype="1" ModelId="2">1</value><value key="Generation" datatype="5" valuetype="1" ModelId="3">3</value><value key="Generation" datatype="5" valuetype="1" ModelId="4">6</value><value key="Generation" datatype="5" valuetype="1" ModelId="5">10</value><value key="Generation" datatype="5" valuetype="1" ModelId="6">13</value><value key="Generation" datatype="5" valuetype="1" ModelId="7">17</value><value key="Generation" datatype="5" valuetype="1" ModelId="8">18</value><value key="Generation" datatype="5" valuetype="1" ModelId="9">63</value><value key="Generation" datatype="5" valuetype="1" ModelId="10">81</value><value key="Generation" datatype="5" valuetype="1" ModelId="11">95</value><value key="Generation" datatype="5" valuetype="1" ModelId="12">137</value><value key="Generation" datatype="5" valuetype="1" ModelId="13">606</value><value key="Generation" datatype="5" valuetype="1" ModelId="14">656</value><value key="Generation" datatype="5" valuetype="1" ModelId="15">842</value><value key="Generation" datatype="5" valuetype="1" ModelId="16">972</value><value key="Generation" datatype="5" valuetype="1" ModelId="17">5074</value><value key="Generation" datatype="5" valuetype="1" ModelId="18">5829</value><value key="RunIndex" datatype="5" valuetype="1" ModelId="1">1</value><value key="RunIndex" datatype="5" valuetype="1" ModelId="2">1</value><value key="RunIndex" datatype="5" valuetype="1" ModelId="3">1</value><value key="RunIndex" datatype="5" valuetype="1" ModelId="4">1</value><value key="RunIndex" datatype="5" valuetype="1" ModelId="5">1</value><value key="RunIndex" datatype="5" valuetype="1" ModelId="6">1</value><value key="RunIndex" datatype="5" valuetype="1" ModelId="7">1</value><value key="RunIndex" datatype="5" valuetype="1" ModelId="8">1</value><value key="RunIndex" datatype="5" valuetype="1" ModelId="9">1</value><value key="RunIndex" datatype="5" valuetype="1" ModelId="10">1</value><value key="RunIndex" datatype="5" valuetype="1" ModelId="11">1</value><value key="RunIndex" datatype="5" valuetype="1" ModelId="12">1</value><value key="RunIndex" datatype="5" valuetype="1" ModelId="13">1</value><value key="RunIndex" datatype="5" valuetype="1" ModelId="14">1</value><value key="RunIndex" datatype="5" valuetype="1" ModelId="15">1</value><value key="RunIndex" datatype="5" valuetype="1" ModelId="16">1</value><value key="RunIndex" datatype="5" valuetype="1" ModelId="17">1</value><value key="RunIndex" datatype="5" valuetype="1" ModelId="18">1</value><value key="Literals" datatype="3" valuetype="-1" ModelId="1">7</value><value key="Variables" datatype="8" valuetype="-1" ModelId="1">water-project-cost-sharing_u_min(1), adoption-of-the-budget-resolution_n_min(1), el-salvador-aid_u_min(1), religious-groups-in-schools_u_min(1), synfuels-corporation-cutback_n_min(1), handicapped-infants_n_max(1), immigration_u_max(1)</value><value key="Literals" datatype="3" valuetype="-1" ModelId="2">7</value><value key="Variables" datatype="8" valuetype="-1" ModelId="2">water-project-cost-sharing_u_min(1), adoption-of-the-budget-resolution_n_min(1), el-salvador-aid_u_min(1), religious-groups-in-schools_u_min(1), synfuels-corporation-cutback_n_min(1), handicapped-infants_n_max(1), immigration_u_max(1)</value><value key="Literals" datatype="3" valuetype="-1" ModelId="3">7</value><value key="Variables" datatype="8" valuetype="-1" ModelId="3">water-project-cost-sharing_u_min(1), adoption-of-the-budget-resolution_n_min(1), el-salvador-aid_u_min(1), religious-groups-in-schools_u_min(1), synfuels-corporation-cutback_n_min(1), handicapped-infants_n_max(1), immigration_u_max(1)</value><value key="Literals" datatype="3" valuetype="-1" ModelId="4">8</value><value key="Variables" datatype="8" valuetype="-1" ModelId="4">adoption-of-the-budget-resolution_n_min(1), el-salvador-aid_n_min(1), el-salvador-aid_u_min(1), religious-groups-in-schools_u_min(1), synfuels-corporation-cutback_n_min(1), crime_u_min(1), handicapped-infants_n_max(1), immigration_u_max(1)</value><value key="Literals" datatype="3" valuetype="-1" ModelId="5">2</value><value key="Variables" datatype="8" valuetype="-1" ModelId="5">adoption-of-the-budget-resolution_y_min(1), physician-fee-freeze_n_min(1)</value><value key="Literals" datatype="3" valuetype="-1" ModelId="6">5</value><value key="Variables" datatype="8" valuetype="-1" ModelId="6">adoption-of-the-budget-resolution_y_min(1), physician-fee-freeze_n_min(1), physician-fee-freeze_y_min(1), crime_y_min(1), duty-free-exports_u_min(1)</value><value key="Literals" datatype="3" valuetype="-1" ModelId="7">6</value><value key="Variables" datatype="8" valuetype="-1" ModelId="7">physician-fee-freeze_n_min(2), physician-fee-freeze_y_min(1), duty-free-exports_u_min(1), export-administration-act-south-africa_n_min(1), education-spending_u_max(1)</value><value key="Literals" datatype="3" valuetype="-1" ModelId="8">5</value><value key="Variables" datatype="8" valuetype="-1" ModelId="8">physician-fee-freeze_n_min(1), physician-fee-freeze_y_min(1), crime_y_min(1), aid-to-nicaraguan-contras_y_max(1), education-spending_u_max(1)</value><value key="Literals" datatype="3" valuetype="-1" ModelId="9">4</value><value key="Variables" datatype="8" valuetype="-1" ModelId="9">adoption-of-the-budget-resolution_n_min(1), physician-fee-freeze_n_min(1), synfuels-corporation-cutback_y_max(1), education-spending_u_max(1)</value><value key="Literals" datatype="3" valuetype="-1" ModelId="10">5</value><value key="Variables" datatype="8" valuetype="-1" ModelId="10">adoption-of-the-budget-resolution_n_min(1), physician-fee-freeze_n_min(1), export-administration-act-south-africa_n_min(1), synfuels-corporation-cutback_y_max(1), education-spending_u_max(1)</value><value key="Literals" datatype="3" valuetype="-1" ModelId="11">4</value><value key="Variables" datatype="8" valuetype="-1" ModelId="11">adoption-of-the-budget-resolution_n_min(1), physician-fee-freeze_n_min(1), synfuels-corporation-cutback_u_min(1), synfuels-corporation-cutback_y_max(1)</value><value key="Literals" datatype="3" valuetype="-1" ModelId="12">5</value><value key="Variables" datatype="8" valuetype="-1" ModelId="12">adoption-of-the-budget-resolution_n_min(1), physician-fee-freeze_n_min(1), el-salvador-aid_u_min(1), synfuels-corporation-cutback_u_min(1), synfuels-corporation-cutback_y_max(1)</value><value key="Literals" datatype="3" valuetype="-1" ModelId="13">8</value><value key="Variables" datatype="8" valuetype="-1" ModelId="13">physician-fee-freeze_n_min(2), el-salvador-aid_u_min(1), synfuels-corporation-cutback_u_min(1), water-project-cost-sharing_n_max(1), adoption-of-the-budget-resolution_n_max(1), religious-groups-in-schools_u_max(1), synfuels-corporation-cutback_y_max(1)</value><value key="Literals" datatype="3" valuetype="-1" ModelId="14">9</value><value key="Variables" datatype="8" valuetype="-1" ModelId="14">physician-fee-freeze_n_min(3), religious-groups-in-schools_n_min(2), synfuels-corporation-cutback_u_min(1), water-project-cost-sharing_n_max(1), adoption-of-the-budget-resolution_n_max(1), synfuels-corporation-cutback_y_max(1)</value><value key="Literals" datatype="3" valuetype="-1" ModelId="15">10</value><value key="Variables" datatype="8" valuetype="-1" ModelId="15">physician-fee-freeze_n_min(3), anti-satellite-test-ban_y_min(1), water-project-cost-sharing_n_max(1), adoption-of-the-budget-resolution_n_max(1), adoption-of-the-budget-resolution_y_max(2), synfuels-corporation-cutback_y_max(1), superfund-right-to-sue_n_max(1)</value><value key="Literals" datatype="3" valuetype="-1" ModelId="16">10</value><value key="Variables" datatype="8" valuetype="-1" ModelId="16">handicapped-infants_u_min(1), physician-fee-freeze_n_min(1), anti-satellite-test-ban_n_min(1), synfuels-corporation-cutback_n_min(1), water-project-cost-sharing_n_max(1), adoption-of-the-budget-resolution_n_max(1), adoption-of-the-budget-resolution_y_max(3), superfund-right-to-sue_n_max(1)</value><value key="Literals" datatype="3" valuetype="-1" ModelId="17">9</value><value key="Variables" datatype="8" valuetype="-1" ModelId="17">synfuels-corporation-cutback_n_min(1), water-project-cost-sharing_n_max(1), adoption-of-the-budget-resolution_n_max(1), adoption-of-the-budget-resolution_y_max(2), physician-fee-freeze_n_max(1), immigration_u_max(1), immigration_y_max(1), superfund-right-to-sue_n_max(1)</value><value key="Literals" datatype="3" valuetype="-1" ModelId="18">8</value><value key="Variables" datatype="8" valuetype="-1" ModelId="18">synfuels-corporation-cutback_n_min(1), water-project-cost-sharing_n_max(1), adoption-of-the-budget-resolution_n_max(1), adoption-of-the-budget-resolution_y_max(2), physician-fee-freeze_n_max(1), mx-missile_u_max(1), superfund-right-to-sue_n_max(1)</value><value key="VariableImportance" datatype="8" valuetype="-1" ModelId="18">synfuels-corporation-cutback_n_min(1.71920687966386E-02), water-project-cost-sharing_n_max(1.24088653334483E-02), adoption-of-the-budget-resolution_n_max(0.225766503002446), adoption-of-the-budget-resolution_y_max(1.08372601274602E-02), physician-fee-freeze_n_max(0.714815126252645), mx-missile_u_max(9.60583384448587E-04), superfund-right-to-sue_n_max(0.018019593102914)</value></run></report>
