<summary><value key="AverageTrainFitness" datatype="5" valuetype="4">965</value><value key="AverageTrainRSQuare" datatype="5" valuetype="4">0.803959027994379</value><value key="AverageTrainAccuracy" datatype="5" valuetype="4">98.22</value><value key="MaxTrainFitness" datatype="5" valuetype="4">1000</value><value key="MaxTestFitness" datatype="5" valuetype="4">1000</value><value key="TrainSuccessCount" datatype="3" valuetype="4">0</value><value key="TrainSuccessRate" datatype="5" valuetype="4">0</value><value key="BestTrainFitness" datatype="5" valuetype="4">965</value><value key="BestTrainFitnessRun" datatype="3" valuetype="4">1</value><value key="BestTrainFitnessHistory" datatype="3" valuetype="4">1</value><value key="BestTrainFitnessModelId" datatype="3" valuetype="4">18</value><value key="BestTrainFitnessModelSize" datatype="3" valuetype="4">16</value><value key="BestTrainFitnessModelLiterals" datatype="3" valuetype="4">8</value><value key="BestTrainFitnessModelTerminals" datatype="8" valuetype="4">synfuels-corporation-cutback_n_min(1), water-project-cost-sharing_n_max(1), adoption-of-the-budget-resolution_n_max(1), adoption-of-the-budget-resolution_y_max(2), physician-fee-freeze_n_max(1), mx-missile_u_max(1), superfund-right-to-sue_n_max(1)</value><value key="BestTrainFitnessModelVariableImportance" datatype="8" valuetype="4">synfuels-corporation-cutback_n_min(2.54814138555608E-02), water-project-cost-sharing_n_max(7.68467544168914E-03), adoption-of-the-budget-resolution_n_max(0.21945664190334), adoption-of-the-budget-resolution_y_max(3.07230137108487E-02), physician-fee-freeze_n_max(0.688805234866622), mx-missile_u_max(2.35192879424683E-03), superfund-right-to-sue_n_max(2.54970914276917E-02)</value><value key="BestTrainAccuracy" datatype="5" valuetype="4">98.22</value><value key="BestTrainAccuracyRun" datatype="3" valuetype="4">1</value><value key="BestTrainAccuracyHistory" datatype="3" valuetype="4">1</value><value key="BestTrainAccuracyModelId" datatype="3" valuetype="4">18</value><value key="BestTrainAccuracyModelSize" datatype="3" valuetype="4">16</value><value key="BestTrainAccuracyModelLiterals" datatype="3" valuetype="4">8</value><value key="BestTrainAccuracyModelTerminals" datatype="8" valuetype="4">synfuels-corporation-cutback_n_min(1), water-project-cost-sharing_n_max(1), adoption-of-the-budget-resolution_n_max(1), adoption-of-the-budget-resolution_y_max(2), physician-fee-freeze_n_max(1), mx-missile_u_max(1), superfund-right-to-sue_n_max(1)</value><value key="BestTrainAccuracyModelVariableImportance" datatype="8" valuetype="4">synfuels-corporation-cutback_n_min(2.54814138555608E-02), water-project-cost-sharing_n_max(7.68467544168914E-03), adoption-of-the-budget-resolution_n_max(0.21945664190334), adoption-of-the-budget-resolution_y_max(3.07230137108487E-02), physician-fee-freeze_n_max(0.688805234866622), mx-missile_u_max(2.35192879424683E-03), superfund-right-to-sue_n_max(2.54970914276917E-02)</value><value key="BestTrainRSQuare" datatype="5" valuetype="4">0.803959027994379</value><value key="BestTrainRSQuareRun" datatype="3" valuetype="4">1</value><value key="BestTrainRSQuareHistory" datatype="3" valuetype="4">1</value><value key="BestTrainRSQuareModelId" datatype="3" valuetype="4">18</value><value key="BestTrainRSQuareModelSize" datatype="3" valuetype="4">16</value><value key="BestTrainRSQuareModelLiterals" datatype="3" valuetype="4">8</value><value key="BestTrainRSQuareModelTerminals" datatype="8" valuetype="4">synfuels-corporation-cutback_n_min(1), water-project-cost-sharing_n_max(1), adoption-of-the-budget-resolution_n_max(1), adoption-of-the-budget-resolution_y_max(2), physician-fee-freeze_n_max(1), mx-missile_u_max(1), superfund-right-to-sue_n_max(1)</value><value key="BestTrainRSQuareModelVariableImportance" datatype="8" valuetype="4">synfuels-corporation-cutback_n_min(2.54814138555608E-02), water-project-cost-sharing_n_max(7.68467544168914E-03), adoption-of-the-budget-resolution_n_max(0.21945664190334), adoption-of-the-budget-resolution_y_max(3.07230137108487E-02), physician-fee-freeze_n_max(0.688805234866622), mx-missile_u_max(2.35192879424683E-03), superfund-right-to-sue_n_max(2.54970914276917E-02)</value><value key="TestSuccessCount" datatype="3" valuetype="4">0</value><value key="TestSuccessRate" datatype="5" valuetype="4">0</value><value key="AverageTestFitness" datatype="5" valuetype="4">605.56464811784</value><value key="AverageTestRSQuare" datatype="5" valuetype="4">0.740719723964753</value><value key="AverageTestAccuracy" datatype="5" valuetype="4">88.1</value><value key="BestTestFitness" datatype="5" valuetype="4">909.090909090909</value><value key="BestTestFitnessRun" datatype="3" valuetype="4">1</value><value key="BestTestFitnessHistory" datatype="3" valuetype="4">1</value><value key="BestTestFitnessModelId" datatype="3" valuetype="4">16</value><value key="BestTestFitnessModelSize" datatype="3" valuetype="4">18</value><value key="BestTestFitnessModelLiterals" datatype="3" valuetype="4">10</value><value key="BestTestFitnessModelTerminals" datatype="8" valuetype="4">handicapped-infants_u_min(1), physician-fee-freeze_n_min(1), anti-satellite-test-ban_n_min(1), synfuels-corporation-cutback_n_min(1), water-project-cost-sharing_n_max(1), adoption-of-the-budget-resolution_n_max(1), adoption-of-the-budget-resolution_y_max(3), superfund-right-to-sue_n_max(1)</value><value key="BestTestFitnessModelVariableImportance" datatype="8" valuetype="4">handicapped-infants_u_min(4.41955263290154E-02), physician-fee-freeze_n_min(0.704492672907973), anti-satellite-test-ban_n_min(0.057239683293676), synfuels-corporation-cutback_n_min(5.87020093999351E-02), water-project-cost-sharing_n_max(1.33852589442738E-02), adoption-of-the-budget-resolution_n_max(6.29892009747708E-02), adoption-of-the-budget-resolution_y_max(3.18343359826279E-02), superfund-right-to-sue_n_max(2.71613121677279E-02)</value><value key="BestTestAccuracy" datatype="5" valuetype="4">95.24</value><value key="BestTestAccuracyRun" datatype="3" valuetype="4">1</value><value key="BestTestAccuracyHistory" datatype="3" valuetype="4">1</value><value key="BestTestAccuracyModelId" datatype="3" valuetype="4">16</value><value key="BestTestAccuracyModelSize" datatype="3" valuetype="4">18</value><value key="BestTestAccuracyModelLiterals" datatype="3" valuetype="4">10</value><value key="BestTestAccuracyModelTerminals" datatype="8" valuetype="4">handicapped-infants_u_min(1), physician-fee-freeze_n_min(1), anti-satellite-test-ban_n_min(1), synfuels-corporation-cutback_n_min(1), water-project-cost-sharing_n_max(1), adoption-of-the-budget-resolution_n_max(1), adoption-of-the-budget-resolution_y_max(3), superfund-right-to-sue_n_max(1)</value><value key="BestTestAccuracyModelVariableImportance" datatype="8" valuetype="4">handicapped-infants_u_min(4.41955263290154E-02), physician-fee-freeze_n_min(0.704492672907973), anti-satellite-test-ban_n_min(0.057239683293676), synfuels-corporation-cutback_n_min(5.87020093999351E-02), water-project-cost-sharing_n_max(1.33852589442738E-02), adoption-of-the-budget-resolution_n_max(6.29892009747708E-02), adoption-of-the-budget-resolution_y_max(3.18343359826279E-02), superfund-right-to-sue_n_max(2.71613121677279E-02)</value><value key="BestTestRSQuare" datatype="5" valuetype="4">0.71616667503765</value><value key="BestTestRSQuareRun" datatype="3" valuetype="4">1</value><value key="BestTestRSQuareHistory" datatype="3" valuetype="4">1</value><value key="BestTestRSQuareModelId" datatype="3" valuetype="4">16</value><value key="BestTestRSQuareModelSize" datatype="3" valuetype="4">18</value><value key="BestTestRSQuareModelLiterals" datatype="3" valuetype="4">10</value><value key="BestTestRSQuareModelTerminals" datatype="8" valuetype="4">handicapped-infants_u_min(1), physician-fee-freeze_n_min(1), anti-satellite-test-ban_n_min(1), synfuels-corporation-cutback_n_min(1), water-project-cost-sharing_n_max(1), adoption-of-the-budget-resolution_n_max(1), adoption-of-the-budget-resolution_y_max(3), superfund-right-to-sue_n_max(1)</value><value key="BestTestRSQuareModelVariableImportance" datatype="8" valuetype="4">handicapped-infants_u_min(4.41955263290154E-02), physician-fee-freeze_n_min(0.704492672907973), anti-satellite-test-ban_n_min(0.057239683293676), synfuels-corporation-cutback_n_min(5.87020093999351E-02), water-project-cost-sharing_n_max(1.33852589442738E-02), adoption-of-the-budget-resolution_n_max(6.29892009747708E-02), adoption-of-the-budget-resolution_y_max(3.18343359826279E-02), superfund-right-to-sue_n_max(2.71613121677279E-02)</value><value key="DefinitionFile" datatype="8" valuetype="4">../vote_1_6_10_jobdef.xml</value></summary>
