<report id="0"><run id="1" name="vote_template_classification_000001.gep"><value key="HasTestingSet" datatype="3" valuetype="0">1</value><value key="TrainFitness" datatype="5" valuetype="1" ModelId="1">614.814814814815</value><value key="TrainFitness" datatype="5" valuetype="1" ModelId="2">618.04008908686</value><value key="TrainFitness" datatype="5" valuetype="1" ModelId="3">621.279761904762</value><value key="TrainFitness" datatype="5" valuetype="1" ModelId="4">681.309741712426</value><value key="TrainFitness" datatype="5" valuetype="1" ModelId="5">688.457609805924</value><value key="TrainFitness" datatype="5" valuetype="1" ModelId="6">870.813397129187</value><value key="TrainFitness" datatype="5" valuetype="1" ModelId="7">916.666666666667</value><value key="TrainFitness" datatype="5" valuetype="1" ModelId="8">921.375921375921</value><value key="TrainFitness" datatype="5" valuetype="1" ModelId="9">926.108374384236</value><value key="TrainFitness" datatype="5" valuetype="1" ModelId="10">930.864197530864</value><value key="TrainFitness" datatype="5" valuetype="1" ModelId="11">935.643564356436</value><value key="TrainAccuracy" datatype="5" valuetype="1" ModelId="1">84.91</value><value key="TrainAccuracy" datatype="5" valuetype="1" ModelId="2">85.17</value><value key="TrainAccuracy" datatype="5" valuetype="1" ModelId="3">85.42</value><value key="TrainAccuracy" datatype="5" valuetype="1" ModelId="4">85.68</value><value key="TrainAccuracy" datatype="5" valuetype="1" ModelId="5">86.19</value><value key="TrainAccuracy" datatype="5" valuetype="1" ModelId="6">93.09</value><value key="TrainAccuracy" datatype="5" valuetype="1" ModelId="7">95.65</value><value key="TrainAccuracy" datatype="5" valuetype="1" ModelId="8">95.91</value><value key="TrainAccuracy" datatype="5" valuetype="1" ModelId="9">96.16</value><value key="TrainAccuracy" datatype="5" valuetype="1" ModelId="10">96.42</value><value key="TrainAccuracy" datatype="5" valuetype="1" ModelId="11">96.68</value><value key="TestFitness" datatype="5" valuetype="1" ModelId="1">362.573099415205</value><value key="TestFitness" datatype="5" valuetype="1" ModelId="2">532.544378698225</value><value key="TestFitness" datatype="5" valuetype="1" ModelId="3">400</value><value key="TestFitness" datatype="5" valuetype="1" ModelId="4">532.544378698225</value><value key="TestFitness" datatype="5" valuetype="1" ModelId="5">507.982583454282</value><value key="TestFitness" datatype="5" valuetype="1" ModelId="6">955.555555555556</value><value key="TestFitness" datatype="5" valuetype="1" ModelId="7">913.04347826087</value><value key="TestFitness" datatype="5" valuetype="1" ModelId="8">913.04347826087</value><value key="TestFitness" datatype="5" valuetype="1" ModelId="9">1000</value><value key="TestFitness" datatype="5" valuetype="1" ModelId="10">872.340425531915</value><value key="TestFitness" datatype="5" valuetype="1" ModelId="11">872.340425531915</value><value key="TestAccuracy" datatype="5" valuetype="1" ModelId="1">70.45</value><value key="TestAccuracy" datatype="5" valuetype="1" ModelId="2">81.82</value><value key="TestAccuracy" datatype="5" valuetype="1" ModelId="3">75</value><value key="TestAccuracy" datatype="5" valuetype="1" ModelId="4">81.82</value><value key="TestAccuracy" datatype="5" valuetype="1" ModelId="5">79.55</value><value key="TestAccuracy" datatype="5" valuetype="1" ModelId="6">97.73</value><value key="TestAccuracy" datatype="5" valuetype="1" ModelId="7">95.45</value><value key="TestAccuracy" datatype="5" valuetype="1" ModelId="8">95.45</value><value key="TestAccuracy" datatype="5" valuetype="1" ModelId="9">100</value><value key="TestAccuracy" datatype="5" valuetype="1" ModelId="10">93.18</value><value key="TestAccuracy" datatype="5" valuetype="1" ModelId="11">93.18</value><value key="Size" datatype="3" valuetype="1" ModelId="1">5</value><value key="Size" datatype="3" valuetype="1" ModelId="2">5</value><value key="Size" datatype="3" valuetype="1" ModelId="3">5</value><value key="Size" datatype="3" valuetype="1" ModelId="4">6</value><value key="Size" datatype="3" valuetype="1" ModelId="5">6</value><value key="Size" datatype="3" valuetype="1" ModelId="6">6</value><value key="Size" datatype="3" valuetype="1" ModelId="7">4</value><value key="Size" datatype="3" valuetype="1" ModelId="8">4</value><value key="Size" datatype="3" valuetype="1" ModelId="9">4</value><value key="Size" datatype="3" valuetype="1" ModelId="10">4</value><value key="Size" datatype="3" valuetype="1" ModelId="11">6</value><value key="Generation" datatype="5" valuetype="1" ModelId="1">0</value><value key="Generation" datatype="5" valuetype="1" ModelId="2">1</value><value key="Generation" datatype="5" valuetype="1" ModelId="3">6</value><value key="Generation" datatype="5" valuetype="1" ModelId="4">8</value><value key="Generation" datatype="5" valuetype="1" ModelId="5">9</value><value key="Generation" datatype="5" valuetype="1" ModelId="6">11</value><value key="Generation" datatype="5" valuetype="1" ModelId="7">20</value><value key="Generation" datatype="5" valuetype="1" ModelId="8">11909</value><value key="Generation" datatype="5" valuetype="1" ModelId="9">15572</value><value key="Generation" datatype="5" valuetype="1" ModelId="10">15683</value><value key="Generation" datatype="5" valuetype="1" ModelId="11">18851</value><value key="RunIndex" datatype="5" valuetype="1" ModelId="1">1</value><value key="RunIndex" datatype="5" valuetype="1" ModelId="2">1</value><value key="RunIndex" datatype="5" valuetype="1" ModelId="3">1</value><value key="RunIndex" datatype="5" valuetype="1" ModelId="4">1</value><value key="RunIndex" datatype="5" valuetype="1" ModelId="5">1</value><value key="RunIndex" datatype="5" valuetype="1" ModelId="6">1</value><value key="RunIndex" datatype="5" valuetype="1" ModelId="7">1</value><value key="RunIndex" datatype="5" valuetype="1" ModelId="8">1</value><value key="RunIndex" datatype="5" valuetype="1" ModelId="9">1</value><value key="RunIndex" datatype="5" valuetype="1" ModelId="10">1</value><value key="RunIndex" datatype="5" valuetype="1" ModelId="11">1</value><value key="Literals" datatype="3" valuetype="-1" ModelId="1">3</value><value key="Variables" datatype="8" valuetype="-1" ModelId="1">export-administration-act-south-africa_n_min(1), aid-to-nicaraguan-contras_y_max(1), crime_y_max(1)</value><value key="Literals" datatype="3" valuetype="-1" ModelId="2">1</value><value key="Variables" datatype="8" valuetype="-1" ModelId="2">el-salvador-aid_y_max(1)</value><value key="Literals" datatype="3" valuetype="-1" ModelId="3">2</value><value key="Variables" datatype="8" valuetype="-1" ModelId="3">handicapped-infants_y_min(1), el-salvador-aid_y_max(1)</value><value key="Literals" datatype="3" valuetype="-1" ModelId="4">3</value><value key="Variables" datatype="8" valuetype="-1" ModelId="4">education-spending_n_min(1), education-spending_u_min(1), duty-free-exports_n_max(1)</value><value key="Literals" datatype="3" valuetype="-1" ModelId="5">3</value><value key="Variables" datatype="8" valuetype="-1" ModelId="5">education-spending_n_min(1), synfuels-corporation-cutback_n_max(1), duty-free-exports_n_max(1)</value><value key="Literals" datatype="3" valuetype="-1" ModelId="6">3</value><value key="Variables" datatype="8" valuetype="-1" ModelId="6">physician-fee-freeze_n_min(1), immigration_n_min(1), education-spending_u_min(1)</value><value key="Literals" datatype="3" valuetype="-1" ModelId="7">3</value><value key="Variables" datatype="8" valuetype="-1" ModelId="7">physician-fee-freeze_y_max(1), mx-missile_y_max(1), export-administration-act-south-africa_n_max(1)</value><value key="Literals" datatype="3" valuetype="-1" ModelId="8">3</value><value key="Variables" datatype="8" valuetype="-1" ModelId="8">el-salvador-aid_n_min(1), crime_n_min(1), physician-fee-freeze_y_max(1)</value><value key="Literals" datatype="3" valuetype="-1" ModelId="9">3</value><value key="Variables" datatype="8" valuetype="-1" ModelId="9">adoption-of-the-budget-resolution_n_max(1), physician-fee-freeze_y_max(1), export-administration-act-south-africa_y_max(1)</value><value key="Literals" datatype="3" valuetype="-1" ModelId="10">3</value><value key="Variables" datatype="8" valuetype="-1" ModelId="10">adoption-of-the-budget-resolution_y_min(1), synfuels-corporation-cutback_y_min(1), physician-fee-freeze_y_max(1)</value><value key="Literals" datatype="3" valuetype="-1" ModelId="11">4</value><value key="Variables" datatype="8" valuetype="-1" ModelId="11">adoption-of-the-budget-resolution_y_min(1), synfuels-corporation-cutback_y_min(1), physician-fee-freeze_y_max(1), aid-to-nicaraguan-contras_u_max(1)</value><value key="VariableImportance" datatype="8" valuetype="-1" ModelId="11">adoption-of-the-budget-resolution_y_min(0.104472896836615), synfuels-corporation-cutback_y_min(6.89211003253846E-02), physician-fee-freeze_y_max(0.779891234683765), aid-to-nicaraguan-contras_u_max(4.67147681542363E-02)</value></run></report>
