<log created='11/30/2019 13:26:30' name='vote_template_classification_000001'>
<item created='11/30/2019 13:26:30' severity='0'>Processing run 1...</item>
<item created='11/30/2019 13:26:30' severity='0'>Applied setting Genes (2)</item>
<item created='11/30/2019 13:26:30' severity='0'>Applied setting HeadSize (1)</item>
<item created='11/30/2019 13:26:30' severity='0'>Applied setting FitnessFunction (11)</item>
<item created='11/30/2019 13:26:30' severity='0'>Applied setting RoundingThreshold (0.5)</item>
<item created='11/30/2019 13:26:30' severity='0'>Changed function * to weight 2.</item>
<item created='11/30/2019 13:26:30' severity='0'>Loading data from file vote_TRAIN_fold_4.csv ...</item>
<item created='11/30/2019 13:26:31' severity='0'>Loading data from file vote_TEST_fold_4.csv ...</item>
<item created='11/30/2019 13:26:32' severity='0'>Loading run file... vote_1_2_4\vote_template_classification_000001.gep</item>
<item created='11/30/2019 13:26:32' severity='0'>Initializing run...</item>
<item created='11/30/2019 13:26:32' severity='0'>Training Set size: 391</item>
<item created='11/30/2019 13:26:32' severity='0'>Dataset loaded.</item>
<item created='11/30/2019 13:26:32' severity='0'>Starting...</item>
<item created='11/30/2019 13:26:32' severity='0'>Generation: 0 (614.814814814815, 84.91% (332))</item>
<item created='11/30/2019 13:26:34' severity='0'>Generation: 1015 (916.666666666667, 95.65% (374))</item>
<item created='11/30/2019 13:26:36' severity='0'>Generation: 2659 (916.666666666667, 95.65% (374))</item>
<item created='11/30/2019 13:26:38' severity='0'>Generation: 4278 (916.666666666667, 95.65% (374))</item>
<item created='11/30/2019 13:26:40' severity='0'>Generation: 5821 (916.666666666667, 95.65% (374))</item>
<item created='11/30/2019 13:26:42' severity='0'>Generation: 7417 (916.666666666667, 95.65% (374))</item>
<item created='11/30/2019 13:26:44' severity='0'>Generation: 9177 (916.666666666667, 95.65% (374))</item>
<item created='11/30/2019 13:26:46' severity='0'>Generation: 10749 (916.666666666667, 95.65% (374))</item>
<item created='11/30/2019 13:26:48' severity='0'>Generation: 12344 (921.375921375921, 95.91% (375))</item>
<item created='11/30/2019 13:26:50' severity='0'>Generation: 13734 (921.375921375921, 95.91% (375))</item>
<item created='11/30/2019 13:26:52' severity='0'>Generation: 15152 (921.375921375921, 95.91% (375))</item>
<item created='11/30/2019 13:26:54' severity='0'>Generation: 16584 (930.864197530864, 96.42% (377))</item>
<item created='11/30/2019 13:26:56' severity='0'>Generation: 17929 (930.864197530864, 96.42% (377))</item>
<item created='11/30/2019 13:26:58' severity='0'>Generation: 19149 (935.643564356436, 96.68% (378))</item>
<item created='11/30/2019 13:26:59' severity='0'>Finished run.</item>
<item created='11/30/2019 13:26:59' severity='0'>Models created: 11</item>
<item created='11/30/2019 13:26:59' severity='0'>Models: 11</item>
<item created='11/30/2019 13:26:59' severity='0'>Last Model: 11</item>
<item created='11/30/2019 13:26:59' severity='0'>Generation: 18851</item>
<item created='11/30/2019 13:26:59' severity='0'>Training Fitness: 935.643564356436</item>
<item created='11/30/2019 13:26:59' severity='0'>Training Accuracy: 96.68%</item>
<item created='11/30/2019 13:26:59' severity='0'>Success</item>
<item created='11/30/2019 13:26:59' severity='0'>Loading run file... vote_1_2_4\vote_template_classification_000001.gep</item>
<item created='11/30/2019 13:26:59' severity='0'>Initializing tests for all models...</item>
<item created='11/30/2019 13:26:59' severity='0'>Testing model 1 on the Validation Set with 44 records..............</item>
<item created='11/30/2019 13:26:59' severity='0'>Testing model 2 on the Validation Set with 44 records..............</item>
<item created='11/30/2019 13:26:59' severity='0'>Testing model 3 on the Validation Set with 44 records..............</item>
<item created='11/30/2019 13:26:59' severity='0'>Testing model 4 on the Validation Set with 44 records..............</item>
<item created='11/30/2019 13:26:59' severity='0'>Testing model 5 on the Validation Set with 44 records..............</item>
<item created='11/30/2019 13:26:59' severity='0'>Testing model 6 on the Validation Set with 44 records..............</item>
<item created='11/30/2019 13:26:59' severity='0'>Testing model 7 on the Validation Set with 44 records..............</item>
<item created='11/30/2019 13:26:59' severity='0'>Testing model 8 on the Validation Set with 44 records..............</item>
<item created='11/30/2019 13:26:59' severity='0'>Testing model 9 on the Validation Set with 44 records..............</item>
<item created='11/30/2019 13:27:00' severity='0'>Testing model 10 on the Validation Set with 44 records..............</item>
<item created='11/30/2019 13:27:00' severity='0'>Testing model 11 on the Validation Set with 44 records..............</item>
<item created='11/30/2019 13:27:00' severity='0'>Success</item>
</log>
