<log created='11/30/2019 13:46:11' name='vote_template_classification_000001'>
<item created='11/30/2019 13:46:11' severity='0'>Processing run 1...</item>
<item created='11/30/2019 13:46:11' severity='0'>Applied setting Genes (4)</item>
<item created='11/30/2019 13:46:11' severity='0'>Applied setting HeadSize (1)</item>
<item created='11/30/2019 13:46:11' severity='0'>Applied setting FitnessFunction (11)</item>
<item created='11/30/2019 13:46:11' severity='0'>Applied setting RoundingThreshold (0.5)</item>
<item created='11/30/2019 13:46:11' severity='0'>Changed function * to weight 2.</item>
<item created='11/30/2019 13:46:11' severity='0'>Loading data from file vote_TRAIN_fold_10.csv ...</item>
<item created='11/30/2019 13:46:12' severity='0'>Loading data from file vote_TEST_fold_10.csv ...</item>
<item created='11/30/2019 13:46:13' severity='0'>Loading run file... vote_1_4_10\vote_template_classification_000001.gep</item>
<item created='11/30/2019 13:46:13' severity='0'>Initializing run...</item>
<item created='11/30/2019 13:46:13' severity='0'>Training Set size: 393</item>
<item created='11/30/2019 13:46:13' severity='0'>Dataset loaded.</item>
<item created='11/30/2019 13:46:13' severity='0'>Starting...</item>
<item created='11/30/2019 13:46:13' severity='0'>Generation: 0 (596.797671033479, 83.46% (328))</item>
<item created='11/30/2019 13:46:15' severity='0'>Generation: 578 (926.470588235294, 96.18% (378))</item>
<item created='11/30/2019 13:46:17' severity='0'>Generation: 1456 (935.960591133005, 96.69% (380))</item>
<item created='11/30/2019 13:46:19' severity='0'>Generation: 2246 (940.740740740741, 96.95% (381))</item>
<item created='11/30/2019 13:46:21' severity='0'>Generation: 3046 (940.740740740741, 96.95% (381))</item>
<item created='11/30/2019 13:46:23' severity='0'>Generation: 3921 (945.544554455446, 97.20% (382))</item>
<item created='11/30/2019 13:46:25' severity='0'>Generation: 4827 (945.544554455446, 97.20% (382))</item>
<item created='11/30/2019 13:46:27' severity='0'>Generation: 5711 (945.544554455446, 97.20% (382))</item>
<item created='11/30/2019 13:46:29' severity='0'>Generation: 6602 (945.544554455446, 97.20% (382))</item>
<item created='11/30/2019 13:46:31' severity='0'>Generation: 7447 (945.544554455446, 97.20% (382))</item>
<item created='11/30/2019 13:46:33' severity='0'>Generation: 8320 (945.544554455446, 97.20% (382))</item>
<item created='11/30/2019 13:46:35' severity='0'>Generation: 9213 (945.544554455446, 97.20% (382))</item>
<item created='11/30/2019 13:46:37' severity='0'>Generation: 10065 (945.544554455446, 97.20% (382))</item>
<item created='11/30/2019 13:46:39' severity='0'>Generation: 10969 (945.544554455446, 97.20% (382))</item>
<item created='11/30/2019 13:46:41' severity='0'>Generation: 11864 (945.544554455446, 97.20% (382))</item>
<item created='11/30/2019 13:46:43' severity='0'>Generation: 12743 (945.544554455446, 97.20% (382))</item>
<item created='11/30/2019 13:46:45' severity='0'>Generation: 13662 (945.544554455446, 97.20% (382))</item>
<item created='11/30/2019 13:46:47' severity='0'>Generation: 14583 (945.544554455446, 97.20% (382))</item>
<item created='11/30/2019 13:46:49' severity='0'>Generation: 15471 (945.544554455446, 97.20% (382))</item>
<item created='11/30/2019 13:46:51' severity='0'>Generation: 16392 (945.544554455446, 97.20% (382))</item>
<item created='11/30/2019 13:46:53' severity='0'>Generation: 17272 (945.544554455446, 97.20% (382))</item>
<item created='11/30/2019 13:46:55' severity='0'>Generation: 18173 (945.544554455446, 97.20% (382))</item>
<item created='11/30/2019 13:46:57' severity='0'>Generation: 19029 (945.544554455446, 97.20% (382))</item>
<item created='11/30/2019 13:46:59' severity='0'>Generation: 19924 (945.544554455446, 97.20% (382))</item>
<item created='11/30/2019 13:46:59' severity='0'>Finished run.</item>
<item created='11/30/2019 13:46:59' severity='0'>Models created: 16</item>
<item created='11/30/2019 13:46:59' severity='0'>Models: 16</item>
<item created='11/30/2019 13:46:59' severity='0'>Last Model: 16</item>
<item created='11/30/2019 13:46:59' severity='0'>Generation: 3182</item>
<item created='11/30/2019 13:46:59' severity='0'>Training Fitness: 945.544554455446</item>
<item created='11/30/2019 13:46:59' severity='0'>Training Accuracy: 97.20%</item>
<item created='11/30/2019 13:46:59' severity='0'>Success</item>
<item created='11/30/2019 13:46:59' severity='0'>Loading run file... vote_1_4_10\vote_template_classification_000001.gep</item>
<item created='11/30/2019 13:46:59' severity='0'>Initializing tests for all models...</item>
<item created='11/30/2019 13:46:59' severity='0'>Testing model 1 on the Validation Set with 42 records.............</item>
<item created='11/30/2019 13:46:59' severity='0'>Testing model 2 on the Validation Set with 42 records.............</item>
<item created='11/30/2019 13:46:59' severity='0'>Testing model 3 on the Validation Set with 42 records.............</item>
<item created='11/30/2019 13:46:59' severity='0'>Testing model 4 on the Validation Set with 42 records.............</item>
<item created='11/30/2019 13:46:59' severity='0'>Testing model 5 on the Validation Set with 42 records.............</item>
<item created='11/30/2019 13:46:59' severity='0'>Testing model 6 on the Validation Set with 42 records.............</item>
<item created='11/30/2019 13:46:59' severity='0'>Testing model 7 on the Validation Set with 42 records.............</item>
<item created='11/30/2019 13:46:59' severity='0'>Testing model 8 on the Validation Set with 42 records.............</item>
<item created='11/30/2019 13:46:59' severity='0'>Testing model 9 on the Validation Set with 42 records.............</item>
<item created='11/30/2019 13:46:59' severity='0'>Testing model 10 on the Validation Set with 42 records.............</item>
<item created='11/30/2019 13:46:59' severity='0'>Testing model 11 on the Validation Set with 42 records.............</item>
<item created='11/30/2019 13:46:59' severity='0'>Testing model 12 on the Validation Set with 42 records.............</item>
<item created='11/30/2019 13:46:59' severity='0'>Testing model 13 on the Validation Set with 42 records.............</item>
<item created='11/30/2019 13:46:59' severity='0'>Testing model 14 on the Validation Set with 42 records.............</item>
<item created='11/30/2019 13:46:59' severity='0'>Testing model 15 on the Validation Set with 42 records.............</item>
<item created='11/30/2019 13:46:59' severity='0'>Testing model 16 on the Validation Set with 42 records.............</item>
<item created='11/30/2019 13:47:00' severity='0'>Success</item>
</log>
