<report id="0"><run id="1" name="vote_template_classification_000001.gep"><value key="HasTestingSet" datatype="3" valuetype="0">1</value><value key="TrainFitness" datatype="5" valuetype="1" ModelId="1">596.797671033479</value><value key="TrainFitness" datatype="5" valuetype="1" ModelId="2">606.227106227106</value><value key="TrainFitness" datatype="5" valuetype="1" ModelId="3">675.883256528418</value><value key="TrainFitness" datatype="5" valuetype="1" ModelId="4">689.444783404515</value><value key="TrainFitness" datatype="5" valuetype="1" ModelId="5">696.629213483146</value><value key="TrainFitness" datatype="5" valuetype="1" ModelId="6">752.642706131078</value><value key="TrainFitness" datatype="5" valuetype="1" ModelId="7">784.144765187419</value><value key="TrainFitness" datatype="5" valuetype="1" ModelId="8">788.166702656014</value><value key="TrainFitness" datatype="5" valuetype="1" ModelId="9">898.550724637681</value><value key="TrainFitness" datatype="5" valuetype="1" ModelId="10">912.408759124088</value><value key="TrainFitness" datatype="5" valuetype="1" ModelId="11">921.760391198044</value><value key="TrainFitness" datatype="5" valuetype="1" ModelId="12">926.470588235294</value><value key="TrainFitness" datatype="5" valuetype="1" ModelId="13">931.203931203931</value><value key="TrainFitness" datatype="5" valuetype="1" ModelId="14">935.960591133005</value><value key="TrainFitness" datatype="5" valuetype="1" ModelId="15">940.740740740741</value><value key="TrainFitness" datatype="5" valuetype="1" ModelId="16">945.544554455446</value><value key="TrainAccuracy" datatype="5" valuetype="1" ModelId="1">83.46</value><value key="TrainAccuracy" datatype="5" valuetype="1" ModelId="2">84.22</value><value key="TrainAccuracy" datatype="5" valuetype="1" ModelId="3">89.57</value><value key="TrainAccuracy" datatype="5" valuetype="1" ModelId="4">86.26</value><value key="TrainAccuracy" datatype="5" valuetype="1" ModelId="5">86.77</value><value key="TrainAccuracy" datatype="5" valuetype="1" ModelId="6">90.59</value><value key="TrainAccuracy" datatype="5" valuetype="1" ModelId="7">92.62</value><value key="TrainAccuracy" datatype="5" valuetype="1" ModelId="8">92.88</value><value key="TrainAccuracy" datatype="5" valuetype="1" ModelId="9">94.66</value><value key="TrainAccuracy" datatype="5" valuetype="1" ModelId="10">95.42</value><value key="TrainAccuracy" datatype="5" valuetype="1" ModelId="11">95.93</value><value key="TrainAccuracy" datatype="5" valuetype="1" ModelId="12">96.18</value><value key="TrainAccuracy" datatype="5" valuetype="1" ModelId="13">96.44</value><value key="TrainAccuracy" datatype="5" valuetype="1" ModelId="14">96.69</value><value key="TrainAccuracy" datatype="5" valuetype="1" ModelId="15">96.95</value><value key="TrainAccuracy" datatype="5" valuetype="1" ModelId="16">97.2</value><value key="TestFitness" datatype="5" valuetype="1" ModelId="1">715.667311411992</value><value key="TestFitness" datatype="5" valuetype="1" ModelId="2">473.372781065089</value><value key="TestFitness" datatype="5" valuetype="1" ModelId="3">535.714285714286</value><value key="TestFitness" datatype="5" valuetype="1" ModelId="4">566.666666666667</value><value key="TestFitness" datatype="5" valuetype="1" ModelId="5">566.666666666667</value><value key="TestFitness" datatype="5" valuetype="1" ModelId="6">595.238095238095</value><value key="TestFitness" datatype="5" valuetype="1" ModelId="7">688.405797101449</value><value key="TestFitness" datatype="5" valuetype="1" ModelId="8">688.405797101449</value><value key="TestFitness" datatype="5" valuetype="1" ModelId="9">909.090909090909</value><value key="TestFitness" datatype="5" valuetype="1" ModelId="10">953.488372093023</value><value key="TestFitness" datatype="5" valuetype="1" ModelId="11">953.488372093023</value><value key="TestFitness" datatype="5" valuetype="1" ModelId="12">953.488372093023</value><value key="TestFitness" datatype="5" valuetype="1" ModelId="13">953.488372093023</value><value key="TestFitness" datatype="5" valuetype="1" ModelId="14">953.488372093023</value><value key="TestFitness" datatype="5" valuetype="1" ModelId="15">953.488372093023</value><value key="TestFitness" datatype="5" valuetype="1" ModelId="16">953.488372093023</value><value key="TestAccuracy" datatype="5" valuetype="1" ModelId="1">88.1</value><value key="TestAccuracy" datatype="5" valuetype="1" ModelId="2">76.19</value><value key="TestAccuracy" datatype="5" valuetype="1" ModelId="3">85.71</value><value key="TestAccuracy" datatype="5" valuetype="1" ModelId="4">80.95</value><value key="TestAccuracy" datatype="5" valuetype="1" ModelId="5">80.95</value><value key="TestAccuracy" datatype="5" valuetype="1" ModelId="6">83.33</value><value key="TestAccuracy" datatype="5" valuetype="1" ModelId="7">90.48</value><value key="TestAccuracy" datatype="5" valuetype="1" ModelId="8">90.48</value><value key="TestAccuracy" datatype="5" valuetype="1" ModelId="9">95.24</value><value key="TestAccuracy" datatype="5" valuetype="1" ModelId="10">97.62</value><value key="TestAccuracy" datatype="5" valuetype="1" ModelId="11">97.62</value><value key="TestAccuracy" datatype="5" valuetype="1" ModelId="12">97.62</value><value key="TestAccuracy" datatype="5" valuetype="1" ModelId="13">97.62</value><value key="TestAccuracy" datatype="5" valuetype="1" ModelId="14">97.62</value><value key="TestAccuracy" datatype="5" valuetype="1" ModelId="15">97.62</value><value key="TestAccuracy" datatype="5" valuetype="1" ModelId="16">97.62</value><value key="Size" datatype="3" valuetype="1" ModelId="1">10</value><value key="Size" datatype="3" valuetype="1" ModelId="2">11</value><value key="Size" datatype="3" valuetype="1" ModelId="3">7</value><value key="Size" datatype="3" valuetype="1" ModelId="4">12</value><value key="Size" datatype="3" valuetype="1" ModelId="5">8</value><value key="Size" datatype="3" valuetype="1" ModelId="6">8</value><value key="Size" datatype="3" valuetype="1" ModelId="7">9</value><value key="Size" datatype="3" valuetype="1" ModelId="8">9</value><value key="Size" datatype="3" valuetype="1" ModelId="9">8</value><value key="Size" datatype="3" valuetype="1" ModelId="10">8</value><value key="Size" datatype="3" valuetype="1" ModelId="11">8</value><value key="Size" datatype="3" valuetype="1" ModelId="12">6</value><value key="Size" datatype="3" valuetype="1" ModelId="13">10</value><value key="Size" datatype="3" valuetype="1" ModelId="14">10</value><value key="Size" datatype="3" valuetype="1" ModelId="15">10</value><value key="Size" datatype="3" valuetype="1" ModelId="16">8</value><value key="Generation" datatype="5" valuetype="1" ModelId="1">0</value><value key="Generation" datatype="5" valuetype="1" ModelId="2">2</value><value key="Generation" datatype="5" valuetype="1" ModelId="3">7</value><value key="Generation" datatype="5" valuetype="1" ModelId="4">9</value><value key="Generation" datatype="5" valuetype="1" ModelId="5">11</value><value key="Generation" datatype="5" valuetype="1" ModelId="6">16</value><value key="Generation" datatype="5" valuetype="1" ModelId="7">19</value><value key="Generation" datatype="5" valuetype="1" ModelId="8">23</value><value key="Generation" datatype="5" valuetype="1" ModelId="9">24</value><value key="Generation" datatype="5" valuetype="1" ModelId="10">28</value><value key="Generation" datatype="5" valuetype="1" ModelId="11">56</value><value key="Generation" datatype="5" valuetype="1" ModelId="12">60</value><value key="Generation" datatype="5" valuetype="1" ModelId="13">670</value><value key="Generation" datatype="5" valuetype="1" ModelId="14">775</value><value key="Generation" datatype="5" valuetype="1" ModelId="15">1557</value><value key="Generation" datatype="5" valuetype="1" ModelId="16">3182</value><value key="RunIndex" datatype="5" valuetype="1" ModelId="1">1</value><value key="RunIndex" datatype="5" valuetype="1" ModelId="2">1</value><value key="RunIndex" datatype="5" valuetype="1" ModelId="3">1</value><value key="RunIndex" datatype="5" valuetype="1" ModelId="4">1</value><value key="RunIndex" datatype="5" valuetype="1" ModelId="5">1</value><value key="RunIndex" datatype="5" valuetype="1" ModelId="6">1</value><value key="RunIndex" datatype="5" valuetype="1" ModelId="7">1</value><value key="RunIndex" datatype="5" valuetype="1" ModelId="8">1</value><value key="RunIndex" datatype="5" valuetype="1" ModelId="9">1</value><value key="RunIndex" datatype="5" valuetype="1" ModelId="10">1</value><value key="RunIndex" datatype="5" valuetype="1" ModelId="11">1</value><value key="RunIndex" datatype="5" valuetype="1" ModelId="12">1</value><value key="RunIndex" datatype="5" valuetype="1" ModelId="13">1</value><value key="RunIndex" datatype="5" valuetype="1" ModelId="14">1</value><value key="RunIndex" datatype="5" valuetype="1" ModelId="15">1</value><value key="RunIndex" datatype="5" valuetype="1" ModelId="16">1</value><value key="Literals" datatype="3" valuetype="-1" ModelId="1">4</value><value key="Variables" datatype="8" valuetype="-1" ModelId="1">crime_y_min(1), mx-missile_n_max(1), mx-missile_y_max(1), duty-free-exports_n_max(1)</value><value key="Literals" datatype="3" valuetype="-1" ModelId="2">5</value><value key="Variables" datatype="8" valuetype="-1" ModelId="2">adoption-of-the-budget-resolution_u_min(1), crime_u_min(1), handicapped-infants_n_max(1), el-salvador-aid_n_max(1), mx-missile_n_max(1)</value><value key="Literals" datatype="3" valuetype="-1" ModelId="3">5</value><value key="Variables" datatype="8" valuetype="-1" ModelId="3">adoption-of-the-budget-resolution_u_min(1), physician-fee-freeze_y_min(1), aid-to-nicaraguan-contras_u_min(1), aid-to-nicaraguan-contras_y_min(1), physician-fee-freeze_y_max(1)</value><value key="Literals" datatype="3" valuetype="-1" ModelId="4">6</value><value key="Variables" datatype="8" valuetype="-1" ModelId="4">adoption-of-the-budget-resolution_u_min(1), crime_u_min(1), handicapped-infants_n_max(1), el-salvador-aid_n_max(1), el-salvador-aid_y_max(1), mx-missile_n_max(1)</value><value key="Literals" datatype="3" valuetype="-1" ModelId="5">4</value><value key="Variables" datatype="8" valuetype="-1" ModelId="5">physician-fee-freeze_y_max(1), mx-missile_n_max(1), mx-missile_y_max(1), duty-free-exports_n_max(1)</value><value key="Literals" datatype="3" valuetype="-1" ModelId="6">5</value><value key="Variables" datatype="8" valuetype="-1" ModelId="6">superfund-right-to-sue_y_min(1), physician-fee-freeze_y_max(1), mx-missile_n_max(1), mx-missile_y_max(1), duty-free-exports_n_max(1)</value><value key="Literals" datatype="3" valuetype="-1" ModelId="7">6</value><value key="Variables" datatype="8" valuetype="-1" ModelId="7">adoption-of-the-budget-resolution_u_min(1), crime_u_min(1), handicapped-infants_n_max(1), physician-fee-freeze_y_max(1), mx-missile_n_max(1), mx-missile_y_max(1)</value><value key="Literals" datatype="3" valuetype="-1" ModelId="8">6</value><value key="Variables" datatype="8" valuetype="-1" ModelId="8">adoption-of-the-budget-resolution_u_min(1), handicapped-infants_n_max(1), physician-fee-freeze_y_max(1), mx-missile_n_max(1), mx-missile_y_max(2)</value><value key="Literals" datatype="3" valuetype="-1" ModelId="9">5</value><value key="Variables" datatype="8" valuetype="-1" ModelId="9">adoption-of-the-budget-resolution_u_min(1), crime_u_min(1), handicapped-infants_n_max(1), physician-fee-freeze_y_max(1), mx-missile_y_max(1)</value><value key="Literals" datatype="3" valuetype="-1" ModelId="10">4</value><value key="Variables" datatype="8" valuetype="-1" ModelId="10">adoption-of-the-budget-resolution_u_min(1), crime_u_min(1), physician-fee-freeze_y_max(1), mx-missile_y_max(1)</value><value key="Literals" datatype="3" valuetype="-1" ModelId="11">4</value><value key="Variables" datatype="8" valuetype="-1" ModelId="11">adoption-of-the-budget-resolution_u_min(1), synfuels-corporation-cutback_y_min(1), physician-fee-freeze_y_max(1), mx-missile_y_max(1)</value><value key="Literals" datatype="3" valuetype="-1" ModelId="12">3</value><value key="Variables" datatype="8" valuetype="-1" ModelId="12">synfuels-corporation-cutback_y_min(1), physician-fee-freeze_y_max(1), mx-missile_y_max(1)</value><value key="Literals" datatype="3" valuetype="-1" ModelId="13">6</value><value key="Variables" datatype="8" valuetype="-1" ModelId="13">adoption-of-the-budget-resolution_n_min(1), synfuels-corporation-cutback_y_min(1), export-administration-act-south-africa_u_min(2), physician-fee-freeze_y_max(1), mx-missile_y_max(1)</value><value key="Literals" datatype="3" valuetype="-1" ModelId="14">7</value><value key="Variables" datatype="8" valuetype="-1" ModelId="14">adoption-of-the-budget-resolution_n_min(1), mx-missile_n_min(1), synfuels-corporation-cutback_y_min(1), export-administration-act-south-africa_u_min(1), physician-fee-freeze_y_max(1), religious-groups-in-schools_u_max(1), duty-free-exports_y_max(1)</value><value key="Literals" datatype="3" valuetype="-1" ModelId="15">7</value><value key="Variables" datatype="8" valuetype="-1" ModelId="15">adoption-of-the-budget-resolution_n_min(1), el-salvador-aid_y_min(1), synfuels-corporation-cutback_y_min(2), water-project-cost-sharing_u_max(1), physician-fee-freeze_y_max(1), education-spending_y_max(1)</value><value key="Literals" datatype="3" valuetype="-1" ModelId="16">6</value><value key="Variables" datatype="8" valuetype="-1" ModelId="16">adoption-of-the-budget-resolution_n_min(1), el-salvador-aid_y_min(1), synfuels-corporation-cutback_y_min(1), water-project-cost-sharing_n_max(1), physician-fee-freeze_y_max(2)</value><value key="VariableImportance" datatype="8" valuetype="-1" ModelId="16">adoption-of-the-budget-resolution_n_min(5.64597576119624E-02), el-salvador-aid_y_min(0.170634203895476), synfuels-corporation-cutback_y_min(7.41268411785158E-02), water-project-cost-sharing_n_max(2.30107055622023E-03), physician-fee-freeze_y_max(0.696478126757825)</value></run></report>
