<log created='11/30/2019 13:25:21' name='vote_template_classification_000001'>
<item created='11/30/2019 13:25:21' severity='0'>Processing run 1...</item>
<item created='11/30/2019 13:25:21' severity='0'>Applied setting Genes (2)</item>
<item created='11/30/2019 13:25:21' severity='0'>Applied setting HeadSize (1)</item>
<item created='11/30/2019 13:25:21' severity='0'>Applied setting FitnessFunction (11)</item>
<item created='11/30/2019 13:25:21' severity='0'>Applied setting RoundingThreshold (0.5)</item>
<item created='11/30/2019 13:25:21' severity='0'>Changed function * to weight 2.</item>
<item created='11/30/2019 13:25:21' severity='0'>Loading data from file vote_TRAIN_fold_2.csv ...</item>
<item created='11/30/2019 13:25:22' severity='0'>Loading data from file vote_TEST_fold_2.csv ...</item>
<item created='11/30/2019 13:25:23' severity='0'>Loading run file... vote_1_2_2\vote_template_classification_000001.gep</item>
<item created='11/30/2019 13:25:23' severity='0'>Initializing run...</item>
<item created='11/30/2019 13:25:23' severity='0'>Training Set size: 391</item>
<item created='11/30/2019 13:25:23' severity='0'>Dataset loaded.</item>
<item created='11/30/2019 13:25:23' severity='0'>Starting...</item>
<item created='11/30/2019 13:25:23' severity='0'>Generation: 0 (884.33734939759, 93.86% (367))</item>
<item created='11/30/2019 13:25:25' severity='0'>Generation: 640 (921.375921375921, 95.91% (375))</item>
<item created='11/30/2019 13:25:27' severity='0'>Generation: 1872 (921.375921375921, 95.91% (375))</item>
<item created='11/30/2019 13:25:29' severity='0'>Generation: 2992 (926.108374384236, 96.16% (376))</item>
<item created='11/30/2019 13:25:31' severity='0'>Generation: 4282 (926.108374384236, 96.16% (376))</item>
<item created='11/30/2019 13:25:33' severity='0'>Generation: 5533 (926.108374384236, 96.16% (376))</item>
<item created='11/30/2019 13:25:35' severity='0'>Generation: 6844 (926.108374384236, 96.16% (376))</item>
<item created='11/30/2019 13:25:37' severity='0'>Generation: 8098 (926.108374384236, 96.16% (376))</item>
<item created='11/30/2019 13:25:39' severity='0'>Generation: 9350 (926.108374384236, 96.16% (376))</item>
<item created='11/30/2019 13:25:41' severity='0'>Generation: 10554 (926.108374384236, 96.16% (376))</item>
<item created='11/30/2019 13:25:43' severity='0'>Generation: 11856 (926.108374384236, 96.16% (376))</item>
<item created='11/30/2019 13:25:45' severity='0'>Generation: 13135 (926.108374384236, 96.16% (376))</item>
<item created='11/30/2019 13:25:47' severity='0'>Generation: 14356 (926.108374384236, 96.16% (376))</item>
<item created='11/30/2019 13:25:49' severity='0'>Generation: 15464 (926.108374384236, 96.16% (376))</item>
<item created='11/30/2019 13:25:51' severity='0'>Generation: 16696 (926.108374384236, 96.16% (376))</item>
<item created='11/30/2019 13:25:53' severity='0'>Generation: 17918 (926.108374384236, 96.16% (376))</item>
<item created='11/30/2019 13:25:55' severity='0'>Generation: 19143 (926.108374384236, 96.16% (376))</item>
<item created='11/30/2019 13:25:56' severity='0'>Finished run.</item>
<item created='11/30/2019 13:25:56' severity='0'>Models created: 8</item>
<item created='11/30/2019 13:25:56' severity='0'>Models: 8</item>
<item created='11/30/2019 13:25:56' severity='0'>Last Model: 8</item>
<item created='11/30/2019 13:25:56' severity='0'>Generation: 1907</item>
<item created='11/30/2019 13:25:56' severity='0'>Training Fitness: 926.108374384236</item>
<item created='11/30/2019 13:25:56' severity='0'>Training Accuracy: 96.16%</item>
<item created='11/30/2019 13:25:56' severity='0'>Success</item>
<item created='11/30/2019 13:25:56' severity='0'>Loading run file... vote_1_2_2\vote_template_classification_000001.gep</item>
<item created='11/30/2019 13:25:56' severity='0'>Initializing tests for all models...</item>
<item created='11/30/2019 13:25:56' severity='0'>Testing model 1 on the Validation Set with 44 records..............</item>
<item created='11/30/2019 13:25:56' severity='0'>Testing model 2 on the Validation Set with 44 records..............</item>
<item created='11/30/2019 13:25:56' severity='0'>Testing model 3 on the Validation Set with 44 records..............</item>
<item created='11/30/2019 13:25:56' severity='0'>Testing model 4 on the Validation Set with 44 records..............</item>
<item created='11/30/2019 13:25:56' severity='0'>Testing model 5 on the Validation Set with 44 records..............</item>
<item created='11/30/2019 13:25:56' severity='0'>Testing model 6 on the Validation Set with 44 records..............</item>
<item created='11/30/2019 13:25:56' severity='0'>Testing model 7 on the Validation Set with 44 records..............</item>
<item created='11/30/2019 13:25:56' severity='0'>Testing model 8 on the Validation Set with 44 records..............</item>
<item created='11/30/2019 13:25:57' severity='0'>Success</item>
</log>
