<report id="0"><run id="1" name="vote_template_classification_000001.gep"><value key="HasTestingSet" datatype="3" valuetype="0">1</value><value key="TrainFitness" datatype="5" valuetype="1" ModelId="1">884.33734939759</value><value key="TrainFitness" datatype="5" valuetype="1" ModelId="2">893.462469733656</value><value key="TrainFitness" datatype="5" valuetype="1" ModelId="3">898.058252427184</value><value key="TrainFitness" datatype="5" valuetype="1" ModelId="4">902.676399026764</value><value key="TrainFitness" datatype="5" valuetype="1" ModelId="5">911.980440097799</value><value key="TrainFitness" datatype="5" valuetype="1" ModelId="6">916.666666666667</value><value key="TrainFitness" datatype="5" valuetype="1" ModelId="7">921.375921375921</value><value key="TrainFitness" datatype="5" valuetype="1" ModelId="8">926.108374384236</value><value key="TrainAccuracy" datatype="5" valuetype="1" ModelId="1">93.86</value><value key="TrainAccuracy" datatype="5" valuetype="1" ModelId="2">94.37</value><value key="TrainAccuracy" datatype="5" valuetype="1" ModelId="3">94.63</value><value key="TrainAccuracy" datatype="5" valuetype="1" ModelId="4">94.88</value><value key="TrainAccuracy" datatype="5" valuetype="1" ModelId="5">95.4</value><value key="TrainAccuracy" datatype="5" valuetype="1" ModelId="6">95.65</value><value key="TrainAccuracy" datatype="5" valuetype="1" ModelId="7">95.91</value><value key="TrainAccuracy" datatype="5" valuetype="1" ModelId="8">96.16</value><value key="TestFitness" datatype="5" valuetype="1" ModelId="1">757.575757575758</value><value key="TestFitness" datatype="5" valuetype="1" ModelId="2">913.04347826087</value><value key="TestFitness" datatype="5" valuetype="1" ModelId="3">913.04347826087</value><value key="TestFitness" datatype="5" valuetype="1" ModelId="4">913.04347826087</value><value key="TestFitness" datatype="5" valuetype="1" ModelId="5">913.04347826087</value><value key="TestFitness" datatype="5" valuetype="1" ModelId="6">913.04347826087</value><value key="TestFitness" datatype="5" valuetype="1" ModelId="7">913.04347826087</value><value key="TestFitness" datatype="5" valuetype="1" ModelId="8">913.04347826087</value><value key="TestAccuracy" datatype="5" valuetype="1" ModelId="1">90.91</value><value key="TestAccuracy" datatype="5" valuetype="1" ModelId="2">95.45</value><value key="TestAccuracy" datatype="5" valuetype="1" ModelId="3">95.45</value><value key="TestAccuracy" datatype="5" valuetype="1" ModelId="4">95.45</value><value key="TestAccuracy" datatype="5" valuetype="1" ModelId="5">95.45</value><value key="TestAccuracy" datatype="5" valuetype="1" ModelId="6">95.45</value><value key="TestAccuracy" datatype="5" valuetype="1" ModelId="7">95.45</value><value key="TestAccuracy" datatype="5" valuetype="1" ModelId="8">95.45</value><value key="Size" datatype="3" valuetype="1" ModelId="1">5</value><value key="Size" datatype="3" valuetype="1" ModelId="2">5</value><value key="Size" datatype="3" valuetype="1" ModelId="3">6</value><value key="Size" datatype="3" valuetype="1" ModelId="4">6</value><value key="Size" datatype="3" valuetype="1" ModelId="5">6</value><value key="Size" datatype="3" valuetype="1" ModelId="6">6</value><value key="Size" datatype="3" valuetype="1" ModelId="7">6</value><value key="Size" datatype="3" valuetype="1" ModelId="8">5</value><value key="Generation" datatype="5" valuetype="1" ModelId="1">0</value><value key="Generation" datatype="5" valuetype="1" ModelId="2">3</value><value key="Generation" datatype="5" valuetype="1" ModelId="3">114</value><value key="Generation" datatype="5" valuetype="1" ModelId="4">137</value><value key="Generation" datatype="5" valuetype="1" ModelId="5">173</value><value key="Generation" datatype="5" valuetype="1" ModelId="6">174</value><value key="Generation" datatype="5" valuetype="1" ModelId="7">332</value><value key="Generation" datatype="5" valuetype="1" ModelId="8">1907</value><value key="RunIndex" datatype="5" valuetype="1" ModelId="1">1</value><value key="RunIndex" datatype="5" valuetype="1" ModelId="2">1</value><value key="RunIndex" datatype="5" valuetype="1" ModelId="3">1</value><value key="RunIndex" datatype="5" valuetype="1" ModelId="4">1</value><value key="RunIndex" datatype="5" valuetype="1" ModelId="5">1</value><value key="RunIndex" datatype="5" valuetype="1" ModelId="6">1</value><value key="RunIndex" datatype="5" valuetype="1" ModelId="7">1</value><value key="RunIndex" datatype="5" valuetype="1" ModelId="8">1</value><value key="Literals" datatype="3" valuetype="-1" ModelId="1">3</value><value key="Variables" datatype="8" valuetype="-1" ModelId="1">physician-fee-freeze_n_min(1), handicapped-infants_n_max(1), adoption-of-the-budget-resolution_n_max(1)</value><value key="Literals" datatype="3" valuetype="-1" ModelId="2">2</value><value key="Variables" datatype="8" valuetype="-1" ModelId="2">physician-fee-freeze_n_min(1), handicapped-infants_n_max(1)</value><value key="Literals" datatype="3" valuetype="-1" ModelId="3">3</value><value key="Variables" datatype="8" valuetype="-1" ModelId="3">physician-fee-freeze_n_min(2), crime_n_min(1)</value><value key="Literals" datatype="3" valuetype="-1" ModelId="4">4</value><value key="Variables" datatype="8" valuetype="-1" ModelId="4">physician-fee-freeze_n_min(2), crime_n_min(1), handicapped-infants_u_max(1)</value><value key="Literals" datatype="3" valuetype="-1" ModelId="5">4</value><value key="Variables" datatype="8" valuetype="-1" ModelId="5">physician-fee-freeze_n_min(2), physician-fee-freeze_u_min(1), handicapped-infants_u_max(1)</value><value key="Literals" datatype="3" valuetype="-1" ModelId="6">3</value><value key="Variables" datatype="8" valuetype="-1" ModelId="6">physician-fee-freeze_n_min(2), physician-fee-freeze_u_min(1)</value><value key="Literals" datatype="3" valuetype="-1" ModelId="7">4</value><value key="Variables" datatype="8" valuetype="-1" ModelId="7">physician-fee-freeze_n_min(2), physician-fee-freeze_u_min(1), religious-groups-in-schools_u_max(1)</value><value key="Literals" datatype="3" valuetype="-1" ModelId="8">3</value><value key="Variables" datatype="8" valuetype="-1" ModelId="8">physician-fee-freeze_n_min(1), physician-fee-freeze_y_max(1), mx-missile_u_max(1)</value><value key="VariableImportance" datatype="8" valuetype="-1" ModelId="8">physician-fee-freeze_n_min(0.53470215021302), physician-fee-freeze_y_max(0.450409972225637), mx-missile_u_max(1.48878775613423E-02)</value></run></report>
