<report id="0"><run id="1" name="vote_template_classification_000001.gep"><value key="HasTestingSet" datatype="3" valuetype="0">1</value><value key="TrainFitness" datatype="5" valuetype="1" ModelId="1">595.760233918129</value><value key="TrainFitness" datatype="5" valuetype="1" ModelId="2">627.80269058296</value><value key="TrainFitness" datatype="5" valuetype="1" ModelId="3">631.086142322097</value><value key="TrainFitness" datatype="5" valuetype="1" ModelId="4">678.654292343388</value><value key="TrainFitness" datatype="5" valuetype="1" ModelId="5">702.947845804989</value><value key="TrainFitness" datatype="5" valuetype="1" ModelId="6">736.531986531986</value><value key="TrainFitness" datatype="5" valuetype="1" ModelId="7">744.186046511628</value><value key="TrainFitness" datatype="5" valuetype="1" ModelId="8">888.888888888889</value><value key="TrainFitness" datatype="5" valuetype="1" ModelId="9">907.317073170732</value><value key="TrainFitness" datatype="5" valuetype="1" ModelId="10">911.980440097799</value><value key="TrainFitness" datatype="5" valuetype="1" ModelId="11">916.666666666667</value><value key="TrainFitness" datatype="5" valuetype="1" ModelId="12">921.375921375921</value><value key="TrainFitness" datatype="5" valuetype="1" ModelId="13">926.108374384236</value><value key="TrainFitness" datatype="5" valuetype="1" ModelId="14">930.864197530864</value><value key="TrainFitness" datatype="5" valuetype="1" ModelId="15">935.643564356436</value><value key="TrainFitness" datatype="5" valuetype="1" ModelId="16">940.446650124069</value><value key="TrainFitness" datatype="5" valuetype="1" ModelId="17">950.124688279302</value><value key="TrainAccuracy" datatype="5" valuetype="1" ModelId="1">83.38</value><value key="TrainAccuracy" datatype="5" valuetype="1" ModelId="2">85.93</value><value key="TrainAccuracy" datatype="5" valuetype="1" ModelId="3">86.19</value><value key="TrainAccuracy" datatype="5" valuetype="1" ModelId="4">89.77</value><value key="TrainAccuracy" datatype="5" valuetype="1" ModelId="5">87.21</value><value key="TrainAccuracy" datatype="5" valuetype="1" ModelId="6">89.51</value><value key="TrainAccuracy" datatype="5" valuetype="1" ModelId="7">90.03</value><value key="TrainAccuracy" datatype="5" valuetype="1" ModelId="8">94.12</value><value key="TrainAccuracy" datatype="5" valuetype="1" ModelId="9">95.14</value><value key="TrainAccuracy" datatype="5" valuetype="1" ModelId="10">95.4</value><value key="TrainAccuracy" datatype="5" valuetype="1" ModelId="11">95.65</value><value key="TrainAccuracy" datatype="5" valuetype="1" ModelId="12">95.91</value><value key="TrainAccuracy" datatype="5" valuetype="1" ModelId="13">96.16</value><value key="TrainAccuracy" datatype="5" valuetype="1" ModelId="14">96.42</value><value key="TrainAccuracy" datatype="5" valuetype="1" ModelId="15">96.68</value><value key="TrainAccuracy" datatype="5" valuetype="1" ModelId="16">96.93</value><value key="TrainAccuracy" datatype="5" valuetype="1" ModelId="17">97.44</value><value key="TestFitness" datatype="5" valuetype="1" ModelId="1">532.544378698225</value><value key="TestFitness" datatype="5" valuetype="1" ModelId="2">471.698113207547</value><value key="TestFitness" datatype="5" valuetype="1" ModelId="3">471.698113207547</value><value key="TestFitness" datatype="5" valuetype="1" ModelId="4">723.562152133581</value><value key="TestFitness" datatype="5" valuetype="1" ModelId="5">723.562152133581</value><value key="TestFitness" datatype="5" valuetype="1" ModelId="6">723.562152133581</value><value key="TestFitness" datatype="5" valuetype="1" ModelId="7">633.333333333333</value><value key="TestFitness" datatype="5" valuetype="1" ModelId="8">955.555555555556</value><value key="TestFitness" datatype="5" valuetype="1" ModelId="9">955.555555555556</value><value key="TestFitness" datatype="5" valuetype="1" ModelId="10">955.555555555556</value><value key="TestFitness" datatype="5" valuetype="1" ModelId="11">955.555555555556</value><value key="TestFitness" datatype="5" valuetype="1" ModelId="12">955.555555555556</value><value key="TestFitness" datatype="5" valuetype="1" ModelId="13">955.555555555556</value><value key="TestFitness" datatype="5" valuetype="1" ModelId="14">955.555555555556</value><value key="TestFitness" datatype="5" valuetype="1" ModelId="15">955.555555555556</value><value key="TestFitness" datatype="5" valuetype="1" ModelId="16">955.555555555556</value><value key="TestFitness" datatype="5" valuetype="1" ModelId="17">955.555555555556</value><value key="TestAccuracy" datatype="5" valuetype="1" ModelId="1">81.82</value><value key="TestAccuracy" datatype="5" valuetype="1" ModelId="2">79.55</value><value key="TestAccuracy" datatype="5" valuetype="1" ModelId="3">79.55</value><value key="TestAccuracy" datatype="5" valuetype="1" ModelId="4">88.64</value><value key="TestAccuracy" datatype="5" valuetype="1" ModelId="5">88.64</value><value key="TestAccuracy" datatype="5" valuetype="1" ModelId="6">88.64</value><value key="TestAccuracy" datatype="5" valuetype="1" ModelId="7">86.36</value><value key="TestAccuracy" datatype="5" valuetype="1" ModelId="8">97.73</value><value key="TestAccuracy" datatype="5" valuetype="1" ModelId="9">97.73</value><value key="TestAccuracy" datatype="5" valuetype="1" ModelId="10">97.73</value><value key="TestAccuracy" datatype="5" valuetype="1" ModelId="11">97.73</value><value key="TestAccuracy" datatype="5" valuetype="1" ModelId="12">97.73</value><value key="TestAccuracy" datatype="5" valuetype="1" ModelId="13">97.73</value><value key="TestAccuracy" datatype="5" valuetype="1" ModelId="14">97.73</value><value key="TestAccuracy" datatype="5" valuetype="1" ModelId="15">97.73</value><value key="TestAccuracy" datatype="5" valuetype="1" ModelId="16">97.73</value><value key="TestAccuracy" datatype="5" valuetype="1" ModelId="17">97.73</value><value key="Size" datatype="3" valuetype="1" ModelId="1">11</value><value key="Size" datatype="3" valuetype="1" ModelId="2">11</value><value key="Size" datatype="3" valuetype="1" ModelId="3">11</value><value key="Size" datatype="3" valuetype="1" ModelId="4">11</value><value key="Size" datatype="3" valuetype="1" ModelId="5">11</value><value key="Size" datatype="3" valuetype="1" ModelId="6">11</value><value key="Size" datatype="3" valuetype="1" ModelId="7">11</value><value key="Size" datatype="3" valuetype="1" ModelId="8">8</value><value key="Size" datatype="3" valuetype="1" ModelId="9">8</value><value key="Size" datatype="3" valuetype="1" ModelId="10">8</value><value key="Size" datatype="3" valuetype="1" ModelId="11">10</value><value key="Size" datatype="3" valuetype="1" ModelId="12">10</value><value key="Size" datatype="3" valuetype="1" ModelId="13">10</value><value key="Size" datatype="3" valuetype="1" ModelId="14">8</value><value key="Size" datatype="3" valuetype="1" ModelId="15">8</value><value key="Size" datatype="3" valuetype="1" ModelId="16">8</value><value key="Size" datatype="3" valuetype="1" ModelId="17">8</value><value key="Generation" datatype="5" valuetype="1" ModelId="1">0</value><value key="Generation" datatype="5" valuetype="1" ModelId="2">9</value><value key="Generation" datatype="5" valuetype="1" ModelId="3">12</value><value key="Generation" datatype="5" valuetype="1" ModelId="4">36</value><value key="Generation" datatype="5" valuetype="1" ModelId="5">42</value><value key="Generation" datatype="5" valuetype="1" ModelId="6">43</value><value key="Generation" datatype="5" valuetype="1" ModelId="7">48</value><value key="Generation" datatype="5" valuetype="1" ModelId="8">96</value><value key="Generation" datatype="5" valuetype="1" ModelId="9">101</value><value key="Generation" datatype="5" valuetype="1" ModelId="10">113</value><value key="Generation" datatype="5" valuetype="1" ModelId="11">491</value><value key="Generation" datatype="5" valuetype="1" ModelId="12">514</value><value key="Generation" datatype="5" valuetype="1" ModelId="13">548</value><value key="Generation" datatype="5" valuetype="1" ModelId="14">554</value><value key="Generation" datatype="5" valuetype="1" ModelId="15">590</value><value key="Generation" datatype="5" valuetype="1" ModelId="16">748</value><value key="Generation" datatype="5" valuetype="1" ModelId="17">6140</value><value key="RunIndex" datatype="5" valuetype="1" ModelId="1">1</value><value key="RunIndex" datatype="5" valuetype="1" ModelId="2">1</value><value key="RunIndex" datatype="5" valuetype="1" ModelId="3">1</value><value key="RunIndex" datatype="5" valuetype="1" ModelId="4">1</value><value key="RunIndex" datatype="5" valuetype="1" ModelId="5">1</value><value key="RunIndex" datatype="5" valuetype="1" ModelId="6">1</value><value key="RunIndex" datatype="5" valuetype="1" ModelId="7">1</value><value key="RunIndex" datatype="5" valuetype="1" ModelId="8">1</value><value key="RunIndex" datatype="5" valuetype="1" ModelId="9">1</value><value key="RunIndex" datatype="5" valuetype="1" ModelId="10">1</value><value key="RunIndex" datatype="5" valuetype="1" ModelId="11">1</value><value key="RunIndex" datatype="5" valuetype="1" ModelId="12">1</value><value key="RunIndex" datatype="5" valuetype="1" ModelId="13">1</value><value key="RunIndex" datatype="5" valuetype="1" ModelId="14">1</value><value key="RunIndex" datatype="5" valuetype="1" ModelId="15">1</value><value key="RunIndex" datatype="5" valuetype="1" ModelId="16">1</value><value key="RunIndex" datatype="5" valuetype="1" ModelId="17">1</value><value key="Literals" datatype="3" valuetype="-1" ModelId="1">3</value><value key="Variables" datatype="8" valuetype="-1" ModelId="1">el-salvador-aid_y_min(1), aid-to-nicaraguan-contras_u_min(1), religious-groups-in-schools_n_max(1)</value><value key="Literals" datatype="3" valuetype="-1" ModelId="2">3</value><value key="Variables" datatype="8" valuetype="-1" ModelId="2">el-salvador-aid_n_min(1), el-salvador-aid_u_min(1), religious-groups-in-schools_u_max(1)</value><value key="Literals" datatype="3" valuetype="-1" ModelId="3">4</value><value key="Variables" datatype="8" valuetype="-1" ModelId="3">handicapped-infants_u_min(1), el-salvador-aid_n_min(1), el-salvador-aid_u_min(1), religious-groups-in-schools_u_max(1)</value><value key="Literals" datatype="3" valuetype="-1" ModelId="4">4</value><value key="Variables" datatype="8" valuetype="-1" ModelId="4">handicapped-infants_u_min(1), el-salvador-aid_n_min(2), adoption-of-the-budget-resolution_y_max(1)</value><value key="Literals" datatype="3" valuetype="-1" ModelId="5">4</value><value key="Variables" datatype="8" valuetype="-1" ModelId="5">handicapped-infants_u_min(1), el-salvador-aid_n_min(1), duty-free-exports_u_min(1), adoption-of-the-budget-resolution_y_max(1)</value><value key="Literals" datatype="3" valuetype="-1" ModelId="6">4</value><value key="Variables" datatype="8" valuetype="-1" ModelId="6">el-salvador-aid_n_min(2), el-salvador-aid_u_min(1), adoption-of-the-budget-resolution_y_max(1)</value><value key="Literals" datatype="3" valuetype="-1" ModelId="7">5</value><value key="Variables" datatype="8" valuetype="-1" ModelId="7">el-salvador-aid_n_min(2), el-salvador-aid_u_min(1), duty-free-exports_n_min(1), adoption-of-the-budget-resolution_y_max(1)</value><value key="Literals" datatype="3" valuetype="-1" ModelId="8">6</value><value key="Variables" datatype="8" valuetype="-1" ModelId="8">physician-fee-freeze_n_min(1), physician-fee-freeze_y_min(1), crime_n_min(1), handicapped-infants_n_max(1), handicapped-infants_u_max(1), handicapped-infants_y_max(1)</value><value key="Literals" datatype="3" valuetype="-1" ModelId="9">6</value><value key="Variables" datatype="8" valuetype="-1" ModelId="9">physician-fee-freeze_n_min(1), physician-fee-freeze_y_min(1), crime_n_min(1), handicapped-infants_n_max(1), handicapped-infants_u_max(1), handicapped-infants_y_max(1)</value><value key="Literals" datatype="3" valuetype="-1" ModelId="10">5</value><value key="Variables" datatype="8" valuetype="-1" ModelId="10">physician-fee-freeze_n_min(1), physician-fee-freeze_y_min(1), handicapped-infants_n_max(1), handicapped-infants_u_max(1), handicapped-infants_y_max(1)</value><value key="Literals" datatype="3" valuetype="-1" ModelId="11">5</value><value key="Variables" datatype="8" valuetype="-1" ModelId="11">synfuels-corporation-cutback_y_min(1), adoption-of-the-budget-resolution_n_max(1), physician-fee-freeze_y_max(2), el-salvador-aid_n_max(1)</value><value key="Literals" datatype="3" valuetype="-1" ModelId="12">6</value><value key="Variables" datatype="8" valuetype="-1" ModelId="12">physician-fee-freeze_n_min(1), synfuels-corporation-cutback_y_min(1), handicapped-infants_u_max(1), adoption-of-the-budget-resolution_n_max(1), physician-fee-freeze_y_max(2)</value><value key="Literals" datatype="3" valuetype="-1" ModelId="13">6</value><value key="Variables" datatype="8" valuetype="-1" ModelId="13">physician-fee-freeze_n_min(1), handicapped-infants_u_max(1), adoption-of-the-budget-resolution_n_max(1), physician-fee-freeze_y_max(2), export-administration-act-south-africa_y_max(1)</value><value key="Literals" datatype="3" valuetype="-1" ModelId="14">6</value><value key="Variables" datatype="8" valuetype="-1" ModelId="14">synfuels-corporation-cutback_y_min(1), handicapped-infants_u_max(1), adoption-of-the-budget-resolution_n_max(1), physician-fee-freeze_y_max(2), aid-to-nicaraguan-contras_y_max(1)</value><value key="Literals" datatype="3" valuetype="-1" ModelId="15">6</value><value key="Variables" datatype="8" valuetype="-1" ModelId="15">synfuels-corporation-cutback_y_min(1), handicapped-infants_u_max(1), adoption-of-the-budget-resolution_n_max(1), physician-fee-freeze_y_max(2), aid-to-nicaraguan-contras_y_max(1)</value><value key="Literals" datatype="3" valuetype="-1" ModelId="16">6</value><value key="Variables" datatype="8" valuetype="-1" ModelId="16">anti-satellite-test-ban_n_min(1), synfuels-corporation-cutback_y_min(1), handicapped-infants_u_max(1), adoption-of-the-budget-resolution_n_max(1), physician-fee-freeze_y_max(2)</value><value key="Literals" datatype="3" valuetype="-1" ModelId="17">6</value><value key="Variables" datatype="8" valuetype="-1" ModelId="17">anti-satellite-test-ban_n_min(1), synfuels-corporation-cutback_y_min(1), export-administration-act-south-africa_u_min(1), adoption-of-the-budget-resolution_n_max(1), physician-fee-freeze_y_max(2)</value><value key="VariableImportance" datatype="8" valuetype="-1" ModelId="17">anti-satellite-test-ban_n_min(1.44773678138957E-02), synfuels-corporation-cutback_y_min(0.113131546248726), export-administration-act-south-africa_u_min(6.52902052471156E-02), adoption-of-the-budget-resolution_n_max(9.08095702490504E-02), physician-fee-freeze_y_max(0.716291310441213)</value></run></report>
