<log created='11/30/2019 13:39:51' name='vote_template_classification_000001'>
<item created='11/30/2019 13:39:51' severity='0'>Processing run 1...</item>
<item created='11/30/2019 13:39:51' severity='0'>Applied setting Genes (4)</item>
<item created='11/30/2019 13:39:51' severity='0'>Applied setting HeadSize (1)</item>
<item created='11/30/2019 13:39:51' severity='0'>Applied setting FitnessFunction (11)</item>
<item created='11/30/2019 13:39:51' severity='0'>Applied setting RoundingThreshold (0.5)</item>
<item created='11/30/2019 13:39:51' severity='0'>Changed function * to weight 2.</item>
<item created='11/30/2019 13:39:51' severity='0'>Loading data from file vote_TRAIN_fold_3.csv ...</item>
<item created='11/30/2019 13:39:52' severity='0'>Loading data from file vote_TEST_fold_3.csv ...</item>
<item created='11/30/2019 13:39:53' severity='0'>Loading run file... vote_1_4_3\vote_template_classification_000001.gep</item>
<item created='11/30/2019 13:39:53' severity='0'>Initializing run...</item>
<item created='11/30/2019 13:39:53' severity='0'>Training Set size: 391</item>
<item created='11/30/2019 13:39:53' severity='0'>Dataset loaded.</item>
<item created='11/30/2019 13:39:53' severity='0'>Starting...</item>
<item created='11/30/2019 13:39:53' severity='0'>Generation: 0 (595.760233918129, 83.38% (326))</item>
<item created='11/30/2019 13:39:55' severity='0'>Generation: 719 (935.643564356436, 96.68% (378))</item>
<item created='11/30/2019 13:39:57' severity='0'>Generation: 1620 (940.446650124069, 96.93% (379))</item>
<item created='11/30/2019 13:39:59' severity='0'>Generation: 2525 (940.446650124069, 96.93% (379))</item>
<item created='11/30/2019 13:40:01' severity='0'>Generation: 3374 (940.446650124069, 96.93% (379))</item>
<item created='11/30/2019 13:40:03' severity='0'>Generation: 4197 (940.446650124069, 96.93% (379))</item>
<item created='11/30/2019 13:40:05' severity='0'>Generation: 5051 (940.446650124069, 96.93% (379))</item>
<item created='11/30/2019 13:40:07' severity='0'>Generation: 5939 (940.446650124069, 96.93% (379))</item>
<item created='11/30/2019 13:40:09' severity='0'>Generation: 6841 (950.124688279302, 97.44% (381))</item>
<item created='11/30/2019 13:40:11' severity='0'>Generation: 7754 (950.124688279302, 97.44% (381))</item>
<item created='11/30/2019 13:40:13' severity='0'>Generation: 8641 (950.124688279302, 97.44% (381))</item>
<item created='11/30/2019 13:40:15' severity='0'>Generation: 9567 (950.124688279302, 97.44% (381))</item>
<item created='11/30/2019 13:40:17' severity='0'>Generation: 10462 (950.124688279302, 97.44% (381))</item>
<item created='11/30/2019 13:40:19' severity='0'>Generation: 11362 (950.124688279302, 97.44% (381))</item>
<item created='11/30/2019 13:40:21' severity='0'>Generation: 12245 (950.124688279302, 97.44% (381))</item>
<item created='11/30/2019 13:40:23' severity='0'>Generation: 13128 (950.124688279302, 97.44% (381))</item>
<item created='11/30/2019 13:40:25' severity='0'>Generation: 14005 (950.124688279302, 97.44% (381))</item>
<item created='11/30/2019 13:40:27' severity='0'>Generation: 14860 (950.124688279302, 97.44% (381))</item>
<item created='11/30/2019 13:40:29' severity='0'>Generation: 15772 (950.124688279302, 97.44% (381))</item>
<item created='11/30/2019 13:40:31' severity='0'>Generation: 16665 (950.124688279302, 97.44% (381))</item>
<item created='11/30/2019 13:40:33' severity='0'>Generation: 17539 (950.124688279302, 97.44% (381))</item>
<item created='11/30/2019 13:40:35' severity='0'>Generation: 18427 (950.124688279302, 97.44% (381))</item>
<item created='11/30/2019 13:40:37' severity='0'>Generation: 19323 (950.124688279302, 97.44% (381))</item>
<item created='11/30/2019 13:40:38' severity='0'>Finished run.</item>
<item created='11/30/2019 13:40:38' severity='0'>Models created: 17</item>
<item created='11/30/2019 13:40:38' severity='0'>Models: 17</item>
<item created='11/30/2019 13:40:38' severity='0'>Last Model: 17</item>
<item created='11/30/2019 13:40:38' severity='0'>Generation: 6140</item>
<item created='11/30/2019 13:40:38' severity='0'>Training Fitness: 950.124688279302</item>
<item created='11/30/2019 13:40:38' severity='0'>Training Accuracy: 97.44%</item>
<item created='11/30/2019 13:40:38' severity='0'>Success</item>
<item created='11/30/2019 13:40:38' severity='0'>Loading run file... vote_1_4_3\vote_template_classification_000001.gep</item>
<item created='11/30/2019 13:40:39' severity='0'>Initializing tests for all models...</item>
<item created='11/30/2019 13:40:39' severity='0'>Testing model 1 on the Validation Set with 44 records..............</item>
<item created='11/30/2019 13:40:39' severity='0'>Testing model 2 on the Validation Set with 44 records..............</item>
<item created='11/30/2019 13:40:39' severity='0'>Testing model 3 on the Validation Set with 44 records..............</item>
<item created='11/30/2019 13:40:39' severity='0'>Testing model 4 on the Validation Set with 44 records..............</item>
<item created='11/30/2019 13:40:39' severity='0'>Testing model 5 on the Validation Set with 44 records..............</item>
<item created='11/30/2019 13:40:39' severity='0'>Testing model 6 on the Validation Set with 44 records..............</item>
<item created='11/30/2019 13:40:39' severity='0'>Testing model 7 on the Validation Set with 44 records..............</item>
<item created='11/30/2019 13:40:39' severity='0'>Testing model 8 on the Validation Set with 44 records..............</item>
<item created='11/30/2019 13:40:39' severity='0'>Testing model 9 on the Validation Set with 44 records..............</item>
<item created='11/30/2019 13:40:39' severity='0'>Testing model 10 on the Validation Set with 44 records..............</item>
<item created='11/30/2019 13:40:39' severity='0'>Testing model 11 on the Validation Set with 44 records..............</item>
<item created='11/30/2019 13:40:39' severity='0'>Testing model 12 on the Validation Set with 44 records..............</item>
<item created='11/30/2019 13:40:39' severity='0'>Testing model 13 on the Validation Set with 44 records..............</item>
<item created='11/30/2019 13:40:39' severity='0'>Testing model 14 on the Validation Set with 44 records..............</item>
<item created='11/30/2019 13:40:39' severity='0'>Testing model 15 on the Validation Set with 44 records..............</item>
<item created='11/30/2019 13:40:39' severity='0'>Testing model 16 on the Validation Set with 44 records..............</item>
<item created='11/30/2019 13:40:39' severity='0'>Testing model 17 on the Validation Set with 44 records..............</item>
<item created='11/30/2019 13:40:39' severity='0'>Success</item>
</log>
