<log created='11/30/2019 13:31:07' name='vote_template_classification_000001'>
<item created='11/30/2019 13:31:07' severity='0'>Processing run 1...</item>
<item created='11/30/2019 13:31:07' severity='0'>Applied setting Genes (3)</item>
<item created='11/30/2019 13:31:07' severity='0'>Applied setting HeadSize (1)</item>
<item created='11/30/2019 13:31:07' severity='0'>Applied setting FitnessFunction (11)</item>
<item created='11/30/2019 13:31:07' severity='0'>Applied setting RoundingThreshold (0.5)</item>
<item created='11/30/2019 13:31:07' severity='0'>Changed function * to weight 2.</item>
<item created='11/30/2019 13:31:07' severity='0'>Loading data from file vote_TRAIN_fold_2.csv ...</item>
<item created='11/30/2019 13:31:08' severity='0'>Loading data from file vote_TEST_fold_2.csv ...</item>
<item created='11/30/2019 13:31:09' severity='0'>Loading run file... vote_1_3_2\vote_template_classification_000001.gep</item>
<item created='11/30/2019 13:31:09' severity='0'>Initializing run...</item>
<item created='11/30/2019 13:31:09' severity='0'>Training Set size: 391</item>
<item created='11/30/2019 13:31:09' severity='0'>Dataset loaded.</item>
<item created='11/30/2019 13:31:09' severity='0'>Starting...</item>
<item created='11/30/2019 13:31:09' severity='0'>Generation: 0 (611.60384331116, 84.65% (331))</item>
<item created='11/30/2019 13:31:11' severity='0'>Generation: 511 (926.108374384236, 96.16% (376))</item>
<item created='11/30/2019 13:31:13' severity='0'>Generation: 1474 (930.864197530864, 96.42% (377))</item>
<item created='11/30/2019 13:31:15' severity='0'>Generation: 2416 (940.446650124069, 96.93% (379))</item>
<item created='11/30/2019 13:31:17' severity='0'>Generation: 3370 (940.446650124069, 96.93% (379))</item>
<item created='11/30/2019 13:31:19' severity='0'>Generation: 4170 (940.446650124069, 96.93% (379))</item>
<item created='11/30/2019 13:31:21' severity='0'>Generation: 5108 (940.446650124069, 96.93% (379))</item>
<item created='11/30/2019 13:31:23' severity='0'>Generation: 6018 (940.446650124069, 96.93% (379))</item>
<item created='11/30/2019 13:31:25' severity='0'>Generation: 6948 (940.446650124069, 96.93% (379))</item>
<item created='11/30/2019 13:31:27' severity='0'>Generation: 7925 (940.446650124069, 96.93% (379))</item>
<item created='11/30/2019 13:31:29' severity='0'>Generation: 8904 (940.446650124069, 96.93% (379))</item>
<item created='11/30/2019 13:31:31' severity='0'>Generation: 9805 (940.446650124069, 96.93% (379))</item>
<item created='11/30/2019 13:31:33' severity='0'>Generation: 10711 (940.446650124069, 96.93% (379))</item>
<item created='11/30/2019 13:31:35' severity='0'>Generation: 11689 (940.446650124069, 96.93% (379))</item>
<item created='11/30/2019 13:31:37' severity='0'>Generation: 12616 (940.446650124069, 96.93% (379))</item>
<item created='11/30/2019 13:31:39' severity='0'>Generation: 13568 (940.446650124069, 96.93% (379))</item>
<item created='11/30/2019 13:31:41' severity='0'>Generation: 14477 (940.446650124069, 96.93% (379))</item>
<item created='11/30/2019 13:31:43' severity='0'>Generation: 15355 (940.446650124069, 96.93% (379))</item>
<item created='11/30/2019 13:31:45' severity='0'>Generation: 16331 (940.446650124069, 96.93% (379))</item>
<item created='11/30/2019 13:31:47' severity='0'>Generation: 17302 (940.446650124069, 96.93% (379))</item>
<item created='11/30/2019 13:31:49' severity='0'>Generation: 18219 (940.446650124069, 96.93% (379))</item>
<item created='11/30/2019 13:31:51' severity='0'>Generation: 19125 (940.446650124069, 96.93% (379))</item>
<item created='11/30/2019 13:31:52' severity='0'>Finished run.</item>
<item created='11/30/2019 13:31:52' severity='0'>Models created: 8</item>
<item created='11/30/2019 13:31:52' severity='0'>Models: 8</item>
<item created='11/30/2019 13:31:52' severity='0'>Last Model: 8</item>
<item created='11/30/2019 13:31:52' severity='0'>Generation: 1712</item>
<item created='11/30/2019 13:31:52' severity='0'>Training Fitness: 940.446650124069</item>
<item created='11/30/2019 13:31:52' severity='0'>Training Accuracy: 96.93%</item>
<item created='11/30/2019 13:31:52' severity='0'>Success</item>
<item created='11/30/2019 13:31:53' severity='0'>Loading run file... vote_1_3_2\vote_template_classification_000001.gep</item>
<item created='11/30/2019 13:31:53' severity='0'>Initializing tests for all models...</item>
<item created='11/30/2019 13:31:53' severity='0'>Testing model 1 on the Validation Set with 44 records..............</item>
<item created='11/30/2019 13:31:53' severity='0'>Testing model 2 on the Validation Set with 44 records..............</item>
<item created='11/30/2019 13:31:53' severity='0'>Testing model 3 on the Validation Set with 44 records..............</item>
<item created='11/30/2019 13:31:53' severity='0'>Testing model 4 on the Validation Set with 44 records..............</item>
<item created='11/30/2019 13:31:53' severity='0'>Testing model 5 on the Validation Set with 44 records..............</item>
<item created='11/30/2019 13:31:53' severity='0'>Testing model 6 on the Validation Set with 44 records..............</item>
<item created='11/30/2019 13:31:53' severity='0'>Testing model 7 on the Validation Set with 44 records..............</item>
<item created='11/30/2019 13:31:53' severity='0'>Testing model 8 on the Validation Set with 44 records..............</item>
<item created='11/30/2019 13:31:53' severity='0'>Success</item>
</log>
