<summary><value key="AverageTrainFitness" datatype="5" valuetype="4">940.446650124069</value><value key="AverageTrainRSQuare" datatype="5" valuetype="4">0.801978356331538</value><value key="AverageTrainAccuracy" datatype="5" valuetype="4">96.93</value><value key="MaxTrainFitness" datatype="5" valuetype="4">1000</value><value key="MaxTestFitness" datatype="5" valuetype="4">1000</value><value key="TrainSuccessCount" datatype="3" valuetype="4">0</value><value key="TrainSuccessRate" datatype="5" valuetype="4">0</value><value key="BestTrainFitness" datatype="5" valuetype="4">940.446650124069</value><value key="BestTrainFitnessRun" datatype="3" valuetype="4">1</value><value key="BestTrainFitnessHistory" datatype="3" valuetype="4">1</value><value key="BestTrainFitnessModelId" datatype="3" valuetype="4">8</value><value key="BestTrainFitnessModelSize" datatype="3" valuetype="4">9</value><value key="BestTrainFitnessModelLiterals" datatype="3" valuetype="4">5</value><value key="BestTrainFitnessModelTerminals" datatype="8" valuetype="4">synfuels-corporation-cutback_y_min(1), physician-fee-freeze_y_max(2), mx-missile_y_max(1), immigration_u_max(1)</value><value key="BestTrainFitnessModelVariableImportance" datatype="8" valuetype="4">synfuels-corporation-cutback_y_min(0.11453328813932), physician-fee-freeze_y_max(0.69963428863664), mx-missile_y_max(0.178309993512265), immigration_u_max(7.52242971177567E-03)</value><value key="BestTrainAccuracy" datatype="5" valuetype="4">96.93</value><value key="BestTrainAccuracyRun" datatype="3" valuetype="4">1</value><value key="BestTrainAccuracyHistory" datatype="3" valuetype="4">1</value><value key="BestTrainAccuracyModelId" datatype="3" valuetype="4">8</value><value key="BestTrainAccuracyModelSize" datatype="3" valuetype="4">9</value><value key="BestTrainAccuracyModelLiterals" datatype="3" valuetype="4">5</value><value key="BestTrainAccuracyModelTerminals" datatype="8" valuetype="4">synfuels-corporation-cutback_y_min(1), physician-fee-freeze_y_max(2), mx-missile_y_max(1), immigration_u_max(1)</value><value key="BestTrainAccuracyModelVariableImportance" datatype="8" valuetype="4">synfuels-corporation-cutback_y_min(0.11453328813932), physician-fee-freeze_y_max(0.69963428863664), mx-missile_y_max(0.178309993512265), immigration_u_max(7.52242971177567E-03)</value><value key="BestTrainRSQuare" datatype="5" valuetype="4">0.801978356331538</value><value key="BestTrainRSQuareRun" datatype="3" valuetype="4">1</value><value key="BestTrainRSQuareHistory" datatype="3" valuetype="4">1</value><value key="BestTrainRSQuareModelId" datatype="3" valuetype="4">8</value><value key="BestTrainRSQuareModelSize" datatype="3" valuetype="4">9</value><value key="BestTrainRSQuareModelLiterals" datatype="3" valuetype="4">5</value><value key="BestTrainRSQuareModelTerminals" datatype="8" valuetype="4">synfuels-corporation-cutback_y_min(1), physician-fee-freeze_y_max(2), mx-missile_y_max(1), immigration_u_max(1)</value><value key="BestTrainRSQuareModelVariableImportance" datatype="8" valuetype="4">synfuels-corporation-cutback_y_min(0.11453328813932), physician-fee-freeze_y_max(0.69963428863664), mx-missile_y_max(0.178309993512265), immigration_u_max(7.52242971177567E-03)</value><value key="TestSuccessCount" datatype="3" valuetype="4">0</value><value key="TestSuccessRate" datatype="5" valuetype="4">0</value><value key="AverageTestFitness" datatype="5" valuetype="4">913.04347826087</value><value key="AverageTestRSQuare" datatype="5" valuetype="4">0.796506910969476</value><value key="AverageTestAccuracy" datatype="5" valuetype="4">95.45</value><value key="BestTestFitness" datatype="5" valuetype="4">913.04347826087</value><value key="BestTestFitnessRun" datatype="3" valuetype="4">1</value><value key="BestTestFitnessHistory" datatype="3" valuetype="4">1</value><value key="BestTestFitnessModelId" datatype="3" valuetype="4">8</value><value key="BestTestFitnessModelSize" datatype="3" valuetype="4">9</value><value key="BestTestFitnessModelLiterals" datatype="3" valuetype="4">5</value><value key="BestTestFitnessModelTerminals" datatype="8" valuetype="4">synfuels-corporation-cutback_y_min(1), physician-fee-freeze_y_max(2), mx-missile_y_max(1), immigration_u_max(1)</value><value key="BestTestFitnessModelVariableImportance" datatype="8" valuetype="4">synfuels-corporation-cutback_y_min(0.13999528477446), physician-fee-freeze_y_max(0.6386972819756), mx-missile_y_max(0.21507585149726), immigration_u_max(6.23158175268037E-03)</value><value key="BestTestAccuracy" datatype="5" valuetype="4">95.45</value><value key="BestTestAccuracyRun" datatype="3" valuetype="4">1</value><value key="BestTestAccuracyHistory" datatype="3" valuetype="4">1</value><value key="BestTestAccuracyModelId" datatype="3" valuetype="4">8</value><value key="BestTestAccuracyModelSize" datatype="3" valuetype="4">9</value><value key="BestTestAccuracyModelLiterals" datatype="3" valuetype="4">5</value><value key="BestTestAccuracyModelTerminals" datatype="8" valuetype="4">synfuels-corporation-cutback_y_min(1), physician-fee-freeze_y_max(2), mx-missile_y_max(1), immigration_u_max(1)</value><value key="BestTestAccuracyModelVariableImportance" datatype="8" valuetype="4">synfuels-corporation-cutback_y_min(0.13999528477446), physician-fee-freeze_y_max(0.6386972819756), mx-missile_y_max(0.21507585149726), immigration_u_max(6.23158175268037E-03)</value><value key="BestTestRSQuare" datatype="5" valuetype="4">0.796506910969476</value><value key="BestTestRSQuareRun" datatype="3" valuetype="4">1</value><value key="BestTestRSQuareHistory" datatype="3" valuetype="4">1</value><value key="BestTestRSQuareModelId" datatype="3" valuetype="4">8</value><value key="BestTestRSQuareModelSize" datatype="3" valuetype="4">9</value><value key="BestTestRSQuareModelLiterals" datatype="3" valuetype="4">5</value><value key="BestTestRSQuareModelTerminals" datatype="8" valuetype="4">synfuels-corporation-cutback_y_min(1), physician-fee-freeze_y_max(2), mx-missile_y_max(1), immigration_u_max(1)</value><value key="BestTestRSQuareModelVariableImportance" datatype="8" valuetype="4">synfuels-corporation-cutback_y_min(0.13999528477446), physician-fee-freeze_y_max(0.6386972819756), mx-missile_y_max(0.21507585149726), immigration_u_max(6.23158175268037E-03)</value><value key="DefinitionFile" datatype="8" valuetype="4">../vote_1_3_2_jobdef.xml</value></summary>
