<report id="0"><run id="1" name="vote_template_classification_000001.gep"><value key="HasTestingSet" datatype="3" valuetype="0">1</value><value key="TrainFitness" datatype="5" valuetype="1" ModelId="1">611.60384331116</value><value key="TrainFitness" datatype="5" valuetype="1" ModelId="2">613.616268788683</value><value key="TrainFitness" datatype="5" valuetype="1" ModelId="3">783.549783549783</value><value key="TrainFitness" datatype="5" valuetype="1" ModelId="4">787.589498806683</value><value key="TrainFitness" datatype="5" valuetype="1" ModelId="5">916.666666666667</value><value key="TrainFitness" datatype="5" valuetype="1" ModelId="6">926.108374384236</value><value key="TrainFitness" datatype="5" valuetype="1" ModelId="7">930.864197530864</value><value key="TrainFitness" datatype="5" valuetype="1" ModelId="8">940.446650124069</value><value key="TrainAccuracy" datatype="5" valuetype="1" ModelId="1">84.65</value><value key="TrainAccuracy" datatype="5" valuetype="1" ModelId="2">88.75</value><value key="TrainAccuracy" datatype="5" valuetype="1" ModelId="3">92.58</value><value key="TrainAccuracy" datatype="5" valuetype="1" ModelId="4">92.84</value><value key="TrainAccuracy" datatype="5" valuetype="1" ModelId="5">95.65</value><value key="TrainAccuracy" datatype="5" valuetype="1" ModelId="6">96.16</value><value key="TrainAccuracy" datatype="5" valuetype="1" ModelId="7">96.42</value><value key="TrainAccuracy" datatype="5" valuetype="1" ModelId="8">96.93</value><value key="TestFitness" datatype="5" valuetype="1" ModelId="1">576.923076923077</value><value key="TestFitness" datatype="5" valuetype="1" ModelId="2">694.444444444444</value><value key="TestFitness" datatype="5" valuetype="1" ModelId="3">793.036750483559</value><value key="TestFitness" datatype="5" valuetype="1" ModelId="4">793.036750483559</value><value key="TestFitness" datatype="5" valuetype="1" ModelId="5">913.04347826087</value><value key="TestFitness" datatype="5" valuetype="1" ModelId="6">913.04347826087</value><value key="TestFitness" datatype="5" valuetype="1" ModelId="7">913.04347826087</value><value key="TestFitness" datatype="5" valuetype="1" ModelId="8">913.04347826087</value><value key="TestAccuracy" datatype="5" valuetype="1" ModelId="1">81.82</value><value key="TestAccuracy" datatype="5" valuetype="1" ModelId="2">90.91</value><value key="TestAccuracy" datatype="5" valuetype="1" ModelId="3">93.18</value><value key="TestAccuracy" datatype="5" valuetype="1" ModelId="4">93.18</value><value key="TestAccuracy" datatype="5" valuetype="1" ModelId="5">95.45</value><value key="TestAccuracy" datatype="5" valuetype="1" ModelId="6">95.45</value><value key="TestAccuracy" datatype="5" valuetype="1" ModelId="7">95.45</value><value key="TestAccuracy" datatype="5" valuetype="1" ModelId="8">95.45</value><value key="Size" datatype="3" valuetype="1" ModelId="1">8</value><value key="Size" datatype="3" valuetype="1" ModelId="2">8</value><value key="Size" datatype="3" valuetype="1" ModelId="3">8</value><value key="Size" datatype="3" valuetype="1" ModelId="4">8</value><value key="Size" datatype="3" valuetype="1" ModelId="5">8</value><value key="Size" datatype="3" valuetype="1" ModelId="6">9</value><value key="Size" datatype="3" valuetype="1" ModelId="7">9</value><value key="Size" datatype="3" valuetype="1" ModelId="8">9</value><value key="Generation" datatype="5" valuetype="1" ModelId="1">0</value><value key="Generation" datatype="5" valuetype="1" ModelId="2">1</value><value key="Generation" datatype="5" valuetype="1" ModelId="3">2</value><value key="Generation" datatype="5" valuetype="1" ModelId="4">3</value><value key="Generation" datatype="5" valuetype="1" ModelId="5">5</value><value key="Generation" datatype="5" valuetype="1" ModelId="6">16</value><value key="Generation" datatype="5" valuetype="1" ModelId="7">1409</value><value key="Generation" datatype="5" valuetype="1" ModelId="8">1712</value><value key="RunIndex" datatype="5" valuetype="1" ModelId="1">1</value><value key="RunIndex" datatype="5" valuetype="1" ModelId="2">1</value><value key="RunIndex" datatype="5" valuetype="1" ModelId="3">1</value><value key="RunIndex" datatype="5" valuetype="1" ModelId="4">1</value><value key="RunIndex" datatype="5" valuetype="1" ModelId="5">1</value><value key="RunIndex" datatype="5" valuetype="1" ModelId="6">1</value><value key="RunIndex" datatype="5" valuetype="1" ModelId="7">1</value><value key="RunIndex" datatype="5" valuetype="1" ModelId="8">1</value><value key="Literals" datatype="3" valuetype="-1" ModelId="1">3</value><value key="Variables" datatype="8" valuetype="-1" ModelId="1">mx-missile_n_max(1), mx-missile_u_max(1), crime_y_max(1)</value><value key="Literals" datatype="3" valuetype="-1" ModelId="2">4</value><value key="Variables" datatype="8" valuetype="-1" ModelId="2">export-administration-act-south-africa_u_min(1), physician-fee-freeze_y_max(1), mx-missile_n_max(1), duty-free-exports_u_max(1)</value><value key="Literals" datatype="3" valuetype="-1" ModelId="3">3</value><value key="Variables" datatype="8" valuetype="-1" ModelId="3">physician-fee-freeze_y_max(1), mx-missile_n_max(1), mx-missile_u_max(1)</value><value key="Literals" datatype="3" valuetype="-1" ModelId="4">3</value><value key="Variables" datatype="8" valuetype="-1" ModelId="4">physician-fee-freeze_y_max(1), mx-missile_n_max(1), mx-missile_u_max(1)</value><value key="Literals" datatype="3" valuetype="-1" ModelId="5">4</value><value key="Variables" datatype="8" valuetype="-1" ModelId="5">physician-fee-freeze_y_max(2), mx-missile_n_max(1), mx-missile_u_max(1)</value><value key="Literals" datatype="3" valuetype="-1" ModelId="6">4</value><value key="Variables" datatype="8" valuetype="-1" ModelId="6">physician-fee-freeze_n_min(1), physician-fee-freeze_y_max(1), mx-missile_n_max(1), mx-missile_u_max(1)</value><value key="Literals" datatype="3" valuetype="-1" ModelId="7">5</value><value key="Variables" datatype="8" valuetype="-1" ModelId="7">synfuels-corporation-cutback_y_min(1), physician-fee-freeze_y_max(3), mx-missile_y_max(1)</value><value key="Literals" datatype="3" valuetype="-1" ModelId="8">5</value><value key="Variables" datatype="8" valuetype="-1" ModelId="8">synfuels-corporation-cutback_y_min(1), physician-fee-freeze_y_max(2), mx-missile_y_max(1), immigration_u_max(1)</value><value key="VariableImportance" datatype="8" valuetype="-1" ModelId="8">synfuels-corporation-cutback_y_min(9.64556794454279E-02), physician-fee-freeze_y_max(0.752484070525847), mx-missile_y_max(0.146647146327136), immigration_u_max(4.4131037015891E-03)</value></run></report>
