<report id="0"><run id="1" name="vote_template_classification_000001.gep"><value key="HasTestingSet" datatype="3" valuetype="0">1</value><value key="TrainFitness" datatype="5" valuetype="1" ModelId="1">776.157804459691</value><value key="TrainFitness" datatype="5" valuetype="1" ModelId="2">776.157804459691</value><value key="TrainFitness" datatype="5" valuetype="1" ModelId="3">893.975903614458</value><value key="TrainFitness" datatype="5" valuetype="1" ModelId="4">898.550724637681</value><value key="TrainFitness" datatype="5" valuetype="1" ModelId="5">912.408759124088</value><value key="TrainFitness" datatype="5" valuetype="1" ModelId="6">921.760391198044</value><value key="TrainFitness" datatype="5" valuetype="1" ModelId="7">926.470588235294</value><value key="TrainFitness" datatype="5" valuetype="1" ModelId="8">931.203931203931</value><value key="TrainFitness" datatype="5" valuetype="1" ModelId="9">935.960591133005</value><value key="TrainFitness" datatype="5" valuetype="1" ModelId="10">940.740740740741</value><value key="TrainAccuracy" datatype="5" valuetype="1" ModelId="1">92.11</value><value key="TrainAccuracy" datatype="5" valuetype="1" ModelId="2">92.11</value><value key="TrainAccuracy" datatype="5" valuetype="1" ModelId="3">94.4</value><value key="TrainAccuracy" datatype="5" valuetype="1" ModelId="4">94.66</value><value key="TrainAccuracy" datatype="5" valuetype="1" ModelId="5">95.42</value><value key="TrainAccuracy" datatype="5" valuetype="1" ModelId="6">95.93</value><value key="TrainAccuracy" datatype="5" valuetype="1" ModelId="7">96.18</value><value key="TrainAccuracy" datatype="5" valuetype="1" ModelId="8">96.44</value><value key="TrainAccuracy" datatype="5" valuetype="1" ModelId="9">96.69</value><value key="TrainAccuracy" datatype="5" valuetype="1" ModelId="10">96.95</value><value key="TestFitness" datatype="5" valuetype="1" ModelId="1">909.090909090909</value><value key="TestFitness" datatype="5" valuetype="1" ModelId="2">909.090909090909</value><value key="TestFitness" datatype="5" valuetype="1" ModelId="3">953.488372093023</value><value key="TestFitness" datatype="5" valuetype="1" ModelId="4">787.878787878788</value><value key="TestFitness" datatype="5" valuetype="1" ModelId="5">953.488372093023</value><value key="TestFitness" datatype="5" valuetype="1" ModelId="6">953.488372093023</value><value key="TestFitness" datatype="5" valuetype="1" ModelId="7">909.090909090909</value><value key="TestFitness" datatype="5" valuetype="1" ModelId="8">953.488372093023</value><value key="TestFitness" datatype="5" valuetype="1" ModelId="9">953.488372093023</value><value key="TestFitness" datatype="5" valuetype="1" ModelId="10">953.488372093023</value><value key="TestAccuracy" datatype="5" valuetype="1" ModelId="1">95.24</value><value key="TestAccuracy" datatype="5" valuetype="1" ModelId="2">95.24</value><value key="TestAccuracy" datatype="5" valuetype="1" ModelId="3">97.62</value><value key="TestAccuracy" datatype="5" valuetype="1" ModelId="4">92.86</value><value key="TestAccuracy" datatype="5" valuetype="1" ModelId="5">97.62</value><value key="TestAccuracy" datatype="5" valuetype="1" ModelId="6">97.62</value><value key="TestAccuracy" datatype="5" valuetype="1" ModelId="7">95.24</value><value key="TestAccuracy" datatype="5" valuetype="1" ModelId="8">97.62</value><value key="TestAccuracy" datatype="5" valuetype="1" ModelId="9">97.62</value><value key="TestAccuracy" datatype="5" valuetype="1" ModelId="10">97.62</value><value key="Size" datatype="3" valuetype="1" ModelId="1">8</value><value key="Size" datatype="3" valuetype="1" ModelId="2">8</value><value key="Size" datatype="3" valuetype="1" ModelId="3">8</value><value key="Size" datatype="3" valuetype="1" ModelId="4">8</value><value key="Size" datatype="3" valuetype="1" ModelId="5">5</value><value key="Size" datatype="3" valuetype="1" ModelId="6">5</value><value key="Size" datatype="3" valuetype="1" ModelId="7">5</value><value key="Size" datatype="3" valuetype="1" ModelId="8">9</value><value key="Size" datatype="3" valuetype="1" ModelId="9">9</value><value key="Size" datatype="3" valuetype="1" ModelId="10">9</value><value key="Generation" datatype="5" valuetype="1" ModelId="1">0</value><value key="Generation" datatype="5" valuetype="1" ModelId="2">1</value><value key="Generation" datatype="5" valuetype="1" ModelId="3">4</value><value key="Generation" datatype="5" valuetype="1" ModelId="4">17</value><value key="Generation" datatype="5" valuetype="1" ModelId="5">42</value><value key="Generation" datatype="5" valuetype="1" ModelId="6">502</value><value key="Generation" datatype="5" valuetype="1" ModelId="7">7417</value><value key="Generation" datatype="5" valuetype="1" ModelId="8">11458</value><value key="Generation" datatype="5" valuetype="1" ModelId="9">11671</value><value key="Generation" datatype="5" valuetype="1" ModelId="10">12100</value><value key="RunIndex" datatype="5" valuetype="1" ModelId="1">1</value><value key="RunIndex" datatype="5" valuetype="1" ModelId="2">1</value><value key="RunIndex" datatype="5" valuetype="1" ModelId="3">1</value><value key="RunIndex" datatype="5" valuetype="1" ModelId="4">1</value><value key="RunIndex" datatype="5" valuetype="1" ModelId="5">1</value><value key="RunIndex" datatype="5" valuetype="1" ModelId="6">1</value><value key="RunIndex" datatype="5" valuetype="1" ModelId="7">1</value><value key="RunIndex" datatype="5" valuetype="1" ModelId="8">1</value><value key="RunIndex" datatype="5" valuetype="1" ModelId="9">1</value><value key="RunIndex" datatype="5" valuetype="1" ModelId="10">1</value><value key="Literals" datatype="3" valuetype="-1" ModelId="1">3</value><value key="Variables" datatype="8" valuetype="-1" ModelId="1">physician-fee-freeze_n_min(1), crime_n_max(1), duty-free-exports_u_max(1)</value><value key="Literals" datatype="3" valuetype="-1" ModelId="2">3</value><value key="Variables" datatype="8" valuetype="-1" ModelId="2">physician-fee-freeze_n_min(1), crime_n_max(1), duty-free-exports_u_max(1)</value><value key="Literals" datatype="3" valuetype="-1" ModelId="3">2</value><value key="Variables" datatype="8" valuetype="-1" ModelId="3">physician-fee-freeze_n_min(1), crime_n_max(1)</value><value key="Literals" datatype="3" valuetype="-1" ModelId="4">4</value><value key="Variables" datatype="8" valuetype="-1" ModelId="4">physician-fee-freeze_n_min(2), export-administration-act-south-africa_u_min(1), crime_n_max(1)</value><value key="Literals" datatype="3" valuetype="-1" ModelId="5">1</value><value key="Variables" datatype="8" valuetype="-1" ModelId="5">physician-fee-freeze_y_max(1)</value><value key="Literals" datatype="3" valuetype="-1" ModelId="6">4</value><value key="Variables" datatype="8" valuetype="-1" ModelId="6">religious-groups-in-schools_u_min(1), physician-fee-freeze_y_max(2), mx-missile_u_max(1)</value><value key="Literals" datatype="3" valuetype="-1" ModelId="7">4</value><value key="Variables" datatype="8" valuetype="-1" ModelId="7">adoption-of-the-budget-resolution_y_min(1), anti-satellite-test-ban_n_min(1), physician-fee-freeze_n_max(1), physician-fee-freeze_y_max(1)</value><value key="Literals" datatype="3" valuetype="-1" ModelId="8">6</value><value key="Variables" datatype="8" valuetype="-1" ModelId="8">physician-fee-freeze_y_min(3), adoption-of-the-budget-resolution_n_max(1), duty-free-exports_u_max(1), export-administration-act-south-africa_y_max(1)</value><value key="Literals" datatype="3" valuetype="-1" ModelId="9">6</value><value key="Variables" datatype="8" valuetype="-1" ModelId="9">physician-fee-freeze_u_min(1), physician-fee-freeze_y_min(2), aid-to-nicaraguan-contras_u_min(1), adoption-of-the-budget-resolution_n_max(1), export-administration-act-south-africa_y_max(1)</value><value key="Literals" datatype="3" valuetype="-1" ModelId="10">6</value><value key="Variables" datatype="8" valuetype="-1" ModelId="10">physician-fee-freeze_y_min(3), adoption-of-the-budget-resolution_n_max(1), anti-satellite-test-ban_y_max(1), export-administration-act-south-africa_y_max(1)</value><value key="VariableImportance" datatype="8" valuetype="-1" ModelId="10">physician-fee-freeze_y_min(0.783818993966937), adoption-of-the-budget-resolution_n_max(0.19293046405844), anti-satellite-test-ban_y_max(1.91098112467671E-02), export-administration-act-south-africa_y_max(4.1407307278559E-03)</value></run></report>
