<log created='11/30/2019 13:37:10' name='vote_template_classification_000001'>
<item created='11/30/2019 13:37:10' severity='0'>Processing run 1...</item>
<item created='11/30/2019 13:37:10' severity='0'>Applied setting Genes (3)</item>
<item created='11/30/2019 13:37:10' severity='0'>Applied setting HeadSize (1)</item>
<item created='11/30/2019 13:37:10' severity='0'>Applied setting FitnessFunction (11)</item>
<item created='11/30/2019 13:37:10' severity='0'>Applied setting RoundingThreshold (0.5)</item>
<item created='11/30/2019 13:37:10' severity='0'>Changed function * to weight 2.</item>
<item created='11/30/2019 13:37:10' severity='0'>Loading data from file vote_TRAIN_fold_10.csv ...</item>
<item created='11/30/2019 13:37:11' severity='0'>Loading data from file vote_TEST_fold_10.csv ...</item>
<item created='11/30/2019 13:37:12' severity='0'>Loading run file... vote_1_3_10\vote_template_classification_000001.gep</item>
<item created='11/30/2019 13:37:12' severity='0'>Initializing run...</item>
<item created='11/30/2019 13:37:12' severity='0'>Training Set size: 393</item>
<item created='11/30/2019 13:37:12' severity='0'>Dataset loaded.</item>
<item created='11/30/2019 13:37:12' severity='0'>Starting...</item>
<item created='11/30/2019 13:37:12' severity='0'>Generation: 0 (776.157804459691, 92.11% (362))</item>
<item created='11/30/2019 13:37:14' severity='0'>Generation: 663 (921.760391198044, 95.93% (377))</item>
<item created='11/30/2019 13:37:16' severity='0'>Generation: 1875 (921.760391198044, 95.93% (377))</item>
<item created='11/30/2019 13:37:18' severity='0'>Generation: 3062 (921.760391198044, 95.93% (377))</item>
<item created='11/30/2019 13:37:20' severity='0'>Generation: 4206 (921.760391198044, 95.93% (377))</item>
<item created='11/30/2019 13:37:22' severity='0'>Generation: 5361 (921.760391198044, 95.93% (377))</item>
<item created='11/30/2019 13:37:24' severity='0'>Generation: 6533 (921.760391198044, 95.93% (377))</item>
<item created='11/30/2019 13:37:26' severity='0'>Generation: 7745 (926.470588235294, 96.18% (378))</item>
<item created='11/30/2019 13:37:28' severity='0'>Generation: 8934 (926.470588235294, 96.18% (378))</item>
<item created='11/30/2019 13:37:30' severity='0'>Generation: 10105 (926.470588235294, 96.18% (378))</item>
<item created='11/30/2019 13:37:32' severity='0'>Generation: 11193 (926.470588235294, 96.18% (378))</item>
<item created='11/30/2019 13:37:34' severity='0'>Generation: 12192 (940.740740740741, 96.95% (381))</item>
<item created='11/30/2019 13:37:36' severity='0'>Generation: 13128 (940.740740740741, 96.95% (381))</item>
<item created='11/30/2019 13:37:38' severity='0'>Generation: 14096 (940.740740740741, 96.95% (381))</item>
<item created='11/30/2019 13:37:40' severity='0'>Generation: 15050 (940.740740740741, 96.95% (381))</item>
<item created='11/30/2019 13:37:42' severity='0'>Generation: 15979 (940.740740740741, 96.95% (381))</item>
<item created='11/30/2019 13:37:44' severity='0'>Generation: 16918 (940.740740740741, 96.95% (381))</item>
<item created='11/30/2019 13:37:46' severity='0'>Generation: 17879 (940.740740740741, 96.95% (381))</item>
<item created='11/30/2019 13:37:48' severity='0'>Generation: 18812 (940.740740740741, 96.95% (381))</item>
<item created='11/30/2019 13:37:50' severity='0'>Generation: 19777 (940.740740740741, 96.95% (381))</item>
<item created='11/30/2019 13:37:50' severity='0'>Finished run.</item>
<item created='11/30/2019 13:37:50' severity='0'>Models created: 10</item>
<item created='11/30/2019 13:37:50' severity='0'>Models: 10</item>
<item created='11/30/2019 13:37:50' severity='0'>Last Model: 10</item>
<item created='11/30/2019 13:37:50' severity='0'>Generation: 12100</item>
<item created='11/30/2019 13:37:50' severity='0'>Training Fitness: 940.740740740741</item>
<item created='11/30/2019 13:37:50' severity='0'>Training Accuracy: 96.95%</item>
<item created='11/30/2019 13:37:50' severity='0'>Success</item>
<item created='11/30/2019 13:37:50' severity='0'>Loading run file... vote_1_3_10\vote_template_classification_000001.gep</item>
<item created='11/30/2019 13:37:50' severity='0'>Initializing tests for all models...</item>
<item created='11/30/2019 13:37:50' severity='0'>Testing model 1 on the Validation Set with 42 records.............</item>
<item created='11/30/2019 13:37:50' severity='0'>Testing model 2 on the Validation Set with 42 records.............</item>
<item created='11/30/2019 13:37:50' severity='0'>Testing model 3 on the Validation Set with 42 records.............</item>
<item created='11/30/2019 13:37:50' severity='0'>Testing model 4 on the Validation Set with 42 records.............</item>
<item created='11/30/2019 13:37:50' severity='0'>Testing model 5 on the Validation Set with 42 records.............</item>
<item created='11/30/2019 13:37:50' severity='0'>Testing model 6 on the Validation Set with 42 records.............</item>
<item created='11/30/2019 13:37:51' severity='0'>Testing model 7 on the Validation Set with 42 records.............</item>
<item created='11/30/2019 13:37:51' severity='0'>Testing model 8 on the Validation Set with 42 records.............</item>
<item created='11/30/2019 13:37:51' severity='0'>Testing model 9 on the Validation Set with 42 records.............</item>
<item created='11/30/2019 13:37:51' severity='0'>Testing model 10 on the Validation Set with 42 records.............</item>
<item created='11/30/2019 13:37:51' severity='0'>Success</item>
</log>
