<summary><value key="AverageTrainFitness" datatype="5" valuetype="4">940.740740740741</value><value key="AverageTrainRSQuare" datatype="5" valuetype="4">0.708998348641499</value><value key="AverageTrainAccuracy" datatype="5" valuetype="4">96.95</value><value key="MaxTrainFitness" datatype="5" valuetype="4">1000</value><value key="MaxTestFitness" datatype="5" valuetype="4">1000</value><value key="TrainSuccessCount" datatype="3" valuetype="4">0</value><value key="TrainSuccessRate" datatype="5" valuetype="4">0</value><value key="BestTrainFitness" datatype="5" valuetype="4">940.740740740741</value><value key="BestTrainFitnessRun" datatype="3" valuetype="4">1</value><value key="BestTrainFitnessHistory" datatype="3" valuetype="4">1</value><value key="BestTrainFitnessModelId" datatype="3" valuetype="4">10</value><value key="BestTrainFitnessModelSize" datatype="3" valuetype="4">9</value><value key="BestTrainFitnessModelLiterals" datatype="3" valuetype="4">6</value><value key="BestTrainFitnessModelTerminals" datatype="8" valuetype="4">physician-fee-freeze_y_min(3), adoption-of-the-budget-resolution_n_max(1), anti-satellite-test-ban_y_max(1), export-administration-act-south-africa_y_max(1)</value><value key="BestTrainFitnessModelVariableImportance" datatype="8" valuetype="4">physician-fee-freeze_y_min(0.772937485742317), adoption-of-the-budget-resolution_n_max(0.185892143091206), anti-satellite-test-ban_y_max(2.81236860726742E-02), export-administration-act-south-africa_y_max(1.30466850938023E-02)</value><value key="BestTrainAccuracy" datatype="5" valuetype="4">96.95</value><value key="BestTrainAccuracyRun" datatype="3" valuetype="4">1</value><value key="BestTrainAccuracyHistory" datatype="3" valuetype="4">1</value><value key="BestTrainAccuracyModelId" datatype="3" valuetype="4">10</value><value key="BestTrainAccuracyModelSize" datatype="3" valuetype="4">9</value><value key="BestTrainAccuracyModelLiterals" datatype="3" valuetype="4">6</value><value key="BestTrainAccuracyModelTerminals" datatype="8" valuetype="4">physician-fee-freeze_y_min(3), adoption-of-the-budget-resolution_n_max(1), anti-satellite-test-ban_y_max(1), export-administration-act-south-africa_y_max(1)</value><value key="BestTrainAccuracyModelVariableImportance" datatype="8" valuetype="4">physician-fee-freeze_y_min(0.772937485742317), adoption-of-the-budget-resolution_n_max(0.185892143091206), anti-satellite-test-ban_y_max(2.81236860726742E-02), export-administration-act-south-africa_y_max(1.30466850938023E-02)</value><value key="BestTrainRSQuare" datatype="5" valuetype="4">0.708998348641499</value><value key="BestTrainRSQuareRun" datatype="3" valuetype="4">1</value><value key="BestTrainRSQuareHistory" datatype="3" valuetype="4">1</value><value key="BestTrainRSQuareModelId" datatype="3" valuetype="4">10</value><value key="BestTrainRSQuareModelSize" datatype="3" valuetype="4">9</value><value key="BestTrainRSQuareModelLiterals" datatype="3" valuetype="4">6</value><value key="BestTrainRSQuareModelTerminals" datatype="8" valuetype="4">physician-fee-freeze_y_min(3), adoption-of-the-budget-resolution_n_max(1), anti-satellite-test-ban_y_max(1), export-administration-act-south-africa_y_max(1)</value><value key="BestTrainRSQuareModelVariableImportance" datatype="8" valuetype="4">physician-fee-freeze_y_min(0.772937485742317), adoption-of-the-budget-resolution_n_max(0.185892143091206), anti-satellite-test-ban_y_max(2.81236860726742E-02), export-administration-act-south-africa_y_max(1.30466850938023E-02)</value><value key="TestSuccessCount" datatype="3" valuetype="4">0</value><value key="TestSuccessRate" datatype="5" valuetype="4">0</value><value key="AverageTestFitness" datatype="5" valuetype="4">953.488372093023</value><value key="AverageTestRSQuare" datatype="5" valuetype="4">0.848546396543712</value><value key="AverageTestAccuracy" datatype="5" valuetype="4">97.62</value><value key="BestTestFitness" datatype="5" valuetype="4">953.488372093023</value><value key="BestTestFitnessRun" datatype="3" valuetype="4">1</value><value key="BestTestFitnessHistory" datatype="3" valuetype="4">1</value><value key="BestTestFitnessModelId" datatype="3" valuetype="4">10</value><value key="BestTestFitnessModelSize" datatype="3" valuetype="4">9</value><value key="BestTestFitnessModelLiterals" datatype="3" valuetype="4">6</value><value key="BestTestFitnessModelTerminals" datatype="8" valuetype="4">physician-fee-freeze_y_min(3), adoption-of-the-budget-resolution_n_max(1), anti-satellite-test-ban_y_max(1), export-administration-act-south-africa_y_max(1)</value><value key="BestTestFitnessModelVariableImportance" datatype="8" valuetype="4">physician-fee-freeze_y_min(0.72341671283547), adoption-of-the-budget-resolution_n_max(5.24028186964063E-02), anti-satellite-test-ban_y_max(0.104825475567194), export-administration-act-south-africa_y_max(0.11935499290093)</value><value key="BestTestAccuracy" datatype="5" valuetype="4">97.62</value><value key="BestTestAccuracyRun" datatype="3" valuetype="4">1</value><value key="BestTestAccuracyHistory" datatype="3" valuetype="4">1</value><value key="BestTestAccuracyModelId" datatype="3" valuetype="4">10</value><value key="BestTestAccuracyModelSize" datatype="3" valuetype="4">9</value><value key="BestTestAccuracyModelLiterals" datatype="3" valuetype="4">6</value><value key="BestTestAccuracyModelTerminals" datatype="8" valuetype="4">physician-fee-freeze_y_min(3), adoption-of-the-budget-resolution_n_max(1), anti-satellite-test-ban_y_max(1), export-administration-act-south-africa_y_max(1)</value><value key="BestTestAccuracyModelVariableImportance" datatype="8" valuetype="4">physician-fee-freeze_y_min(0.72341671283547), adoption-of-the-budget-resolution_n_max(5.24028186964063E-02), anti-satellite-test-ban_y_max(0.104825475567194), export-administration-act-south-africa_y_max(0.11935499290093)</value><value key="BestTestRSQuare" datatype="5" valuetype="4">0.848546396543712</value><value key="BestTestRSQuareRun" datatype="3" valuetype="4">1</value><value key="BestTestRSQuareHistory" datatype="3" valuetype="4">1</value><value key="BestTestRSQuareModelId" datatype="3" valuetype="4">10</value><value key="BestTestRSQuareModelSize" datatype="3" valuetype="4">9</value><value key="BestTestRSQuareModelLiterals" datatype="3" valuetype="4">6</value><value key="BestTestRSQuareModelTerminals" datatype="8" valuetype="4">physician-fee-freeze_y_min(3), adoption-of-the-budget-resolution_n_max(1), anti-satellite-test-ban_y_max(1), export-administration-act-south-africa_y_max(1)</value><value key="BestTestRSQuareModelVariableImportance" datatype="8" valuetype="4">physician-fee-freeze_y_min(0.72341671283547), adoption-of-the-budget-resolution_n_max(5.24028186964063E-02), anti-satellite-test-ban_y_max(0.104825475567194), export-administration-act-south-africa_y_max(0.11935499290093)</value><value key="DefinitionFile" datatype="8" valuetype="4">../vote_1_3_10_jobdef.xml</value></summary>
