<report id="0"><run id="1" name="vote_template_classification_000001.gep"><value key="HasTestingSet" datatype="3" valuetype="0">1</value><value key="TrainFitness" datatype="5" valuetype="1" ModelId="1">424.514633439583</value><value key="TrainFitness" datatype="5" valuetype="1" ModelId="2">426.829268292683</value><value key="TrainFitness" datatype="5" valuetype="1" ModelId="3">703.878514262261</value><value key="TrainFitness" datatype="5" valuetype="1" ModelId="4">917.073170731707</value><value key="TrainFitness" datatype="5" valuetype="1" ModelId="5">940.740740740741</value><value key="TrainAccuracy" datatype="5" valuetype="1" ModelId="1">74.55</value><value key="TrainAccuracy" datatype="5" valuetype="1" ModelId="2">74.81</value><value key="TrainAccuracy" datatype="5" valuetype="1" ModelId="3">87.28</value><value key="TrainAccuracy" datatype="5" valuetype="1" ModelId="4">95.67</value><value key="TrainAccuracy" datatype="5" valuetype="1" ModelId="5">96.95</value><value key="TestFitness" datatype="5" valuetype="1" ModelId="1">211.864406779661</value><value key="TestFitness" datatype="5" valuetype="1" ModelId="2">211.864406779661</value><value key="TestFitness" datatype="5" valuetype="1" ModelId="3">566.666666666667</value><value key="TestFitness" datatype="5" valuetype="1" ModelId="4">549.450549450549</value><value key="TestFitness" datatype="5" valuetype="1" ModelId="5">595.238095238095</value><value key="TestAccuracy" datatype="5" valuetype="1" ModelId="1">59.52</value><value key="TestAccuracy" datatype="5" valuetype="1" ModelId="2">59.52</value><value key="TestAccuracy" datatype="5" valuetype="1" ModelId="3">80.95</value><value key="TestAccuracy" datatype="5" valuetype="1" ModelId="4">83.33</value><value key="TestAccuracy" datatype="5" valuetype="1" ModelId="5">83.33</value><value key="Size" datatype="3" valuetype="1" ModelId="1">2</value><value key="Size" datatype="3" valuetype="1" ModelId="2">3</value><value key="Size" datatype="3" valuetype="1" ModelId="3">2</value><value key="Size" datatype="3" valuetype="1" ModelId="4">2</value><value key="Size" datatype="3" valuetype="1" ModelId="5">1</value><value key="Generation" datatype="5" valuetype="1" ModelId="1">0</value><value key="Generation" datatype="5" valuetype="1" ModelId="2">11</value><value key="Generation" datatype="5" valuetype="1" ModelId="3">12</value><value key="Generation" datatype="5" valuetype="1" ModelId="4">22</value><value key="Generation" datatype="5" valuetype="1" ModelId="5">109</value><value key="RunIndex" datatype="5" valuetype="1" ModelId="1">1</value><value key="RunIndex" datatype="5" valuetype="1" ModelId="2">1</value><value key="RunIndex" datatype="5" valuetype="1" ModelId="3">1</value><value key="RunIndex" datatype="5" valuetype="1" ModelId="4">1</value><value key="RunIndex" datatype="5" valuetype="1" ModelId="5">1</value><value key="Literals" datatype="3" valuetype="-1" ModelId="1">1</value><value key="Variables" datatype="8" valuetype="-1" ModelId="1">duty-free-exports_n_max(1)</value><value key="Literals" datatype="3" valuetype="-1" ModelId="2">2</value><value key="Variables" datatype="8" valuetype="-1" ModelId="2">religious-groups-in-schools_u_min(1), duty-free-exports_n_max(1)</value><value key="Literals" datatype="3" valuetype="-1" ModelId="3">1</value><value key="Variables" datatype="8" valuetype="-1" ModelId="3">adoption-of-the-budget-resolution_y_min(1)</value><value key="Literals" datatype="3" valuetype="-1" ModelId="4">1</value><value key="Variables" datatype="8" valuetype="-1" ModelId="4">physician-fee-freeze_n_min(1)</value><value key="Literals" datatype="3" valuetype="-1" ModelId="5">1</value><value key="Variables" datatype="8" valuetype="-1" ModelId="5">physician-fee-freeze_y_max(1)</value><value key="VariableImportance" datatype="8" valuetype="-1" ModelId="5">physician-fee-freeze_y_max(1)</value></run></report>
