<log created='11/30/2019 13:23:59' name='vote_template_classification_000001'>
<item created='11/30/2019 13:23:59' severity='0'>Processing run 1...</item>
<item created='11/30/2019 13:23:59' severity='0'>Applied setting Genes (1)</item>
<item created='11/30/2019 13:23:59' severity='0'>Applied setting HeadSize (1)</item>
<item created='11/30/2019 13:23:59' severity='0'>Applied setting FitnessFunction (11)</item>
<item created='11/30/2019 13:23:59' severity='0'>Applied setting RoundingThreshold (0.5)</item>
<item created='11/30/2019 13:23:59' severity='0'>Changed function * to weight 2.</item>
<item created='11/30/2019 13:23:59' severity='0'>Loading data from file vote_TRAIN_fold_9.csv ...</item>
<item created='11/30/2019 13:24:00' severity='0'>Loading data from file vote_TEST_fold_9.csv ...</item>
<item created='11/30/2019 13:24:01' severity='0'>Loading run file... vote_1_1_9\vote_template_classification_000001.gep</item>
<item created='11/30/2019 13:24:01' severity='0'>Initializing run...</item>
<item created='11/30/2019 13:24:01' severity='0'>Training Set size: 393</item>
<item created='11/30/2019 13:24:01' severity='0'>Dataset loaded.</item>
<item created='11/30/2019 13:24:01' severity='0'>Starting...</item>
<item created='11/30/2019 13:24:01' severity='0'>Generation: 0 (424.514633439583, 74.55% (293))</item>
<item created='11/30/2019 13:24:03' severity='0'>Generation: 1794 (940.740740740741, 96.95% (381))</item>
<item created='11/30/2019 13:24:05' severity='0'>Generation: 3923 (940.740740740741, 96.95% (381))</item>
<item created='11/30/2019 13:24:07' severity='0'>Generation: 5997 (940.740740740741, 96.95% (381))</item>
<item created='11/30/2019 13:24:09' severity='0'>Generation: 7961 (940.740740740741, 96.95% (381))</item>
<item created='11/30/2019 13:24:11' severity='0'>Generation: 9758 (940.740740740741, 96.95% (381))</item>
<item created='11/30/2019 13:24:13' severity='0'>Generation: 11527 (940.740740740741, 96.95% (381))</item>
<item created='11/30/2019 13:24:15' severity='0'>Generation: 13247 (940.740740740741, 96.95% (381))</item>
<item created='11/30/2019 13:24:17' severity='0'>Generation: 15230 (940.740740740741, 96.95% (381))</item>
<item created='11/30/2019 13:24:19' severity='0'>Generation: 17390 (940.740740740741, 96.95% (381))</item>
<item created='11/30/2019 13:24:21' severity='0'>Generation: 19507 (940.740740740741, 96.95% (381))</item>
<item created='11/30/2019 13:24:21' severity='0'>Finished run.</item>
<item created='11/30/2019 13:24:21' severity='0'>Models created: 5</item>
<item created='11/30/2019 13:24:21' severity='0'>Models: 5</item>
<item created='11/30/2019 13:24:21' severity='0'>Last Model: 5</item>
<item created='11/30/2019 13:24:21' severity='0'>Generation: 109</item>
<item created='11/30/2019 13:24:21' severity='0'>Training Fitness: 940.740740740741</item>
<item created='11/30/2019 13:24:21' severity='0'>Training Accuracy: 96.95%</item>
<item created='11/30/2019 13:24:21' severity='0'>Success</item>
<item created='11/30/2019 13:24:21' severity='0'>Loading run file... vote_1_1_9\vote_template_classification_000001.gep</item>
<item created='11/30/2019 13:24:21' severity='0'>Initializing tests for all models...</item>
<item created='11/30/2019 13:24:21' severity='0'>Testing model 1 on the Validation Set with 42 records.............</item>
<item created='11/30/2019 13:24:21' severity='0'>Testing model 2 on the Validation Set with 42 records.............</item>
<item created='11/30/2019 13:24:21' severity='0'>Testing model 3 on the Validation Set with 42 records.............</item>
<item created='11/30/2019 13:24:21' severity='0'>Testing model 4 on the Validation Set with 42 records.............</item>
<item created='11/30/2019 13:24:21' severity='0'>Testing model 5 on the Validation Set with 42 records.............</item>
<item created='11/30/2019 13:24:22' severity='0'>Success</item>
</log>
