<report id="0"><run id="1" name="vote_template_classification_000001.gep"><value key="HasTestingSet" datatype="3" valuetype="0">1</value><value key="TrainFitness" datatype="5" valuetype="1" ModelId="1">870.813397129187</value><value key="TrainFitness" datatype="5" valuetype="1" ModelId="2">911.980440097799</value><value key="TrainFitness" datatype="5" valuetype="1" ModelId="3">916.666666666667</value><value key="TrainFitness" datatype="5" valuetype="1" ModelId="4">926.108374384236</value><value key="TrainFitness" datatype="5" valuetype="1" ModelId="5">935.643564356436</value><value key="TrainFitness" datatype="5" valuetype="1" ModelId="6">940.446650124069</value><value key="TrainAccuracy" datatype="5" valuetype="1" ModelId="1">93.09</value><value key="TrainAccuracy" datatype="5" valuetype="1" ModelId="2">95.4</value><value key="TrainAccuracy" datatype="5" valuetype="1" ModelId="3">95.65</value><value key="TrainAccuracy" datatype="5" valuetype="1" ModelId="4">96.16</value><value key="TrainAccuracy" datatype="5" valuetype="1" ModelId="5">96.68</value><value key="TrainAccuracy" datatype="5" valuetype="1" ModelId="6">96.93</value><value key="TestFitness" datatype="5" valuetype="1" ModelId="1">955.555555555556</value><value key="TestFitness" datatype="5" valuetype="1" ModelId="2">955.555555555556</value><value key="TestFitness" datatype="5" valuetype="1" ModelId="3">830.0395256917</value><value key="TestFitness" datatype="5" valuetype="1" ModelId="4">830.0395256917</value><value key="TestFitness" datatype="5" valuetype="1" ModelId="5">955.555555555556</value><value key="TestFitness" datatype="5" valuetype="1" ModelId="6">955.555555555556</value><value key="TestAccuracy" datatype="5" valuetype="1" ModelId="1">97.73</value><value key="TestAccuracy" datatype="5" valuetype="1" ModelId="2">97.73</value><value key="TestAccuracy" datatype="5" valuetype="1" ModelId="3">95.45</value><value key="TestAccuracy" datatype="5" valuetype="1" ModelId="4">95.45</value><value key="TestAccuracy" datatype="5" valuetype="1" ModelId="5">97.73</value><value key="TestAccuracy" datatype="5" valuetype="1" ModelId="6">97.73</value><value key="Size" datatype="3" valuetype="1" ModelId="1">9</value><value key="Size" datatype="3" valuetype="1" ModelId="2">9</value><value key="Size" datatype="3" valuetype="1" ModelId="3">9</value><value key="Size" datatype="3" valuetype="1" ModelId="4">5</value><value key="Size" datatype="3" valuetype="1" ModelId="5">7</value><value key="Size" datatype="3" valuetype="1" ModelId="6">7</value><value key="Generation" datatype="5" valuetype="1" ModelId="1">0</value><value key="Generation" datatype="5" valuetype="1" ModelId="2">4</value><value key="Generation" datatype="5" valuetype="1" ModelId="3">50</value><value key="Generation" datatype="5" valuetype="1" ModelId="4">7202</value><value key="Generation" datatype="5" valuetype="1" ModelId="5">10521</value><value key="Generation" datatype="5" valuetype="1" ModelId="6">10761</value><value key="RunIndex" datatype="5" valuetype="1" ModelId="1">1</value><value key="RunIndex" datatype="5" valuetype="1" ModelId="2">1</value><value key="RunIndex" datatype="5" valuetype="1" ModelId="3">1</value><value key="RunIndex" datatype="5" valuetype="1" ModelId="4">1</value><value key="RunIndex" datatype="5" valuetype="1" ModelId="5">1</value><value key="RunIndex" datatype="5" valuetype="1" ModelId="6">1</value><value key="Literals" datatype="3" valuetype="-1" ModelId="1">4</value><value key="Variables" datatype="8" valuetype="-1" ModelId="1">el-salvador-aid_n_min(2), aid-to-nicaraguan-contras_u_min(1), physician-fee-freeze_y_max(1)</value><value key="Literals" datatype="3" valuetype="-1" ModelId="2">3</value><value key="Variables" datatype="8" valuetype="-1" ModelId="2">el-salvador-aid_n_min(2), physician-fee-freeze_y_max(1)</value><value key="Literals" datatype="3" valuetype="-1" ModelId="3">2</value><value key="Variables" datatype="8" valuetype="-1" ModelId="3">adoption-of-the-budget-resolution_u_min(1), physician-fee-freeze_y_max(1)</value><value key="Literals" datatype="3" valuetype="-1" ModelId="4">4</value><value key="Variables" datatype="8" valuetype="-1" ModelId="4">adoption-of-the-budget-resolution_u_min(1), mx-missile_n_min(1), synfuels-corporation-cutback_y_min(1), physician-fee-freeze_y_max(1)</value><value key="Literals" datatype="3" valuetype="-1" ModelId="5">5</value><value key="Variables" datatype="8" valuetype="-1" ModelId="5">adoption-of-the-budget-resolution_n_min(1), mx-missile_n_min(1), synfuels-corporation-cutback_y_min(2), physician-fee-freeze_y_max(1)</value><value key="Literals" datatype="3" valuetype="-1" ModelId="6">5</value><value key="Variables" datatype="8" valuetype="-1" ModelId="6">adoption-of-the-budget-resolution_n_min(1), mx-missile_n_min(1), synfuels-corporation-cutback_y_min(1), physician-fee-freeze_y_max(1), export-administration-act-south-africa_y_max(1)</value><value key="VariableImportance" datatype="8" valuetype="-1" ModelId="6">adoption-of-the-budget-resolution_n_min(0.194146430635839), mx-missile_n_min(8.44231591652594E-02), synfuels-corporation-cutback_y_min(3.34902081637904E-02), physician-fee-freeze_y_max(0.632751222389267), export-administration-act-south-africa_y_max(5.51889796458444E-02)</value></run></report>
