<log created='11/30/2019 13:31:54' name='vote_template_classification_000001'>
<item created='11/30/2019 13:31:54' severity='0'>Processing run 1...</item>
<item created='11/30/2019 13:31:55' severity='0'>Applied setting Genes (3)</item>
<item created='11/30/2019 13:31:55' severity='0'>Applied setting HeadSize (1)</item>
<item created='11/30/2019 13:31:55' severity='0'>Applied setting FitnessFunction (11)</item>
<item created='11/30/2019 13:31:55' severity='0'>Applied setting RoundingThreshold (0.5)</item>
<item created='11/30/2019 13:31:55' severity='0'>Changed function * to weight 2.</item>
<item created='11/30/2019 13:31:55' severity='0'>Loading data from file vote_TRAIN_fold_3.csv ...</item>
<item created='11/30/2019 13:31:56' severity='0'>Loading data from file vote_TEST_fold_3.csv ...</item>
<item created='11/30/2019 13:31:56' severity='0'>Loading run file... vote_1_3_3\vote_template_classification_000001.gep</item>
<item created='11/30/2019 13:31:57' severity='0'>Initializing run...</item>
<item created='11/30/2019 13:31:57' severity='0'>Training Set size: 391</item>
<item created='11/30/2019 13:31:57' severity='0'>Dataset loaded.</item>
<item created='11/30/2019 13:31:57' severity='0'>Starting...</item>
<item created='11/30/2019 13:31:57' severity='0'>Generation: 0 (870.813397129187, 93.09% (364))</item>
<item created='11/30/2019 13:31:59' severity='0'>Generation: 861 (916.666666666667, 95.65% (374))</item>
<item created='11/30/2019 13:32:01' severity='0'>Generation: 1667 (916.666666666667, 95.65% (374))</item>
<item created='11/30/2019 13:32:03' severity='0'>Generation: 2593 (916.666666666667, 95.65% (374))</item>
<item created='11/30/2019 13:32:05' severity='0'>Generation: 3550 (916.666666666667, 95.65% (374))</item>
<item created='11/30/2019 13:32:07' severity='0'>Generation: 4484 (916.666666666667, 95.65% (374))</item>
<item created='11/30/2019 13:32:09' severity='0'>Generation: 5444 (916.666666666667, 95.65% (374))</item>
<item created='11/30/2019 13:32:11' severity='0'>Generation: 6691 (916.666666666667, 95.65% (374))</item>
<item created='11/30/2019 13:32:13' severity='0'>Generation: 7871 (926.108374384236, 96.16% (376))</item>
<item created='11/30/2019 13:32:15' severity='0'>Generation: 8981 (926.108374384236, 96.16% (376))</item>
<item created='11/30/2019 13:32:17' severity='0'>Generation: 10139 (926.108374384236, 96.16% (376))</item>
<item created='11/30/2019 13:32:19' severity='0'>Generation: 11209 (940.446650124069, 96.93% (379))</item>
<item created='11/30/2019 13:32:21' severity='0'>Generation: 12245 (940.446650124069, 96.93% (379))</item>
<item created='11/30/2019 13:32:23' severity='0'>Generation: 13335 (940.446650124069, 96.93% (379))</item>
<item created='11/30/2019 13:32:25' severity='0'>Generation: 14360 (940.446650124069, 96.93% (379))</item>
<item created='11/30/2019 13:32:27' severity='0'>Generation: 15402 (940.446650124069, 96.93% (379))</item>
<item created='11/30/2019 13:32:29' severity='0'>Generation: 16449 (940.446650124069, 96.93% (379))</item>
<item created='11/30/2019 13:32:31' severity='0'>Generation: 17474 (940.446650124069, 96.93% (379))</item>
<item created='11/30/2019 13:32:33' severity='0'>Generation: 18554 (940.446650124069, 96.93% (379))</item>
<item created='11/30/2019 13:32:35' severity='0'>Generation: 19617 (940.446650124069, 96.93% (379))</item>
<item created='11/30/2019 13:32:35' severity='0'>Finished run.</item>
<item created='11/30/2019 13:32:35' severity='0'>Models created: 6</item>
<item created='11/30/2019 13:32:35' severity='0'>Models: 6</item>
<item created='11/30/2019 13:32:35' severity='0'>Last Model: 6</item>
<item created='11/30/2019 13:32:35' severity='0'>Generation: 10761</item>
<item created='11/30/2019 13:32:35' severity='0'>Training Fitness: 940.446650124069</item>
<item created='11/30/2019 13:32:35' severity='0'>Training Accuracy: 96.93%</item>
<item created='11/30/2019 13:32:35' severity='0'>Success</item>
<item created='11/30/2019 13:32:36' severity='0'>Loading run file... vote_1_3_3\vote_template_classification_000001.gep</item>
<item created='11/30/2019 13:32:36' severity='0'>Initializing tests for all models...</item>
<item created='11/30/2019 13:32:36' severity='0'>Testing model 1 on the Validation Set with 44 records..............</item>
<item created='11/30/2019 13:32:36' severity='0'>Testing model 2 on the Validation Set with 44 records..............</item>
<item created='11/30/2019 13:32:36' severity='0'>Testing model 3 on the Validation Set with 44 records..............</item>
<item created='11/30/2019 13:32:36' severity='0'>Testing model 4 on the Validation Set with 44 records..............</item>
<item created='11/30/2019 13:32:36' severity='0'>Testing model 5 on the Validation Set with 44 records..............</item>
<item created='11/30/2019 13:32:36' severity='0'>Testing model 6 on the Validation Set with 44 records..............</item>
<item created='11/30/2019 13:32:36' severity='0'>Success</item>
</log>
