<log created='11/30/2019 13:32:37' name='vote_template_classification_000001'>
<item created='11/30/2019 13:32:37' severity='0'>Processing run 1...</item>
<item created='11/30/2019 13:32:37' severity='0'>Applied setting Genes (3)</item>
<item created='11/30/2019 13:32:37' severity='0'>Applied setting HeadSize (1)</item>
<item created='11/30/2019 13:32:37' severity='0'>Applied setting FitnessFunction (11)</item>
<item created='11/30/2019 13:32:37' severity='0'>Applied setting RoundingThreshold (0.5)</item>
<item created='11/30/2019 13:32:37' severity='0'>Changed function * to weight 2.</item>
<item created='11/30/2019 13:32:37' severity='0'>Loading data from file vote_TRAIN_fold_4.csv ...</item>
<item created='11/30/2019 13:32:38' severity='0'>Loading data from file vote_TEST_fold_4.csv ...</item>
<item created='11/30/2019 13:32:39' severity='0'>Loading run file... vote_1_3_4\vote_template_classification_000001.gep</item>
<item created='11/30/2019 13:32:39' severity='0'>Initializing run...</item>
<item created='11/30/2019 13:32:39' severity='0'>Training Set size: 391</item>
<item created='11/30/2019 13:32:39' severity='0'>Dataset loaded.</item>
<item created='11/30/2019 13:32:39' severity='0'>Starting...</item>
<item created='11/30/2019 13:32:39' severity='0'>Generation: 0 (583.333333333333, 82.35% (322))</item>
<item created='11/30/2019 13:32:41' severity='0'>Generation: 511 (916.666666666667, 95.65% (374))</item>
<item created='11/30/2019 13:32:43' severity='0'>Generation: 1569 (916.666666666667, 95.65% (374))</item>
<item created='11/30/2019 13:32:45' severity='0'>Generation: 2533 (930.864197530864, 96.42% (377))</item>
<item created='11/30/2019 13:32:47' severity='0'>Generation: 3444 (935.643564356436, 96.68% (378))</item>
<item created='11/30/2019 13:32:49' severity='0'>Generation: 4354 (940.446650124069, 96.93% (379))</item>
<item created='11/30/2019 13:32:51' severity='0'>Generation: 5271 (940.446650124069, 96.93% (379))</item>
<item created='11/30/2019 13:32:53' severity='0'>Generation: 6162 (940.446650124069, 96.93% (379))</item>
<item created='11/30/2019 13:32:55' severity='0'>Generation: 7048 (940.446650124069, 96.93% (379))</item>
<item created='11/30/2019 13:32:57' severity='0'>Generation: 7972 (940.446650124069, 96.93% (379))</item>
<item created='11/30/2019 13:32:59' severity='0'>Generation: 8918 (940.446650124069, 96.93% (379))</item>
<item created='11/30/2019 13:33:01' severity='0'>Generation: 9792 (940.446650124069, 96.93% (379))</item>
<item created='11/30/2019 13:33:03' severity='0'>Generation: 10750 (940.446650124069, 96.93% (379))</item>
<item created='11/30/2019 13:33:05' severity='0'>Generation: 11686 (940.446650124069, 96.93% (379))</item>
<item created='11/30/2019 13:33:07' severity='0'>Generation: 12527 (940.446650124069, 96.93% (379))</item>
<item created='11/30/2019 13:33:09' severity='0'>Generation: 13377 (940.446650124069, 96.93% (379))</item>
<item created='11/30/2019 13:33:11' severity='0'>Generation: 14132 (945.273631840796, 97.19% (380))</item>
<item created='11/30/2019 13:33:13' severity='0'>Generation: 15042 (945.273631840796, 97.19% (380))</item>
<item created='11/30/2019 13:33:15' severity='0'>Generation: 15971 (950.124688279302, 97.44% (381))</item>
<item created='11/30/2019 13:33:17' severity='0'>Generation: 16859 (950.124688279302, 97.44% (381))</item>
<item created='11/30/2019 13:33:19' severity='0'>Generation: 17763 (950.124688279302, 97.44% (381))</item>
<item created='11/30/2019 13:33:21' severity='0'>Generation: 18665 (950.124688279302, 97.44% (381))</item>
<item created='11/30/2019 13:33:23' severity='0'>Generation: 19536 (950.124688279302, 97.44% (381))</item>
<item created='11/30/2019 13:33:24' severity='0'>Finished run.</item>
<item created='11/30/2019 13:33:24' severity='0'>Models created: 17</item>
<item created='11/30/2019 13:33:24' severity='0'>Models: 17</item>
<item created='11/30/2019 13:33:24' severity='0'>Last Model: 17</item>
<item created='11/30/2019 13:33:24' severity='0'>Generation: 15699</item>
<item created='11/30/2019 13:33:24' severity='0'>Training Fitness: 950.124688279302</item>
<item created='11/30/2019 13:33:24' severity='0'>Training Accuracy: 97.44%</item>
<item created='11/30/2019 13:33:24' severity='0'>Success</item>
<item created='11/30/2019 13:33:24' severity='0'>Loading run file... vote_1_3_4\vote_template_classification_000001.gep</item>
<item created='11/30/2019 13:33:24' severity='0'>Initializing tests for all models...</item>
<item created='11/30/2019 13:33:24' severity='0'>Testing model 1 on the Validation Set with 44 records..............</item>
<item created='11/30/2019 13:33:24' severity='0'>Testing model 2 on the Validation Set with 44 records..............</item>
<item created='11/30/2019 13:33:24' severity='0'>Testing model 3 on the Validation Set with 44 records..............</item>
<item created='11/30/2019 13:33:24' severity='0'>Testing model 4 on the Validation Set with 44 records..............</item>
<item created='11/30/2019 13:33:24' severity='0'>Testing model 5 on the Validation Set with 44 records..............</item>
<item created='11/30/2019 13:33:24' severity='0'>Testing model 6 on the Validation Set with 44 records..............</item>
<item created='11/30/2019 13:33:24' severity='0'>Testing model 7 on the Validation Set with 44 records..............</item>
<item created='11/30/2019 13:33:24' severity='0'>Testing model 8 on the Validation Set with 44 records..............</item>
<item created='11/30/2019 13:33:24' severity='0'>Testing model 9 on the Validation Set with 44 records..............</item>
<item created='11/30/2019 13:33:24' severity='0'>Testing model 10 on the Validation Set with 44 records..............</item>
<item created='11/30/2019 13:33:24' severity='0'>Testing model 11 on the Validation Set with 44 records..............</item>
<item created='11/30/2019 13:33:24' severity='0'>Testing model 12 on the Validation Set with 44 records..............</item>
<item created='11/30/2019 13:33:24' severity='0'>Testing model 13 on the Validation Set with 44 records..............</item>
<item created='11/30/2019 13:33:24' severity='0'>Testing model 14 on the Validation Set with 44 records..............</item>
<item created='11/30/2019 13:33:24' severity='0'>Testing model 15 on the Validation Set with 44 records..............</item>
<item created='11/30/2019 13:33:24' severity='0'>Testing model 16 on the Validation Set with 44 records..............</item>
<item created='11/30/2019 13:33:24' severity='0'>Testing model 17 on the Validation Set with 44 records..............</item>
<item created='11/30/2019 13:33:24' severity='0'>Success</item>
</log>
