<report id="0"><run id="1" name="vote_template_classification_000001.gep"><value key="HasTestingSet" datatype="3" valuetype="0">1</value><value key="TrainFitness" datatype="5" valuetype="1" ModelId="1">583.333333333333</value><value key="TrainFitness" datatype="5" valuetype="1" ModelId="2">602.055800293686</value><value key="TrainFitness" datatype="5" valuetype="1" ModelId="3">663.716814159292</value><value key="TrainFitness" datatype="5" valuetype="1" ModelId="4">667.204192703084</value><value key="TrainFitness" datatype="5" valuetype="1" ModelId="5">681.309741712426</value><value key="TrainFitness" datatype="5" valuetype="1" ModelId="6">685.703185703186</value><value key="TrainFitness" datatype="5" valuetype="1" ModelId="7">717.703349282297</value><value key="TrainFitness" datatype="5" valuetype="1" ModelId="8">748.03983894893</value><value key="TrainFitness" datatype="5" valuetype="1" ModelId="9">763.636363636364</value><value key="TrainFitness" datatype="5" valuetype="1" ModelId="10">916.666666666667</value><value key="TrainFitness" datatype="5" valuetype="1" ModelId="11">921.375921375921</value><value key="TrainFitness" datatype="5" valuetype="1" ModelId="12">926.108374384236</value><value key="TrainFitness" datatype="5" valuetype="1" ModelId="13">930.864197530864</value><value key="TrainFitness" datatype="5" valuetype="1" ModelId="14">935.643564356436</value><value key="TrainFitness" datatype="5" valuetype="1" ModelId="15">940.446650124069</value><value key="TrainFitness" datatype="5" valuetype="1" ModelId="16">945.273631840796</value><value key="TrainFitness" datatype="5" valuetype="1" ModelId="17">950.124688279302</value><value key="TrainAccuracy" datatype="5" valuetype="1" ModelId="1">82.35</value><value key="TrainAccuracy" datatype="5" valuetype="1" ModelId="2">83.89</value><value key="TrainAccuracy" datatype="5" valuetype="1" ModelId="3">84.4</value><value key="TrainAccuracy" datatype="5" valuetype="1" ModelId="4">84.65</value><value key="TrainAccuracy" datatype="5" valuetype="1" ModelId="5">85.68</value><value key="TrainAccuracy" datatype="5" valuetype="1" ModelId="6">90.28</value><value key="TrainAccuracy" datatype="5" valuetype="1" ModelId="7">88.24</value><value key="TrainAccuracy" datatype="5" valuetype="1" ModelId="8">90.28</value><value key="TrainAccuracy" datatype="5" valuetype="1" ModelId="9">91.3</value><value key="TrainAccuracy" datatype="5" valuetype="1" ModelId="10">95.65</value><value key="TrainAccuracy" datatype="5" valuetype="1" ModelId="11">95.91</value><value key="TrainAccuracy" datatype="5" valuetype="1" ModelId="12">96.16</value><value key="TrainAccuracy" datatype="5" valuetype="1" ModelId="13">96.42</value><value key="TrainAccuracy" datatype="5" valuetype="1" ModelId="14">96.68</value><value key="TrainAccuracy" datatype="5" valuetype="1" ModelId="15">96.93</value><value key="TrainAccuracy" datatype="5" valuetype="1" ModelId="16">97.19</value><value key="TrainAccuracy" datatype="5" valuetype="1" ModelId="17">97.44</value><value key="TestFitness" datatype="5" valuetype="1" ModelId="1">604.575163398693</value><value key="TestFitness" datatype="5" valuetype="1" ModelId="2">471.698113207547</value><value key="TestFitness" datatype="5" valuetype="1" ModelId="3">408.163265306122</value><value key="TestFitness" datatype="5" valuetype="1" ModelId="4">408.163265306122</value><value key="TestFitness" datatype="5" valuetype="1" ModelId="5">408.163265306122</value><value key="TestFitness" datatype="5" valuetype="1" ModelId="6">604.575163398693</value><value key="TestFitness" datatype="5" valuetype="1" ModelId="7">507.982583454282</value><value key="TestFitness" datatype="5" valuetype="1" ModelId="8">550.314465408805</value><value key="TestFitness" datatype="5" valuetype="1" ModelId="9">576.923076923077</value><value key="TestFitness" datatype="5" valuetype="1" ModelId="10">913.04347826087</value><value key="TestFitness" datatype="5" valuetype="1" ModelId="11">955.555555555556</value><value key="TestFitness" datatype="5" valuetype="1" ModelId="12">955.555555555556</value><value key="TestFitness" datatype="5" valuetype="1" ModelId="13">913.04347826087</value><value key="TestFitness" datatype="5" valuetype="1" ModelId="14">913.04347826087</value><value key="TestFitness" datatype="5" valuetype="1" ModelId="15">913.04347826087</value><value key="TestFitness" datatype="5" valuetype="1" ModelId="16">872.340425531915</value><value key="TestFitness" datatype="5" valuetype="1" ModelId="17">913.04347826087</value><value key="TestAccuracy" datatype="5" valuetype="1" ModelId="1">84.09</value><value key="TestAccuracy" datatype="5" valuetype="1" ModelId="2">79.55</value><value key="TestAccuracy" datatype="5" valuetype="1" ModelId="3">72.73</value><value key="TestAccuracy" datatype="5" valuetype="1" ModelId="4">72.73</value><value key="TestAccuracy" datatype="5" valuetype="1" ModelId="5">72.73</value><value key="TestAccuracy" datatype="5" valuetype="1" ModelId="6">84.09</value><value key="TestAccuracy" datatype="5" valuetype="1" ModelId="7">79.55</value><value key="TestAccuracy" datatype="5" valuetype="1" ModelId="8">79.55</value><value key="TestAccuracy" datatype="5" valuetype="1" ModelId="9">81.82</value><value key="TestAccuracy" datatype="5" valuetype="1" ModelId="10">95.45</value><value key="TestAccuracy" datatype="5" valuetype="1" ModelId="11">97.73</value><value key="TestAccuracy" datatype="5" valuetype="1" ModelId="12">97.73</value><value key="TestAccuracy" datatype="5" valuetype="1" ModelId="13">95.45</value><value key="TestAccuracy" datatype="5" valuetype="1" ModelId="14">95.45</value><value key="TestAccuracy" datatype="5" valuetype="1" ModelId="15">95.45</value><value key="TestAccuracy" datatype="5" valuetype="1" ModelId="16">93.18</value><value key="TestAccuracy" datatype="5" valuetype="1" ModelId="17">95.45</value><value key="Size" datatype="3" valuetype="1" ModelId="1">7</value><value key="Size" datatype="3" valuetype="1" ModelId="2">7</value><value key="Size" datatype="3" valuetype="1" ModelId="3">7</value><value key="Size" datatype="3" valuetype="1" ModelId="4">7</value><value key="Size" datatype="3" valuetype="1" ModelId="5">7</value><value key="Size" datatype="3" valuetype="1" ModelId="6">7</value><value key="Size" datatype="3" valuetype="1" ModelId="7">7</value><value key="Size" datatype="3" valuetype="1" ModelId="8">8</value><value key="Size" datatype="3" valuetype="1" ModelId="9">7</value><value key="Size" datatype="3" valuetype="1" ModelId="10">7</value><value key="Size" datatype="3" valuetype="1" ModelId="11">8</value><value key="Size" datatype="3" valuetype="1" ModelId="12">9</value><value key="Size" datatype="3" valuetype="1" ModelId="13">9</value><value key="Size" datatype="3" valuetype="1" ModelId="14">9</value><value key="Size" datatype="3" valuetype="1" ModelId="15">9</value><value key="Size" datatype="3" valuetype="1" ModelId="16">9</value><value key="Size" datatype="3" valuetype="1" ModelId="17">9</value><value key="Generation" datatype="5" valuetype="1" ModelId="1">0</value><value key="Generation" datatype="5" valuetype="1" ModelId="2">3</value><value key="Generation" datatype="5" valuetype="1" ModelId="3">5</value><value key="Generation" datatype="5" valuetype="1" ModelId="4">6</value><value key="Generation" datatype="5" valuetype="1" ModelId="5">7</value><value key="Generation" datatype="5" valuetype="1" ModelId="6">15</value><value key="Generation" datatype="5" valuetype="1" ModelId="7">18</value><value key="Generation" datatype="5" valuetype="1" ModelId="8">33</value><value key="Generation" datatype="5" valuetype="1" ModelId="9">37</value><value key="Generation" datatype="5" valuetype="1" ModelId="10">39</value><value key="Generation" datatype="5" valuetype="1" ModelId="11">1761</value><value key="Generation" datatype="5" valuetype="1" ModelId="12">2105</value><value key="Generation" datatype="5" valuetype="1" ModelId="13">2178</value><value key="Generation" datatype="5" valuetype="1" ModelId="14">2543</value><value key="Generation" datatype="5" valuetype="1" ModelId="15">3763</value><value key="Generation" datatype="5" valuetype="1" ModelId="16">13807</value><value key="Generation" datatype="5" valuetype="1" ModelId="17">15699</value><value key="RunIndex" datatype="5" valuetype="1" ModelId="1">1</value><value key="RunIndex" datatype="5" valuetype="1" ModelId="2">1</value><value key="RunIndex" datatype="5" valuetype="1" ModelId="3">1</value><value key="RunIndex" datatype="5" valuetype="1" ModelId="4">1</value><value key="RunIndex" datatype="5" valuetype="1" ModelId="5">1</value><value key="RunIndex" datatype="5" valuetype="1" ModelId="6">1</value><value key="RunIndex" datatype="5" valuetype="1" ModelId="7">1</value><value key="RunIndex" datatype="5" valuetype="1" ModelId="8">1</value><value key="RunIndex" datatype="5" valuetype="1" ModelId="9">1</value><value key="RunIndex" datatype="5" valuetype="1" ModelId="10">1</value><value key="RunIndex" datatype="5" valuetype="1" ModelId="11">1</value><value key="RunIndex" datatype="5" valuetype="1" ModelId="12">1</value><value key="RunIndex" datatype="5" valuetype="1" ModelId="13">1</value><value key="RunIndex" datatype="5" valuetype="1" ModelId="14">1</value><value key="RunIndex" datatype="5" valuetype="1" ModelId="15">1</value><value key="RunIndex" datatype="5" valuetype="1" ModelId="16">1</value><value key="RunIndex" datatype="5" valuetype="1" ModelId="17">1</value><value key="Literals" datatype="3" valuetype="-1" ModelId="1">4</value><value key="Variables" datatype="8" valuetype="-1" ModelId="1">superfund-right-to-sue_u_min(1), export-administration-act-south-africa_u_min(1), el-salvador-aid_n_max(1), religious-groups-in-schools_y_max(1)</value><value key="Literals" datatype="3" valuetype="-1" ModelId="2">4</value><value key="Variables" datatype="8" valuetype="-1" ModelId="2">el-salvador-aid_y_min(1), aid-to-nicaraguan-contras_y_min(1), el-salvador-aid_n_max(1), religious-groups-in-schools_y_max(1)</value><value key="Literals" datatype="3" valuetype="-1" ModelId="3">4</value><value key="Variables" datatype="8" valuetype="-1" ModelId="3">el-salvador-aid_y_min(1), aid-to-nicaraguan-contras_y_min(2), religious-groups-in-schools_y_max(1)</value><value key="Literals" datatype="3" valuetype="-1" ModelId="4">4</value><value key="Variables" datatype="8" valuetype="-1" ModelId="4">aid-to-nicaraguan-contras_y_min(2), religious-groups-in-schools_y_max(1), duty-free-exports_y_max(1)</value><value key="Literals" datatype="3" valuetype="-1" ModelId="5">4</value><value key="Variables" datatype="8" valuetype="-1" ModelId="5">el-salvador-aid_y_min(1), aid-to-nicaraguan-contras_y_min(2), education-spending_y_max(1)</value><value key="Literals" datatype="3" valuetype="-1" ModelId="6">3</value><value key="Variables" datatype="8" valuetype="-1" ModelId="6">el-salvador-aid_y_min(1), aid-to-nicaraguan-contras_y_min(1), adoption-of-the-budget-resolution_n_max(1)</value><value key="Literals" datatype="3" valuetype="-1" ModelId="7">2</value><value key="Variables" datatype="8" valuetype="-1" ModelId="7">aid-to-nicaraguan-contras_y_min(1), adoption-of-the-budget-resolution_n_max(1)</value><value key="Literals" datatype="3" valuetype="-1" ModelId="8">3</value><value key="Variables" datatype="8" valuetype="-1" ModelId="8">aid-to-nicaraguan-contras_y_min(1), adoption-of-the-budget-resolution_n_max(1), education-spending_y_max(1)</value><value key="Literals" datatype="3" valuetype="-1" ModelId="9">3</value><value key="Variables" datatype="8" valuetype="-1" ModelId="9">physician-fee-freeze_y_min(1), aid-to-nicaraguan-contras_y_min(1), adoption-of-the-budget-resolution_n_max(1)</value><value key="Literals" datatype="3" valuetype="-1" ModelId="10">2</value><value key="Variables" datatype="8" valuetype="-1" ModelId="10">physician-fee-freeze_y_min(1), aid-to-nicaraguan-contras_y_min(1)</value><value key="Literals" datatype="3" valuetype="-1" ModelId="11">3</value><value key="Variables" datatype="8" valuetype="-1" ModelId="11">adoption-of-the-budget-resolution_y_min(1), anti-satellite-test-ban_y_min(1), physician-fee-freeze_y_max(1)</value><value key="Literals" datatype="3" valuetype="-1" ModelId="12">4</value><value key="Variables" datatype="8" valuetype="-1" ModelId="12">mx-missile_y_min(1), synfuels-corporation-cutback_n_min(1), physician-fee-freeze_y_max(2)</value><value key="Literals" datatype="3" valuetype="-1" ModelId="13">5</value><value key="Variables" datatype="8" valuetype="-1" ModelId="13">physician-fee-freeze_n_min(1), synfuels-corporation-cutback_n_min(1), adoption-of-the-budget-resolution_n_max(1), physician-fee-freeze_y_max(1), religious-groups-in-schools_u_max(1)</value><value key="Literals" datatype="3" valuetype="-1" ModelId="14">6</value><value key="Variables" datatype="8" valuetype="-1" ModelId="14">physician-fee-freeze_n_min(1), anti-satellite-test-ban_y_min(1), synfuels-corporation-cutback_n_min(1), adoption-of-the-budget-resolution_n_max(1), religious-groups-in-schools_u_max(1), crime_n_max(1)</value><value key="Literals" datatype="3" valuetype="-1" ModelId="15">5</value><value key="Variables" datatype="8" valuetype="-1" ModelId="15">mx-missile_y_min(1), adoption-of-the-budget-resolution_n_max(1), physician-fee-freeze_y_max(1), synfuels-corporation-cutback_y_max(2)</value><value key="Literals" datatype="3" valuetype="-1" ModelId="16">6</value><value key="Variables" datatype="8" valuetype="-1" ModelId="16">adoption-of-the-budget-resolution_y_min(1), physician-fee-freeze_y_min(1), el-salvador-aid_n_min(1), aid-to-nicaraguan-contras_u_max(1), synfuels-corporation-cutback_y_max(2)</value><value key="Literals" datatype="3" valuetype="-1" ModelId="17">6</value><value key="Variables" datatype="8" valuetype="-1" ModelId="17">adoption-of-the-budget-resolution_y_min(1), physician-fee-freeze_y_min(1), mx-missile_y_min(1), synfuels-corporation-cutback_n_min(1), aid-to-nicaraguan-contras_u_max(1), synfuels-corporation-cutback_y_max(1)</value><value key="VariableImportance" datatype="8" valuetype="-1" ModelId="17">adoption-of-the-budget-resolution_y_min(1.93863417934368E-02), physician-fee-freeze_y_min(0.606067019471678), mx-missile_y_min(5.80768300807612E-02), synfuels-corporation-cutback_n_min(0.16205042839446), aid-to-nicaraguan-contras_u_max(4.24558506099218E-02), synfuels-corporation-cutback_y_max(0.111963529649742)</value></run></report>
