<summary><value key="AverageTrainFitness" datatype="5" valuetype="4">969.773299748111</value><value key="AverageTrainRSQuare" datatype="5" valuetype="4">0.869969865374388</value><value key="AverageTrainAccuracy" datatype="5" valuetype="4">98.47</value><value key="MaxTrainFitness" datatype="5" valuetype="4">1000</value><value key="MaxTestFitness" datatype="5" valuetype="4">1000</value><value key="TrainSuccessCount" datatype="3" valuetype="4">0</value><value key="TrainSuccessRate" datatype="5" valuetype="4">0</value><value key="BestTrainFitness" datatype="5" valuetype="4">969.773299748111</value><value key="BestTrainFitnessRun" datatype="3" valuetype="4">1</value><value key="BestTrainFitnessHistory" datatype="3" valuetype="4">1</value><value key="BestTrainFitnessModelId" datatype="3" valuetype="4">19</value><value key="BestTrainFitnessModelSize" datatype="3" valuetype="4">15</value><value key="BestTrainFitnessModelLiterals" datatype="3" valuetype="4">8</value><value key="BestTrainFitnessModelTerminals" datatype="8" valuetype="4">adoption-of-the-budget-resolution_y_min(2), mx-missile_y_min(1), immigration_n_min(1), adoption-of-the-budget-resolution_n_max(1), physician-fee-freeze_y_max(1), anti-satellite-test-ban_y_max(1), synfuels-corporation-cutback_n_max(1)</value><value key="BestTrainFitnessModelVariableImportance" datatype="8" valuetype="4">adoption-of-the-budget-resolution_y_min(4.40641004622173E-02), mx-missile_y_min(9.89507058447087E-04), immigration_n_min(2.37350526949796E-02), adoption-of-the-budget-resolution_n_max(0.024555436965578), physician-fee-freeze_y_max(0.874736429861912), anti-satellite-test-ban_y_max(7.89596445132392E-03), synfuels-corporation-cutback_n_max(2.40235085055425E-02)</value><value key="BestTrainAccuracy" datatype="5" valuetype="4">98.47</value><value key="BestTrainAccuracyRun" datatype="3" valuetype="4">1</value><value key="BestTrainAccuracyHistory" datatype="3" valuetype="4">1</value><value key="BestTrainAccuracyModelId" datatype="3" valuetype="4">19</value><value key="BestTrainAccuracyModelSize" datatype="3" valuetype="4">15</value><value key="BestTrainAccuracyModelLiterals" datatype="3" valuetype="4">8</value><value key="BestTrainAccuracyModelTerminals" datatype="8" valuetype="4">adoption-of-the-budget-resolution_y_min(2), mx-missile_y_min(1), immigration_n_min(1), adoption-of-the-budget-resolution_n_max(1), physician-fee-freeze_y_max(1), anti-satellite-test-ban_y_max(1), synfuels-corporation-cutback_n_max(1)</value><value key="BestTrainAccuracyModelVariableImportance" datatype="8" valuetype="4">adoption-of-the-budget-resolution_y_min(4.40641004622173E-02), mx-missile_y_min(9.89507058447087E-04), immigration_n_min(2.37350526949796E-02), adoption-of-the-budget-resolution_n_max(0.024555436965578), physician-fee-freeze_y_max(0.874736429861912), anti-satellite-test-ban_y_max(7.89596445132392E-03), synfuels-corporation-cutback_n_max(2.40235085055425E-02)</value><value key="BestTrainRSQuare" datatype="5" valuetype="4">0.869969865374388</value><value key="BestTrainRSQuareRun" datatype="3" valuetype="4">1</value><value key="BestTrainRSQuareHistory" datatype="3" valuetype="4">1</value><value key="BestTrainRSQuareModelId" datatype="3" valuetype="4">19</value><value key="BestTrainRSQuareModelSize" datatype="3" valuetype="4">15</value><value key="BestTrainRSQuareModelLiterals" datatype="3" valuetype="4">8</value><value key="BestTrainRSQuareModelTerminals" datatype="8" valuetype="4">adoption-of-the-budget-resolution_y_min(2), mx-missile_y_min(1), immigration_n_min(1), adoption-of-the-budget-resolution_n_max(1), physician-fee-freeze_y_max(1), anti-satellite-test-ban_y_max(1), synfuels-corporation-cutback_n_max(1)</value><value key="BestTrainRSQuareModelVariableImportance" datatype="8" valuetype="4">adoption-of-the-budget-resolution_y_min(4.40641004622173E-02), mx-missile_y_min(9.89507058447087E-04), immigration_n_min(2.37350526949796E-02), adoption-of-the-budget-resolution_n_max(0.024555436965578), physician-fee-freeze_y_max(0.874736429861912), anti-satellite-test-ban_y_max(7.89596445132392E-03), synfuels-corporation-cutback_n_max(2.40235085055425E-02)</value><value key="TestSuccessCount" datatype="3" valuetype="4">0</value><value key="TestSuccessRate" datatype="5" valuetype="4">0</value><value key="AverageTestFitness" datatype="5" valuetype="4">726.950354609929</value><value key="AverageTestRSQuare" datatype="5" valuetype="4">0.723896509873228</value><value key="AverageTestAccuracy" datatype="5" valuetype="4">93.18</value><value key="BestTestFitness" datatype="5" valuetype="4">757.575757575758</value><value key="BestTestFitnessRun" datatype="3" valuetype="4">1</value><value key="BestTestFitnessHistory" datatype="3" valuetype="4">1</value><value key="BestTestFitnessModelId" datatype="3" valuetype="4">2</value><value key="BestTestFitnessModelSize" datatype="3" valuetype="4">14</value><value key="BestTestFitnessModelLiterals" datatype="3" valuetype="4">5</value><value key="BestTestFitnessModelTerminals" datatype="8" valuetype="4">physician-fee-freeze_u_min(1), el-salvador-aid_u_min(1), aid-to-nicaraguan-contras_y_min(1), synfuels-corporation-cutback_u_min(1), anti-satellite-test-ban_u_max(1)</value><value key="BestTestFitnessModelVariableImportance" datatype="8" valuetype="4">physician-fee-freeze_u_min(0.199558950096661), el-salvador-aid_u_min(0.242603123577272), aid-to-nicaraguan-contras_y_min(0.247395915837396), synfuels-corporation-cutback_u_min(0.199558950096661), anti-satellite-test-ban_u_max(0.110883060392011)</value><value key="BestTestAccuracy" datatype="5" valuetype="4">90.91</value><value key="BestTestAccuracyRun" datatype="3" valuetype="4">1</value><value key="BestTestAccuracyHistory" datatype="3" valuetype="4">1</value><value key="BestTestAccuracyModelId" datatype="3" valuetype="4">2</value><value key="BestTestAccuracyModelSize" datatype="3" valuetype="4">14</value><value key="BestTestAccuracyModelLiterals" datatype="3" valuetype="4">5</value><value key="BestTestAccuracyModelTerminals" datatype="8" valuetype="4">physician-fee-freeze_u_min(1), el-salvador-aid_u_min(1), aid-to-nicaraguan-contras_y_min(1), synfuels-corporation-cutback_u_min(1), anti-satellite-test-ban_u_max(1)</value><value key="BestTestAccuracyModelVariableImportance" datatype="8" valuetype="4">physician-fee-freeze_u_min(0.199558950096661), el-salvador-aid_u_min(0.242603123577272), aid-to-nicaraguan-contras_y_min(0.247395915837396), synfuels-corporation-cutback_u_min(0.199558950096661), anti-satellite-test-ban_u_max(0.110883060392011)</value><value key="BestTestRSQuare" datatype="5" valuetype="4">0.581461242663438</value><value key="BestTestRSQuareRun" datatype="3" valuetype="4">1</value><value key="BestTestRSQuareHistory" datatype="3" valuetype="4">1</value><value key="BestTestRSQuareModelId" datatype="3" valuetype="4">2</value><value key="BestTestRSQuareModelSize" datatype="3" valuetype="4">14</value><value key="BestTestRSQuareModelLiterals" datatype="3" valuetype="4">5</value><value key="BestTestRSQuareModelTerminals" datatype="8" valuetype="4">physician-fee-freeze_u_min(1), el-salvador-aid_u_min(1), aid-to-nicaraguan-contras_y_min(1), synfuels-corporation-cutback_u_min(1), anti-satellite-test-ban_u_max(1)</value><value key="BestTestRSQuareModelVariableImportance" datatype="8" valuetype="4">physician-fee-freeze_u_min(0.199558950096661), el-salvador-aid_u_min(0.242603123577272), aid-to-nicaraguan-contras_y_min(0.247395915837396), synfuels-corporation-cutback_u_min(0.199558950096661), anti-satellite-test-ban_u_max(0.110883060392011)</value><value key="DefinitionFile" datatype="8" valuetype="4">../vote_1_5_6_jobdef.xml</value></summary>
