<log created='11/30/2019 13:52:59' name='vote_template_classification_000001'>
<item created='11/30/2019 13:52:59' severity='0'>Processing run 1...</item>
<item created='11/30/2019 13:52:59' severity='0'>Applied setting Genes (5)</item>
<item created='11/30/2019 13:52:59' severity='0'>Applied setting HeadSize (1)</item>
<item created='11/30/2019 13:52:59' severity='0'>Applied setting FitnessFunction (11)</item>
<item created='11/30/2019 13:52:59' severity='0'>Applied setting RoundingThreshold (0.5)</item>
<item created='11/30/2019 13:52:59' severity='0'>Changed function * to weight 2.</item>
<item created='11/30/2019 13:52:59' severity='0'>Loading data from file vote_TRAIN_fold_6.csv ...</item>
<item created='11/30/2019 13:53:00' severity='0'>Loading data from file vote_TEST_fold_6.csv ...</item>
<item created='11/30/2019 13:53:01' severity='0'>Loading run file... vote_1_5_6\vote_template_classification_000001.gep</item>
<item created='11/30/2019 13:53:01' severity='0'>Initializing run...</item>
<item created='11/30/2019 13:53:01' severity='0'>Training Set size: 391</item>
<item created='11/30/2019 13:53:01' severity='0'>Dataset loaded.</item>
<item created='11/30/2019 13:53:01' severity='0'>Starting...</item>
<item created='11/30/2019 13:53:01' severity='0'>Generation: 0 (556.147832267235, 80.05% (313))</item>
<item created='11/30/2019 13:53:03' severity='0'>Generation: 541 (926.108374384236, 96.16% (376))</item>
<item created='11/30/2019 13:53:05' severity='0'>Generation: 1164 (926.108374384236, 96.16% (376))</item>
<item created='11/30/2019 13:53:07' severity='0'>Generation: 1764 (940.446650124069, 96.93% (379))</item>
<item created='11/30/2019 13:53:09' severity='0'>Generation: 2450 (945.273631840796, 97.19% (380))</item>
<item created='11/30/2019 13:53:11' severity='0'>Generation: 3079 (950.124688279302, 97.44% (381))</item>
<item created='11/30/2019 13:53:13' severity='0'>Generation: 3667 (955, 97.70% (382))</item>
<item created='11/30/2019 13:53:15' severity='0'>Generation: 4250 (955, 97.70% (382))</item>
<item created='11/30/2019 13:53:17' severity='0'>Generation: 4853 (955, 97.70% (382))</item>
<item created='11/30/2019 13:53:19' severity='0'>Generation: 5467 (955, 97.70% (382))</item>
<item created='11/30/2019 13:53:21' severity='0'>Generation: 6045 (955, 97.70% (382))</item>
<item created='11/30/2019 13:53:23' severity='0'>Generation: 6679 (955, 97.70% (382))</item>
<item created='11/30/2019 13:53:25' severity='0'>Generation: 7328 (955, 97.70% (382))</item>
<item created='11/30/2019 13:53:27' severity='0'>Generation: 7982 (955, 97.70% (382))</item>
<item created='11/30/2019 13:53:29' severity='0'>Generation: 8587 (955, 97.70% (382))</item>
<item created='11/30/2019 13:53:31' severity='0'>Generation: 9295 (955, 97.70% (382))</item>
<item created='11/30/2019 13:53:33' severity='0'>Generation: 9957 (955, 97.70% (382))</item>
<item created='11/30/2019 13:53:35' severity='0'>Generation: 10536 (955, 97.70% (382))</item>
<item created='11/30/2019 13:53:37' severity='0'>Generation: 11087 (955, 97.70% (382))</item>
<item created='11/30/2019 13:53:39' severity='0'>Generation: 11595 (955, 97.70% (382))</item>
<item created='11/30/2019 13:53:41' severity='0'>Generation: 12164 (955, 97.70% (382))</item>
<item created='11/30/2019 13:53:43' severity='0'>Generation: 12761 (955, 97.70% (382))</item>
<item created='11/30/2019 13:53:45' severity='0'>Generation: 13366 (959.899749373434, 97.95% (383))</item>
<item created='11/30/2019 13:53:47' severity='0'>Generation: 13998 (959.899749373434, 97.95% (383))</item>
<item created='11/30/2019 13:53:49' severity='0'>Generation: 14632 (959.899749373434, 97.95% (383))</item>
<item created='11/30/2019 13:53:51' severity='0'>Generation: 15269 (959.899749373434, 97.95% (383))</item>
<item created='11/30/2019 13:53:53' severity='0'>Generation: 15899 (959.899749373434, 97.95% (383))</item>
<item created='11/30/2019 13:53:55' severity='0'>Generation: 16568 (959.899749373434, 97.95% (383))</item>
<item created='11/30/2019 13:53:57' severity='0'>Generation: 17208 (959.899749373434, 97.95% (383))</item>
<item created='11/30/2019 13:53:59' severity='0'>Generation: 17835 (969.773299748111, 98.47% (385))</item>
<item created='11/30/2019 13:54:01' severity='0'>Generation: 18470 (969.773299748111, 98.47% (385))</item>
<item created='11/30/2019 13:54:03' severity='0'>Generation: 19091 (969.773299748111, 98.47% (385))</item>
<item created='11/30/2019 13:54:05' severity='0'>Generation: 19730 (969.773299748111, 98.47% (385))</item>
<item created='11/30/2019 13:54:05' severity='0'>Finished run.</item>
<item created='11/30/2019 13:54:05' severity='0'>Models created: 19</item>
<item created='11/30/2019 13:54:06' severity='0'>Models: 19</item>
<item created='11/30/2019 13:54:06' severity='0'>Last Model: 19</item>
<item created='11/30/2019 13:54:06' severity='0'>Generation: 17807</item>
<item created='11/30/2019 13:54:06' severity='0'>Training Fitness: 969.773299748111</item>
<item created='11/30/2019 13:54:06' severity='0'>Training Accuracy: 98.47%</item>
<item created='11/30/2019 13:54:06' severity='0'>Success</item>
<item created='11/30/2019 13:54:06' severity='0'>Loading run file... vote_1_5_6\vote_template_classification_000001.gep</item>
<item created='11/30/2019 13:54:06' severity='0'>Initializing tests for all models...</item>
<item created='11/30/2019 13:54:06' severity='0'>Testing model 1 on the Validation Set with 44 records..............</item>
<item created='11/30/2019 13:54:06' severity='0'>Testing model 2 on the Validation Set with 44 records..............</item>
<item created='11/30/2019 13:54:06' severity='0'>Testing model 3 on the Validation Set with 44 records..............</item>
<item created='11/30/2019 13:54:06' severity='0'>Testing model 4 on the Validation Set with 44 records..............</item>
<item created='11/30/2019 13:54:06' severity='0'>Testing model 5 on the Validation Set with 44 records..............</item>
<item created='11/30/2019 13:54:06' severity='0'>Testing model 6 on the Validation Set with 44 records..............</item>
<item created='11/30/2019 13:54:06' severity='0'>Testing model 7 on the Validation Set with 44 records..............</item>
<item created='11/30/2019 13:54:06' severity='0'>Testing model 8 on the Validation Set with 44 records..............</item>
<item created='11/30/2019 13:54:06' severity='0'>Testing model 9 on the Validation Set with 44 records..............</item>
<item created='11/30/2019 13:54:06' severity='0'>Testing model 10 on the Validation Set with 44 records..............</item>
<item created='11/30/2019 13:54:06' severity='0'>Testing model 11 on the Validation Set with 44 records..............</item>
<item created='11/30/2019 13:54:06' severity='0'>Testing model 12 on the Validation Set with 44 records..............</item>
<item created='11/30/2019 13:54:06' severity='0'>Testing model 13 on the Validation Set with 44 records..............</item>
<item created='11/30/2019 13:54:06' severity='0'>Testing model 14 on the Validation Set with 44 records..............</item>
<item created='11/30/2019 13:54:06' severity='0'>Testing model 15 on the Validation Set with 44 records..............</item>
<item created='11/30/2019 13:54:06' severity='0'>Testing model 16 on the Validation Set with 44 records..............</item>
<item created='11/30/2019 13:54:06' severity='0'>Testing model 17 on the Validation Set with 44 records..............</item>
<item created='11/30/2019 13:54:06' severity='0'>Testing model 18 on the Validation Set with 44 records..............</item>
<item created='11/30/2019 13:54:06' severity='0'>Testing model 19 on the Validation Set with 44 records..............</item>
<item created='11/30/2019 13:54:06' severity='0'>Success</item>
</log>
