<report id="0"><run id="1" name="vote_template_classification_000001.gep"><value key="HasTestingSet" datatype="3" valuetype="0">1</value><value key="TrainFitness" datatype="5" valuetype="1" ModelId="1">556.147832267235</value><value key="TrainFitness" datatype="5" valuetype="1" ModelId="2">556.147832267235</value><value key="TrainFitness" datatype="5" valuetype="1" ModelId="3">592.633114514953</value><value key="TrainFitness" datatype="5" valuetype="1" ModelId="4">653.346653346653</value><value key="TrainFitness" datatype="5" valuetype="1" ModelId="5">656.78814577493</value><value key="TrainFitness" datatype="5" valuetype="1" ModelId="6">660.244832430263</value><value key="TrainFitness" datatype="5" valuetype="1" ModelId="7">725.182863113898</value><value key="TrainFitness" datatype="5" valuetype="1" ModelId="8">759.709773794281</value><value key="TrainFitness" datatype="5" valuetype="1" ModelId="9">921.375921375921</value><value key="TrainFitness" datatype="5" valuetype="1" ModelId="10">926.108374384236</value><value key="TrainFitness" datatype="5" valuetype="1" ModelId="11">930.864197530864</value><value key="TrainFitness" datatype="5" valuetype="1" ModelId="12">935.643564356436</value><value key="TrainFitness" datatype="5" valuetype="1" ModelId="13">940.446650124069</value><value key="TrainFitness" datatype="5" valuetype="1" ModelId="14">945.273631840796</value><value key="TrainFitness" datatype="5" valuetype="1" ModelId="15">950.124688279302</value><value key="TrainFitness" datatype="5" valuetype="1" ModelId="16">955</value><value key="TrainFitness" datatype="5" valuetype="1" ModelId="17">959.899749373434</value><value key="TrainFitness" datatype="5" valuetype="1" ModelId="18">964.824120603015</value><value key="TrainFitness" datatype="5" valuetype="1" ModelId="19">969.773299748111</value><value key="TrainAccuracy" datatype="5" valuetype="1" ModelId="1">80.05</value><value key="TrainAccuracy" datatype="5" valuetype="1" ModelId="2">80.05</value><value key="TrainAccuracy" datatype="5" valuetype="1" ModelId="3">83.12</value><value key="TrainAccuracy" datatype="5" valuetype="1" ModelId="4">83.63</value><value key="TrainAccuracy" datatype="5" valuetype="1" ModelId="5">83.89</value><value key="TrainAccuracy" datatype="5" valuetype="1" ModelId="6">84.14</value><value key="TrainAccuracy" datatype="5" valuetype="1" ModelId="7">88.75</value><value key="TrainAccuracy" datatype="5" valuetype="1" ModelId="8">91.05</value><value key="TrainAccuracy" datatype="5" valuetype="1" ModelId="9">95.91</value><value key="TrainAccuracy" datatype="5" valuetype="1" ModelId="10">96.16</value><value key="TrainAccuracy" datatype="5" valuetype="1" ModelId="11">96.42</value><value key="TrainAccuracy" datatype="5" valuetype="1" ModelId="12">96.68</value><value key="TrainAccuracy" datatype="5" valuetype="1" ModelId="13">96.93</value><value key="TrainAccuracy" datatype="5" valuetype="1" ModelId="14">97.19</value><value key="TrainAccuracy" datatype="5" valuetype="1" ModelId="15">97.44</value><value key="TrainAccuracy" datatype="5" valuetype="1" ModelId="16">97.7</value><value key="TrainAccuracy" datatype="5" valuetype="1" ModelId="17">97.95</value><value key="TrainAccuracy" datatype="5" valuetype="1" ModelId="18">98.21</value><value key="TrainAccuracy" datatype="5" valuetype="1" ModelId="19">98.47</value><value key="TestFitness" datatype="5" valuetype="1" ModelId="1">757.575757575758</value><value key="TestFitness" datatype="5" valuetype="1" ModelId="2">757.575757575758</value><value key="TestFitness" datatype="5" valuetype="1" ModelId="3">723.562152133581</value><value key="TestFitness" datatype="5" valuetype="1" ModelId="4">723.562152133581</value><value key="TestFitness" datatype="5" valuetype="1" ModelId="5">633.333333333333</value><value key="TestFitness" datatype="5" valuetype="1" ModelId="6">633.333333333333</value><value key="TestFitness" datatype="5" valuetype="1" ModelId="7">694.444444444444</value><value key="TestFitness" datatype="5" valuetype="1" ModelId="8">612.244897959184</value><value key="TestFitness" datatype="5" valuetype="1" ModelId="9">694.444444444444</value><value key="TestFitness" datatype="5" valuetype="1" ModelId="10">694.444444444444</value><value key="TestFitness" datatype="5" valuetype="1" ModelId="11">694.444444444444</value><value key="TestFitness" datatype="5" valuetype="1" ModelId="12">612.244897959184</value><value key="TestFitness" datatype="5" valuetype="1" ModelId="13">694.444444444444</value><value key="TestFitness" datatype="5" valuetype="1" ModelId="14">694.444444444444</value><value key="TestFitness" datatype="5" valuetype="1" ModelId="15">726.950354609929</value><value key="TestFitness" datatype="5" valuetype="1" ModelId="16">726.950354609929</value><value key="TestFitness" datatype="5" valuetype="1" ModelId="17">726.950354609929</value><value key="TestFitness" datatype="5" valuetype="1" ModelId="18">726.950354609929</value><value key="TestFitness" datatype="5" valuetype="1" ModelId="19">726.950354609929</value><value key="TestAccuracy" datatype="5" valuetype="1" ModelId="1">90.91</value><value key="TestAccuracy" datatype="5" valuetype="1" ModelId="2">90.91</value><value key="TestAccuracy" datatype="5" valuetype="1" ModelId="3">88.64</value><value key="TestAccuracy" datatype="5" valuetype="1" ModelId="4">88.64</value><value key="TestAccuracy" datatype="5" valuetype="1" ModelId="5">86.36</value><value key="TestAccuracy" datatype="5" valuetype="1" ModelId="6">86.36</value><value key="TestAccuracy" datatype="5" valuetype="1" ModelId="7">90.91</value><value key="TestAccuracy" datatype="5" valuetype="1" ModelId="8">88.64</value><value key="TestAccuracy" datatype="5" valuetype="1" ModelId="9">90.91</value><value key="TestAccuracy" datatype="5" valuetype="1" ModelId="10">90.91</value><value key="TestAccuracy" datatype="5" valuetype="1" ModelId="11">90.91</value><value key="TestAccuracy" datatype="5" valuetype="1" ModelId="12">88.64</value><value key="TestAccuracy" datatype="5" valuetype="1" ModelId="13">90.91</value><value key="TestAccuracy" datatype="5" valuetype="1" ModelId="14">90.91</value><value key="TestAccuracy" datatype="5" valuetype="1" ModelId="15">93.18</value><value key="TestAccuracy" datatype="5" valuetype="1" ModelId="16">93.18</value><value key="TestAccuracy" datatype="5" valuetype="1" ModelId="17">93.18</value><value key="TestAccuracy" datatype="5" valuetype="1" ModelId="18">93.18</value><value key="TestAccuracy" datatype="5" valuetype="1" ModelId="19">93.18</value><value key="Size" datatype="3" valuetype="1" ModelId="1">14</value><value key="Size" datatype="3" valuetype="1" ModelId="2">14</value><value key="Size" datatype="3" valuetype="1" ModelId="3">14</value><value key="Size" datatype="3" valuetype="1" ModelId="4">14</value><value key="Size" datatype="3" valuetype="1" ModelId="5">14</value><value key="Size" datatype="3" valuetype="1" ModelId="6">13</value><value key="Size" datatype="3" valuetype="1" ModelId="7">8</value><value key="Size" datatype="3" valuetype="1" ModelId="8">14</value><value key="Size" datatype="3" valuetype="1" ModelId="9">13</value><value key="Size" datatype="3" valuetype="1" ModelId="10">13</value><value key="Size" datatype="3" valuetype="1" ModelId="11">14</value><value key="Size" datatype="3" valuetype="1" ModelId="12">12</value><value key="Size" datatype="3" valuetype="1" ModelId="13">11</value><value key="Size" datatype="3" valuetype="1" ModelId="14">13</value><value key="Size" datatype="3" valuetype="1" ModelId="15">14</value><value key="Size" datatype="3" valuetype="1" ModelId="16">15</value><value key="Size" datatype="3" valuetype="1" ModelId="17">15</value><value key="Size" datatype="3" valuetype="1" ModelId="18">14</value><value key="Size" datatype="3" valuetype="1" ModelId="19">15</value><value key="Generation" datatype="5" valuetype="1" ModelId="1">0</value><value key="Generation" datatype="5" valuetype="1" ModelId="2">1</value><value key="Generation" datatype="5" valuetype="1" ModelId="3">5</value><value key="Generation" datatype="5" valuetype="1" ModelId="4">10</value><value key="Generation" datatype="5" valuetype="1" ModelId="5">14</value><value key="Generation" datatype="5" valuetype="1" ModelId="6">18</value><value key="Generation" datatype="5" valuetype="1" ModelId="7">20</value><value key="Generation" datatype="5" valuetype="1" ModelId="8">21</value><value key="Generation" datatype="5" valuetype="1" ModelId="9">28</value><value key="Generation" datatype="5" valuetype="1" ModelId="10">32</value><value key="Generation" datatype="5" valuetype="1" ModelId="11">1212</value><value key="Generation" datatype="5" valuetype="1" ModelId="12">1500</value><value key="Generation" datatype="5" valuetype="1" ModelId="13">1669</value><value key="Generation" datatype="5" valuetype="1" ModelId="14">2412</value><value key="Generation" datatype="5" valuetype="1" ModelId="15">2851</value><value key="Generation" datatype="5" valuetype="1" ModelId="16">3181</value><value key="Generation" datatype="5" valuetype="1" ModelId="17">13228</value><value key="Generation" datatype="5" valuetype="1" ModelId="18">17257</value><value key="Generation" datatype="5" valuetype="1" ModelId="19">17807</value><value key="RunIndex" datatype="5" valuetype="1" ModelId="1">1</value><value key="RunIndex" datatype="5" valuetype="1" ModelId="2">1</value><value key="RunIndex" datatype="5" valuetype="1" ModelId="3">1</value><value key="RunIndex" datatype="5" valuetype="1" ModelId="4">1</value><value key="RunIndex" datatype="5" valuetype="1" ModelId="5">1</value><value key="RunIndex" datatype="5" valuetype="1" ModelId="6">1</value><value key="RunIndex" datatype="5" valuetype="1" ModelId="7">1</value><value key="RunIndex" datatype="5" valuetype="1" ModelId="8">1</value><value key="RunIndex" datatype="5" valuetype="1" ModelId="9">1</value><value key="RunIndex" datatype="5" valuetype="1" ModelId="10">1</value><value key="RunIndex" datatype="5" valuetype="1" ModelId="11">1</value><value key="RunIndex" datatype="5" valuetype="1" ModelId="12">1</value><value key="RunIndex" datatype="5" valuetype="1" ModelId="13">1</value><value key="RunIndex" datatype="5" valuetype="1" ModelId="14">1</value><value key="RunIndex" datatype="5" valuetype="1" ModelId="15">1</value><value key="RunIndex" datatype="5" valuetype="1" ModelId="16">1</value><value key="RunIndex" datatype="5" valuetype="1" ModelId="17">1</value><value key="RunIndex" datatype="5" valuetype="1" ModelId="18">1</value><value key="RunIndex" datatype="5" valuetype="1" ModelId="19">1</value><value key="Literals" datatype="3" valuetype="-1" ModelId="1">5</value><value key="Variables" datatype="8" valuetype="-1" ModelId="1">physician-fee-freeze_u_min(1), el-salvador-aid_u_min(1), aid-to-nicaraguan-contras_y_min(1), synfuels-corporation-cutback_u_min(1), anti-satellite-test-ban_u_max(1)</value><value key="Literals" datatype="3" valuetype="-1" ModelId="2">5</value><value key="Variables" datatype="8" valuetype="-1" ModelId="2">physician-fee-freeze_u_min(1), el-salvador-aid_u_min(1), aid-to-nicaraguan-contras_y_min(1), synfuels-corporation-cutback_u_min(1), anti-satellite-test-ban_u_max(1)</value><value key="Literals" datatype="3" valuetype="-1" ModelId="3">5</value><value key="Variables" datatype="8" valuetype="-1" ModelId="3">physician-fee-freeze_u_min(1), el-salvador-aid_n_min(1), el-salvador-aid_u_min(1), aid-to-nicaraguan-contras_y_min(1), anti-satellite-test-ban_u_max(1)</value><value key="Literals" datatype="3" valuetype="-1" ModelId="4">5</value><value key="Variables" datatype="8" valuetype="-1" ModelId="4">physician-fee-freeze_u_min(1), el-salvador-aid_n_min(1), el-salvador-aid_u_min(1), aid-to-nicaraguan-contras_y_min(1), anti-satellite-test-ban_u_max(1)</value><value key="Literals" datatype="3" valuetype="-1" ModelId="5">6</value><value key="Variables" datatype="8" valuetype="-1" ModelId="5">physician-fee-freeze_u_min(1), el-salvador-aid_n_min(1), el-salvador-aid_u_min(1), aid-to-nicaraguan-contras_y_min(1), physician-fee-freeze_u_max(1), anti-satellite-test-ban_u_max(1)</value><value key="Literals" datatype="3" valuetype="-1" ModelId="6">4</value><value key="Variables" datatype="8" valuetype="-1" ModelId="6">physician-fee-freeze_u_min(1), el-salvador-aid_n_min(1), el-salvador-aid_u_min(1), aid-to-nicaraguan-contras_y_min(1)</value><value key="Literals" datatype="3" valuetype="-1" ModelId="7">5</value><value key="Variables" datatype="8" valuetype="-1" ModelId="7">adoption-of-the-budget-resolution_y_min(1), el-salvador-aid_n_min(1), handicapped-infants_n_max(1), handicapped-infants_y_max(1), duty-free-exports_u_max(1)</value><value key="Literals" datatype="3" valuetype="-1" ModelId="8">5</value><value key="Variables" datatype="8" valuetype="-1" ModelId="8">physician-fee-freeze_y_min(1), el-salvador-aid_n_min(1), el-salvador-aid_u_min(1), aid-to-nicaraguan-contras_y_min(1), anti-satellite-test-ban_u_max(1)</value><value key="Literals" datatype="3" valuetype="-1" ModelId="9">2</value><value key="Variables" datatype="8" valuetype="-1" ModelId="9">physician-fee-freeze_y_min(1), el-salvador-aid_u_min(1)</value><value key="Literals" datatype="3" valuetype="-1" ModelId="10">1</value><value key="Variables" datatype="8" valuetype="-1" ModelId="10">physician-fee-freeze_y_min(1)</value><value key="Literals" datatype="3" valuetype="-1" ModelId="11">6</value><value key="Variables" datatype="8" valuetype="-1" ModelId="11">adoption-of-the-budget-resolution_u_min(1), physician-fee-freeze_y_max(3), religious-groups-in-schools_u_max(1), education-spending_y_max(1)</value><value key="Literals" datatype="3" valuetype="-1" ModelId="12">3</value><value key="Variables" datatype="8" valuetype="-1" ModelId="12">immigration_n_min(1), physician-fee-freeze_y_max(1), mx-missile_n_max(1)</value><value key="Literals" datatype="3" valuetype="-1" ModelId="13">4</value><value key="Variables" datatype="8" valuetype="-1" ModelId="13">physician-fee-freeze_y_max(2), mx-missile_n_max(1), export-administration-act-south-africa_y_max(1)</value><value key="Literals" datatype="3" valuetype="-1" ModelId="14">6</value><value key="Variables" datatype="8" valuetype="-1" ModelId="14">physician-fee-freeze_y_max(1), mx-missile_n_max(3), synfuels-corporation-cutback_n_max(1), export-administration-act-south-africa_y_max(1)</value><value key="Literals" datatype="3" valuetype="-1" ModelId="15">6</value><value key="Variables" datatype="8" valuetype="-1" ModelId="15">adoption-of-the-budget-resolution_n_max(1), physician-fee-freeze_y_max(1), mx-missile_n_max(2), synfuels-corporation-cutback_n_max(1), export-administration-act-south-africa_y_max(1)</value><value key="Literals" datatype="3" valuetype="-1" ModelId="16">7</value><value key="Variables" datatype="8" valuetype="-1" ModelId="16">physician-fee-freeze_u_min(1), adoption-of-the-budget-resolution_n_max(1), physician-fee-freeze_y_max(1), mx-missile_n_max(1), synfuels-corporation-cutback_n_max(1), synfuels-corporation-cutback_u_max(1), export-administration-act-south-africa_y_max(1)</value><value key="Literals" datatype="3" valuetype="-1" ModelId="17">7</value><value key="Variables" datatype="8" valuetype="-1" ModelId="17">immigration_n_min(1), superfund-right-to-sue_y_min(1), adoption-of-the-budget-resolution_n_max(1), physician-fee-freeze_y_max(1), mx-missile_y_max(1), synfuels-corporation-cutback_n_max(1), export-administration-act-south-africa_y_max(1)</value><value key="Literals" datatype="3" valuetype="-1" ModelId="18">8</value><value key="Variables" datatype="8" valuetype="-1" ModelId="18">adoption-of-the-budget-resolution_y_min(1), el-salvador-aid_y_min(1), mx-missile_y_min(1), immigration_n_min(1), adoption-of-the-budget-resolution_n_max(1), physician-fee-freeze_y_max(1), anti-satellite-test-ban_y_max(1), synfuels-corporation-cutback_n_max(1)</value><value key="Literals" datatype="3" valuetype="-1" ModelId="19">8</value><value key="Variables" datatype="8" valuetype="-1" ModelId="19">adoption-of-the-budget-resolution_y_min(2), mx-missile_y_min(1), immigration_n_min(1), adoption-of-the-budget-resolution_n_max(1), physician-fee-freeze_y_max(1), anti-satellite-test-ban_y_max(1), synfuels-corporation-cutback_n_max(1)</value><value key="VariableImportance" datatype="8" valuetype="-1" ModelId="19">adoption-of-the-budget-resolution_y_min(3.26246519512905E-02), mx-missile_y_min(1.13080559850001E-02), immigration_n_min(0.02122888749108), adoption-of-the-budget-resolution_n_max(1.27691725772378E-02), physician-fee-freeze_y_max(0.900526489315732), anti-satellite-test-ban_y_max(1.30546410965653E-02), synfuels-corporation-cutback_n_max(8.48810158309441E-03)</value></run></report>
