<log created='11/30/2019 13:23:10' name='vote_template_classification_000001'>
<item created='11/30/2019 13:23:10' severity='0'>Processing run 1...</item>
<item created='11/30/2019 13:23:10' severity='0'>Applied setting Genes (1)</item>
<item created='11/30/2019 13:23:10' severity='0'>Applied setting HeadSize (1)</item>
<item created='11/30/2019 13:23:10' severity='0'>Applied setting FitnessFunction (11)</item>
<item created='11/30/2019 13:23:10' severity='0'>Applied setting RoundingThreshold (0.5)</item>
<item created='11/30/2019 13:23:10' severity='0'>Changed function * to weight 2.</item>
<item created='11/30/2019 13:23:10' severity='0'>Loading data from file vote_TRAIN_fold_7.csv ...</item>
<item created='11/30/2019 13:23:11' severity='0'>Loading data from file vote_TEST_fold_7.csv ...</item>
<item created='11/30/2019 13:23:12' severity='0'>Loading run file... vote_1_1_7\vote_template_classification_000001.gep</item>
<item created='11/30/2019 13:23:12' severity='0'>Initializing run...</item>
<item created='11/30/2019 13:23:12' severity='0'>Training Set size: 391</item>
<item created='11/30/2019 13:23:12' severity='0'>Dataset loaded.</item>
<item created='11/30/2019 13:23:12' severity='0'>Starting...</item>
<item created='11/30/2019 13:23:12' severity='0'>Generation: 0 (692.055692055692, 86.45% (338))</item>
<item created='11/30/2019 13:23:14' severity='0'>Generation: 1231 (907.317073170732, 95.14% (372))</item>
<item created='11/30/2019 13:23:16' severity='0'>Generation: 3132 (907.317073170732, 95.14% (372))</item>
<item created='11/30/2019 13:23:18' severity='0'>Generation: 4937 (907.317073170732, 95.14% (372))</item>
<item created='11/30/2019 13:23:20' severity='0'>Generation: 6775 (907.317073170732, 95.14% (372))</item>
<item created='11/30/2019 13:23:22' severity='0'>Generation: 8878 (907.317073170732, 95.14% (372))</item>
<item created='11/30/2019 13:23:24' severity='0'>Generation: 11065 (907.317073170732, 95.14% (372))</item>
<item created='11/30/2019 13:23:26' severity='0'>Generation: 13266 (907.317073170732, 95.14% (372))</item>
<item created='11/30/2019 13:23:28' severity='0'>Generation: 15372 (907.317073170732, 95.14% (372))</item>
<item created='11/30/2019 13:23:30' severity='0'>Generation: 17139 (907.317073170732, 95.14% (372))</item>
<item created='11/30/2019 13:23:32' severity='0'>Generation: 18920 (907.317073170732, 95.14% (372))</item>
<item created='11/30/2019 13:23:33' severity='0'>Finished run.</item>
<item created='11/30/2019 13:23:33' severity='0'>Models created: 7</item>
<item created='11/30/2019 13:23:33' severity='0'>Models: 7</item>
<item created='11/30/2019 13:23:33' severity='0'>Last Model: 7</item>
<item created='11/30/2019 13:23:33' severity='0'>Generation: 38</item>
<item created='11/30/2019 13:23:33' severity='0'>Training Fitness: 907.317073170732</item>
<item created='11/30/2019 13:23:33' severity='0'>Training Accuracy: 95.14%</item>
<item created='11/30/2019 13:23:33' severity='0'>Success</item>
<item created='11/30/2019 13:23:33' severity='0'>Loading run file... vote_1_1_7\vote_template_classification_000001.gep</item>
<item created='11/30/2019 13:23:33' severity='0'>Initializing tests for all models...</item>
<item created='11/30/2019 13:23:33' severity='0'>Testing model 1 on the Validation Set with 44 records..............</item>
<item created='11/30/2019 13:23:33' severity='0'>Testing model 2 on the Validation Set with 44 records..............</item>
<item created='11/30/2019 13:23:33' severity='0'>Testing model 3 on the Validation Set with 44 records..............</item>
<item created='11/30/2019 13:23:33' severity='0'>Testing model 4 on the Validation Set with 44 records..............</item>
<item created='11/30/2019 13:23:33' severity='0'>Testing model 5 on the Validation Set with 44 records..............</item>
<item created='11/30/2019 13:23:33' severity='0'>Testing model 6 on the Validation Set with 44 records..............</item>
<item created='11/30/2019 13:23:33' severity='0'>Testing model 7 on the Validation Set with 44 records..............</item>
<item created='11/30/2019 13:23:33' severity='0'>Success</item>
</log>
