<report id="0"><run id="1" name="vote_template_classification_000001.gep"><value key="HasTestingSet" datatype="3" valuetype="0">1</value><value key="TrainFitness" datatype="5" valuetype="1" ModelId="1">692.055692055692</value><value key="TrainFitness" datatype="5" valuetype="1" ModelId="2">699.300699300699</value><value key="TrainFitness" datatype="5" valuetype="1" ModelId="3">699.300699300699</value><value key="TrainFitness" datatype="5" valuetype="1" ModelId="4">706.611570247934</value><value key="TrainFitness" datatype="5" valuetype="1" ModelId="5">710.29198591841</value><value key="TrainFitness" datatype="5" valuetype="1" ModelId="6">888.888888888889</value><value key="TrainFitness" datatype="5" valuetype="1" ModelId="7">907.317073170732</value><value key="TrainAccuracy" datatype="5" valuetype="1" ModelId="1">86.45</value><value key="TrainAccuracy" datatype="5" valuetype="1" ModelId="2">86.96</value><value key="TrainAccuracy" datatype="5" valuetype="1" ModelId="3">86.96</value><value key="TrainAccuracy" datatype="5" valuetype="1" ModelId="4">87.47</value><value key="TrainAccuracy" datatype="5" valuetype="1" ModelId="5">87.72</value><value key="TrainAccuracy" datatype="5" valuetype="1" ModelId="6">94.12</value><value key="TrainAccuracy" datatype="5" valuetype="1" ModelId="7">95.14</value><value key="TestFitness" datatype="5" valuetype="1" ModelId="1">663.265306122449</value><value key="TestFitness" datatype="5" valuetype="1" ModelId="2">694.444444444444</value><value key="TestFitness" datatype="5" valuetype="1" ModelId="3">694.444444444444</value><value key="TestFitness" datatype="5" valuetype="1" ModelId="4">694.444444444444</value><value key="TestFitness" datatype="5" valuetype="1" ModelId="5">726.950354609929</value><value key="TestFitness" datatype="5" valuetype="1" ModelId="6">955.555555555556</value><value key="TestFitness" datatype="5" valuetype="1" ModelId="7">1000</value><value key="TestAccuracy" datatype="5" valuetype="1" ModelId="1">88.64</value><value key="TestAccuracy" datatype="5" valuetype="1" ModelId="2">90.91</value><value key="TestAccuracy" datatype="5" valuetype="1" ModelId="3">90.91</value><value key="TestAccuracy" datatype="5" valuetype="1" ModelId="4">90.91</value><value key="TestAccuracy" datatype="5" valuetype="1" ModelId="5">93.18</value><value key="TestAccuracy" datatype="5" valuetype="1" ModelId="6">97.73</value><value key="TestAccuracy" datatype="5" valuetype="1" ModelId="7">100</value><value key="Size" datatype="3" valuetype="1" ModelId="1">3</value><value key="Size" datatype="3" valuetype="1" ModelId="2">3</value><value key="Size" datatype="3" valuetype="1" ModelId="3">3</value><value key="Size" datatype="3" valuetype="1" ModelId="4">3</value><value key="Size" datatype="3" valuetype="1" ModelId="5">3</value><value key="Size" datatype="3" valuetype="1" ModelId="6">3</value><value key="Size" datatype="3" valuetype="1" ModelId="7">1</value><value key="Generation" datatype="5" valuetype="1" ModelId="1">0</value><value key="Generation" datatype="5" valuetype="1" ModelId="2">3</value><value key="Generation" datatype="5" valuetype="1" ModelId="3">9</value><value key="Generation" datatype="5" valuetype="1" ModelId="4">18</value><value key="Generation" datatype="5" valuetype="1" ModelId="5">31</value><value key="Generation" datatype="5" valuetype="1" ModelId="6">33</value><value key="Generation" datatype="5" valuetype="1" ModelId="7">38</value><value key="RunIndex" datatype="5" valuetype="1" ModelId="1">1</value><value key="RunIndex" datatype="5" valuetype="1" ModelId="2">1</value><value key="RunIndex" datatype="5" valuetype="1" ModelId="3">1</value><value key="RunIndex" datatype="5" valuetype="1" ModelId="4">1</value><value key="RunIndex" datatype="5" valuetype="1" ModelId="5">1</value><value key="RunIndex" datatype="5" valuetype="1" ModelId="6">1</value><value key="RunIndex" datatype="5" valuetype="1" ModelId="7">1</value><value key="Literals" datatype="3" valuetype="-1" ModelId="1">2</value><value key="Variables" datatype="8" valuetype="-1" ModelId="1">adoption-of-the-budget-resolution_u_min(1), adoption-of-the-budget-resolution_n_max(1)</value><value key="Literals" datatype="3" valuetype="-1" ModelId="2">1</value><value key="Variables" datatype="8" valuetype="-1" ModelId="2">adoption-of-the-budget-resolution_n_max(1)</value><value key="Literals" datatype="3" valuetype="-1" ModelId="3">1</value><value key="Variables" datatype="8" valuetype="-1" ModelId="3">adoption-of-the-budget-resolution_n_max(1)</value><value key="Literals" datatype="3" valuetype="-1" ModelId="4">2</value><value key="Variables" datatype="8" valuetype="-1" ModelId="4">handicapped-infants_u_max(1), adoption-of-the-budget-resolution_n_max(1)</value><value key="Literals" datatype="3" valuetype="-1" ModelId="5">2</value><value key="Variables" datatype="8" valuetype="-1" ModelId="5">adoption-of-the-budget-resolution_n_max(1), crime_n_max(1)</value><value key="Literals" datatype="3" valuetype="-1" ModelId="6">1</value><value key="Variables" datatype="8" valuetype="-1" ModelId="6">physician-fee-freeze_n_min(1)</value><value key="Literals" datatype="3" valuetype="-1" ModelId="7">1</value><value key="Variables" datatype="8" valuetype="-1" ModelId="7">physician-fee-freeze_y_max(1)</value><value key="VariableImportance" datatype="8" valuetype="-1" ModelId="7">physician-fee-freeze_y_max(1)</value></run></report>
