<log created='11/30/2019 14:05:16' name='vote_template_classification_000001'>
<item created='11/30/2019 14:05:16' severity='0'>Processing run 1...</item>
<item created='11/30/2019 14:05:16' severity='0'>Applied setting Genes (6)</item>
<item created='11/30/2019 14:05:16' severity='0'>Applied setting HeadSize (1)</item>
<item created='11/30/2019 14:05:16' severity='0'>Applied setting FitnessFunction (11)</item>
<item created='11/30/2019 14:05:16' severity='0'>Applied setting RoundingThreshold (0.5)</item>
<item created='11/30/2019 14:05:16' severity='0'>Changed function * to weight 2.</item>
<item created='11/30/2019 14:05:16' severity='0'>Loading data from file vote_TRAIN_fold_6.csv ...</item>
<item created='11/30/2019 14:05:17' severity='0'>Loading data from file vote_TEST_fold_6.csv ...</item>
<item created='11/30/2019 14:05:18' severity='0'>Loading run file... vote_1_6_6\vote_template_classification_000001.gep</item>
<item created='11/30/2019 14:05:18' severity='0'>Initializing run...</item>
<item created='11/30/2019 14:05:18' severity='0'>Training Set size: 391</item>
<item created='11/30/2019 14:05:18' severity='0'>Dataset loaded.</item>
<item created='11/30/2019 14:05:18' severity='0'>Starting...</item>
<item created='11/30/2019 14:05:18' severity='0'>Generation: 0 (861.904761904762, 92.58% (362))</item>
<item created='11/30/2019 14:05:20' severity='0'>Generation: 313 (945.273631840796, 97.19% (380))</item>
<item created='11/30/2019 14:05:22' severity='0'>Generation: 833 (955, 97.70% (382))</item>
<item created='11/30/2019 14:05:24' severity='0'>Generation: 1358 (959.899749373434, 97.95% (383))</item>
<item created='11/30/2019 14:05:26' severity='0'>Generation: 1875 (964.824120603015, 98.21% (384))</item>
<item created='11/30/2019 14:05:28' severity='0'>Generation: 2425 (969.773299748111, 98.47% (385))</item>
<item created='11/30/2019 14:05:30' severity='0'>Generation: 2955 (969.773299748111, 98.47% (385))</item>
<item created='11/30/2019 14:05:32' severity='0'>Generation: 3462 (969.773299748111, 98.47% (385))</item>
<item created='11/30/2019 14:05:34' severity='0'>Generation: 4006 (969.773299748111, 98.47% (385))</item>
<item created='11/30/2019 14:05:36' severity='0'>Generation: 4552 (969.773299748111, 98.47% (385))</item>
<item created='11/30/2019 14:05:38' severity='0'>Generation: 5097 (969.773299748111, 98.47% (385))</item>
<item created='11/30/2019 14:05:40' severity='0'>Generation: 5632 (969.773299748111, 98.47% (385))</item>
<item created='11/30/2019 14:05:42' severity='0'>Generation: 6174 (969.773299748111, 98.47% (385))</item>
<item created='11/30/2019 14:05:44' severity='0'>Generation: 6717 (969.773299748111, 98.47% (385))</item>
<item created='11/30/2019 14:05:46' severity='0'>Generation: 7266 (969.773299748111, 98.47% (385))</item>
<item created='11/30/2019 14:05:48' severity='0'>Generation: 7831 (969.773299748111, 98.47% (385))</item>
<item created='11/30/2019 14:05:50' severity='0'>Generation: 8369 (969.773299748111, 98.47% (385))</item>
<item created='11/30/2019 14:05:52' severity='0'>Generation: 8885 (969.773299748111, 98.47% (385))</item>
<item created='11/30/2019 14:05:54' severity='0'>Generation: 9431 (969.773299748111, 98.47% (385))</item>
<item created='11/30/2019 14:05:56' severity='0'>Generation: 9945 (969.773299748111, 98.47% (385))</item>
<item created='11/30/2019 14:05:58' severity='0'>Generation: 10458 (969.773299748111, 98.47% (385))</item>
<item created='11/30/2019 14:06:00' severity='0'>Generation: 10975 (969.773299748111, 98.47% (385))</item>
<item created='11/30/2019 14:06:02' severity='0'>Generation: 11520 (969.773299748111, 98.47% (385))</item>
<item created='11/30/2019 14:06:04' severity='0'>Generation: 12065 (969.773299748111, 98.47% (385))</item>
<item created='11/30/2019 14:06:06' severity='0'>Generation: 12643 (969.773299748111, 98.47% (385))</item>
<item created='11/30/2019 14:06:08' severity='0'>Generation: 13216 (969.773299748111, 98.47% (385))</item>
<item created='11/30/2019 14:06:10' severity='0'>Generation: 13757 (969.773299748111, 98.47% (385))</item>
<item created='11/30/2019 14:06:12' severity='0'>Generation: 14297 (969.773299748111, 98.47% (385))</item>
<item created='11/30/2019 14:06:14' severity='0'>Generation: 14828 (969.773299748111, 98.47% (385))</item>
<item created='11/30/2019 14:06:16' severity='0'>Generation: 15363 (969.773299748111, 98.47% (385))</item>
<item created='11/30/2019 14:06:18' severity='0'>Generation: 15924 (969.773299748111, 98.47% (385))</item>
<item created='11/30/2019 14:06:20' severity='0'>Generation: 16475 (969.773299748111, 98.47% (385))</item>
<item created='11/30/2019 14:06:22' severity='0'>Generation: 17022 (969.773299748111, 98.47% (385))</item>
<item created='11/30/2019 14:06:24' severity='0'>Generation: 17574 (969.773299748111, 98.47% (385))</item>
<item created='11/30/2019 14:06:26' severity='0'>Generation: 18138 (969.773299748111, 98.47% (385))</item>
<item created='11/30/2019 14:06:28' severity='0'>Generation: 18694 (974.747474747475, 98.72% (386))</item>
<item created='11/30/2019 14:06:30' severity='0'>Generation: 19231 (974.747474747475, 98.72% (386))</item>
<item created='11/30/2019 14:06:32' severity='0'>Generation: 19761 (974.747474747475, 98.72% (386))</item>
<item created='11/30/2019 14:06:32' severity='0'>Finished run.</item>
<item created='11/30/2019 14:06:32' severity='0'>Models created: 16</item>
<item created='11/30/2019 14:06:32' severity='0'>Models: 16</item>
<item created='11/30/2019 14:06:32' severity='0'>Last Model: 16</item>
<item created='11/30/2019 14:06:32' severity='0'>Generation: 18680</item>
<item created='11/30/2019 14:06:32' severity='0'>Training Fitness: 974.747474747475</item>
<item created='11/30/2019 14:06:32' severity='0'>Training Accuracy: 98.72%</item>
<item created='11/30/2019 14:06:33' severity='0'>Success</item>
<item created='11/30/2019 14:06:33' severity='0'>Loading run file... vote_1_6_6\vote_template_classification_000001.gep</item>
<item created='11/30/2019 14:06:33' severity='0'>Initializing tests for all models...</item>
<item created='11/30/2019 14:06:33' severity='0'>Testing model 1 on the Validation Set with 44 records..............</item>
<item created='11/30/2019 14:06:33' severity='0'>Testing model 2 on the Validation Set with 44 records..............</item>
<item created='11/30/2019 14:06:33' severity='0'>Testing model 3 on the Validation Set with 44 records..............</item>
<item created='11/30/2019 14:06:33' severity='0'>Testing model 4 on the Validation Set with 44 records..............</item>
<item created='11/30/2019 14:06:33' severity='0'>Testing model 5 on the Validation Set with 44 records..............</item>
<item created='11/30/2019 14:06:33' severity='0'>Testing model 6 on the Validation Set with 44 records..............</item>
<item created='11/30/2019 14:06:33' severity='0'>Testing model 7 on the Validation Set with 44 records..............</item>
<item created='11/30/2019 14:06:33' severity='0'>Testing model 8 on the Validation Set with 44 records..............</item>
<item created='11/30/2019 14:06:33' severity='0'>Testing model 9 on the Validation Set with 44 records..............</item>
<item created='11/30/2019 14:06:33' severity='0'>Testing model 10 on the Validation Set with 44 records..............</item>
<item created='11/30/2019 14:06:33' severity='0'>Testing model 11 on the Validation Set with 44 records..............</item>
<item created='11/30/2019 14:06:33' severity='0'>Testing model 12 on the Validation Set with 44 records..............</item>
<item created='11/30/2019 14:06:33' severity='0'>Testing model 13 on the Validation Set with 44 records..............</item>
<item created='11/30/2019 14:06:33' severity='0'>Testing model 14 on the Validation Set with 44 records..............</item>
<item created='11/30/2019 14:06:33' severity='0'>Testing model 15 on the Validation Set with 44 records..............</item>
<item created='11/30/2019 14:06:33' severity='0'>Testing model 16 on the Validation Set with 44 records..............</item>
<item created='11/30/2019 14:06:33' severity='0'>Success</item>
</log>
