<report id="0"><run id="1" name="vote_template_classification_000001.gep"><value key="HasTestingSet" datatype="3" valuetype="0">1</value><value key="TrainFitness" datatype="5" valuetype="1" ModelId="1">861.904761904762</value><value key="TrainFitness" datatype="5" valuetype="1" ModelId="2">884.33734939759</value><value key="TrainFitness" datatype="5" valuetype="1" ModelId="3">893.462469733656</value><value key="TrainFitness" datatype="5" valuetype="1" ModelId="4">907.317073170732</value><value key="TrainFitness" datatype="5" valuetype="1" ModelId="5">916.666666666667</value><value key="TrainFitness" datatype="5" valuetype="1" ModelId="6">921.375921375921</value><value key="TrainFitness" datatype="5" valuetype="1" ModelId="7">926.108374384236</value><value key="TrainFitness" datatype="5" valuetype="1" ModelId="8">930.864197530864</value><value key="TrainFitness" datatype="5" valuetype="1" ModelId="9">940.446650124069</value><value key="TrainFitness" datatype="5" valuetype="1" ModelId="10">945.273631840796</value><value key="TrainFitness" datatype="5" valuetype="1" ModelId="11">950.124688279302</value><value key="TrainFitness" datatype="5" valuetype="1" ModelId="12">955</value><value key="TrainFitness" datatype="5" valuetype="1" ModelId="13">959.899749373434</value><value key="TrainFitness" datatype="5" valuetype="1" ModelId="14">964.824120603015</value><value key="TrainFitness" datatype="5" valuetype="1" ModelId="15">969.773299748111</value><value key="TrainFitness" datatype="5" valuetype="1" ModelId="16">974.747474747475</value><value key="TrainAccuracy" datatype="5" valuetype="1" ModelId="1">92.58</value><value key="TrainAccuracy" datatype="5" valuetype="1" ModelId="2">93.86</value><value key="TrainAccuracy" datatype="5" valuetype="1" ModelId="3">94.37</value><value key="TrainAccuracy" datatype="5" valuetype="1" ModelId="4">95.14</value><value key="TrainAccuracy" datatype="5" valuetype="1" ModelId="5">95.65</value><value key="TrainAccuracy" datatype="5" valuetype="1" ModelId="6">95.91</value><value key="TrainAccuracy" datatype="5" valuetype="1" ModelId="7">96.16</value><value key="TrainAccuracy" datatype="5" valuetype="1" ModelId="8">96.42</value><value key="TrainAccuracy" datatype="5" valuetype="1" ModelId="9">96.93</value><value key="TrainAccuracy" datatype="5" valuetype="1" ModelId="10">97.19</value><value key="TrainAccuracy" datatype="5" valuetype="1" ModelId="11">97.44</value><value key="TrainAccuracy" datatype="5" valuetype="1" ModelId="12">97.7</value><value key="TrainAccuracy" datatype="5" valuetype="1" ModelId="13">97.95</value><value key="TrainAccuracy" datatype="5" valuetype="1" ModelId="14">98.21</value><value key="TrainAccuracy" datatype="5" valuetype="1" ModelId="15">98.47</value><value key="TrainAccuracy" datatype="5" valuetype="1" ModelId="16">98.72</value><value key="TestFitness" datatype="5" valuetype="1" ModelId="1">542.857142857143</value><value key="TestFitness" datatype="5" valuetype="1" ModelId="2">694.444444444444</value><value key="TestFitness" datatype="5" valuetype="1" ModelId="3">694.444444444444</value><value key="TestFitness" datatype="5" valuetype="1" ModelId="4">483.660130718954</value><value key="TestFitness" datatype="5" valuetype="1" ModelId="5">694.444444444444</value><value key="TestFitness" datatype="5" valuetype="1" ModelId="6">793.036750483559</value><value key="TestFitness" datatype="5" valuetype="1" ModelId="7">694.444444444444</value><value key="TestFitness" datatype="5" valuetype="1" ModelId="8">793.036750483559</value><value key="TestFitness" datatype="5" valuetype="1" ModelId="9">694.444444444444</value><value key="TestFitness" datatype="5" valuetype="1" ModelId="10">793.036750483559</value><value key="TestFitness" datatype="5" valuetype="1" ModelId="11">694.444444444444</value><value key="TestFitness" datatype="5" valuetype="1" ModelId="12">694.444444444444</value><value key="TestFitness" datatype="5" valuetype="1" ModelId="13">694.444444444444</value><value key="TestFitness" datatype="5" valuetype="1" ModelId="14">694.444444444444</value><value key="TestFitness" datatype="5" valuetype="1" ModelId="15">793.036750483559</value><value key="TestFitness" datatype="5" valuetype="1" ModelId="16">830.0395256917</value><value key="TestAccuracy" datatype="5" valuetype="1" ModelId="1">86.36</value><value key="TestAccuracy" datatype="5" valuetype="1" ModelId="2">90.91</value><value key="TestAccuracy" datatype="5" valuetype="1" ModelId="3">90.91</value><value key="TestAccuracy" datatype="5" valuetype="1" ModelId="4">84.09</value><value key="TestAccuracy" datatype="5" valuetype="1" ModelId="5">90.91</value><value key="TestAccuracy" datatype="5" valuetype="1" ModelId="6">93.18</value><value key="TestAccuracy" datatype="5" valuetype="1" ModelId="7">90.91</value><value key="TestAccuracy" datatype="5" valuetype="1" ModelId="8">93.18</value><value key="TestAccuracy" datatype="5" valuetype="1" ModelId="9">90.91</value><value key="TestAccuracy" datatype="5" valuetype="1" ModelId="10">93.18</value><value key="TestAccuracy" datatype="5" valuetype="1" ModelId="11">90.91</value><value key="TestAccuracy" datatype="5" valuetype="1" ModelId="12">90.91</value><value key="TestAccuracy" datatype="5" valuetype="1" ModelId="13">90.91</value><value key="TestAccuracy" datatype="5" valuetype="1" ModelId="14">90.91</value><value key="TestAccuracy" datatype="5" valuetype="1" ModelId="15">93.18</value><value key="TestAccuracy" datatype="5" valuetype="1" ModelId="16">95.45</value><value key="Size" datatype="3" valuetype="1" ModelId="1">16</value><value key="Size" datatype="3" valuetype="1" ModelId="2">16</value><value key="Size" datatype="3" valuetype="1" ModelId="3">16</value><value key="Size" datatype="3" valuetype="1" ModelId="4">14</value><value key="Size" datatype="3" valuetype="1" ModelId="5">14</value><value key="Size" datatype="3" valuetype="1" ModelId="6">13</value><value key="Size" datatype="3" valuetype="1" ModelId="7">18</value><value key="Size" datatype="3" valuetype="1" ModelId="8">18</value><value key="Size" datatype="3" valuetype="1" ModelId="9">17</value><value key="Size" datatype="3" valuetype="1" ModelId="10">17</value><value key="Size" datatype="3" valuetype="1" ModelId="11">18</value><value key="Size" datatype="3" valuetype="1" ModelId="12">18</value><value key="Size" datatype="3" valuetype="1" ModelId="13">18</value><value key="Size" datatype="3" valuetype="1" ModelId="14">18</value><value key="Size" datatype="3" valuetype="1" ModelId="15">18</value><value key="Size" datatype="3" valuetype="1" ModelId="16">16</value><value key="Generation" datatype="5" valuetype="1" ModelId="1">0</value><value key="Generation" datatype="5" valuetype="1" ModelId="2">2</value><value key="Generation" datatype="5" valuetype="1" ModelId="3">14</value><value key="Generation" datatype="5" valuetype="1" ModelId="4">22</value><value key="Generation" datatype="5" valuetype="1" ModelId="5">28</value><value key="Generation" datatype="5" valuetype="1" ModelId="6">59</value><value key="Generation" datatype="5" valuetype="1" ModelId="7">155</value><value key="Generation" datatype="5" valuetype="1" ModelId="8">158</value><value key="Generation" datatype="5" valuetype="1" ModelId="9">200</value><value key="Generation" datatype="5" valuetype="1" ModelId="10">201</value><value key="Generation" datatype="5" valuetype="1" ModelId="11">418</value><value key="Generation" datatype="5" valuetype="1" ModelId="12">459</value><value key="Generation" datatype="5" valuetype="1" ModelId="13">991</value><value key="Generation" datatype="5" valuetype="1" ModelId="14">1441</value><value key="Generation" datatype="5" valuetype="1" ModelId="15">2267</value><value key="Generation" datatype="5" valuetype="1" ModelId="16">18680</value><value key="RunIndex" datatype="5" valuetype="1" ModelId="1">1</value><value key="RunIndex" datatype="5" valuetype="1" ModelId="2">1</value><value key="RunIndex" datatype="5" valuetype="1" ModelId="3">1</value><value key="RunIndex" datatype="5" valuetype="1" ModelId="4">1</value><value key="RunIndex" datatype="5" valuetype="1" ModelId="5">1</value><value key="RunIndex" datatype="5" valuetype="1" ModelId="6">1</value><value key="RunIndex" datatype="5" valuetype="1" ModelId="7">1</value><value key="RunIndex" datatype="5" valuetype="1" ModelId="8">1</value><value key="RunIndex" datatype="5" valuetype="1" ModelId="9">1</value><value key="RunIndex" datatype="5" valuetype="1" ModelId="10">1</value><value key="RunIndex" datatype="5" valuetype="1" ModelId="11">1</value><value key="RunIndex" datatype="5" valuetype="1" ModelId="12">1</value><value key="RunIndex" datatype="5" valuetype="1" ModelId="13">1</value><value key="RunIndex" datatype="5" valuetype="1" ModelId="14">1</value><value key="RunIndex" datatype="5" valuetype="1" ModelId="15">1</value><value key="RunIndex" datatype="5" valuetype="1" ModelId="16">1</value><value key="Literals" datatype="3" valuetype="-1" ModelId="1">7</value><value key="Variables" datatype="8" valuetype="-1" ModelId="1">physician-fee-freeze_n_min(1), anti-satellite-test-ban_u_min(1), aid-to-nicaraguan-contras_u_min(1), duty-free-exports_y_min(1), handicapped-infants_y_max(1), el-salvador-aid_u_max(1), duty-free-exports_y_max(1)</value><value key="Literals" datatype="3" valuetype="-1" ModelId="2">6</value><value key="Variables" datatype="8" valuetype="-1" ModelId="2">physician-fee-freeze_n_min(1), anti-satellite-test-ban_u_min(1), duty-free-exports_y_min(1), handicapped-infants_y_max(1), el-salvador-aid_u_max(1), duty-free-exports_y_max(1)</value><value key="Literals" datatype="3" valuetype="-1" ModelId="3">7</value><value key="Variables" datatype="8" valuetype="-1" ModelId="3">physician-fee-freeze_n_min(1), anti-satellite-test-ban_u_min(1), duty-free-exports_y_min(1), el-salvador-aid_u_max(1), mx-missile_n_max(1), synfuels-corporation-cutback_u_max(1), duty-free-exports_y_max(1)</value><value key="Literals" datatype="3" valuetype="-1" ModelId="4">6</value><value key="Variables" datatype="8" valuetype="-1" ModelId="4">physician-fee-freeze_n_min(1), anti-satellite-test-ban_u_min(1), aid-to-nicaraguan-contras_n_min(1), synfuels-corporation-cutback_y_min(2), mx-missile_n_max(1)</value><value key="Literals" datatype="3" valuetype="-1" ModelId="5">6</value><value key="Variables" datatype="8" valuetype="-1" ModelId="5">physician-fee-freeze_n_min(1), anti-satellite-test-ban_u_min(1), aid-to-nicaraguan-contras_n_min(1), synfuels-corporation-cutback_y_min(2), mx-missile_n_max(1)</value><value key="Literals" datatype="3" valuetype="-1" ModelId="6">5</value><value key="Variables" datatype="8" valuetype="-1" ModelId="6">physician-fee-freeze_n_min(2), synfuels-corporation-cutback_y_min(1), mx-missile_n_max(2)</value><value key="Literals" datatype="3" valuetype="-1" ModelId="7">6</value><value key="Variables" datatype="8" valuetype="-1" ModelId="7">physician-fee-freeze_n_min(3), synfuels-corporation-cutback_y_min(1), physician-fee-freeze_y_max(1), anti-satellite-test-ban_u_max(1)</value><value key="Literals" datatype="3" valuetype="-1" ModelId="8">7</value><value key="Variables" datatype="8" valuetype="-1" ModelId="8">physician-fee-freeze_n_min(3), synfuels-corporation-cutback_y_min(1), education-spending_n_min(1), anti-satellite-test-ban_u_max(1), mx-missile_n_max(1)</value><value key="Literals" datatype="3" valuetype="-1" ModelId="9">8</value><value key="Variables" datatype="8" valuetype="-1" ModelId="9">physician-fee-freeze_n_min(3), physician-fee-freeze_u_min(1), synfuels-corporation-cutback_y_min(1), education-spending_n_min(1), anti-satellite-test-ban_u_max(1), mx-missile_n_max(1)</value><value key="Literals" datatype="3" valuetype="-1" ModelId="10">8</value><value key="Variables" datatype="8" valuetype="-1" ModelId="10">physician-fee-freeze_n_min(3), physician-fee-freeze_u_min(1), synfuels-corporation-cutback_y_min(1), education-spending_n_min(1), aid-to-nicaraguan-contras_u_max(1), mx-missile_n_max(1)</value><value key="Literals" datatype="3" valuetype="-1" ModelId="11">10</value><value key="Variables" datatype="8" valuetype="-1" ModelId="11">adoption-of-the-budget-resolution_y_min(1), physician-fee-freeze_n_min(1), physician-fee-freeze_u_min(1), immigration_n_min(1), synfuels-corporation-cutback_y_min(1), education-spending_n_min(1), physician-fee-freeze_y_max(2), aid-to-nicaraguan-contras_u_max(1), mx-missile_n_max(1)</value><value key="Literals" datatype="3" valuetype="-1" ModelId="12">11</value><value key="Variables" datatype="8" valuetype="-1" ModelId="12">adoption-of-the-budget-resolution_y_min(2), immigration_n_min(2), synfuels-corporation-cutback_y_min(1), education-spending_n_min(1), physician-fee-freeze_y_max(3), mx-missile_n_max(2)</value><value key="Literals" datatype="3" valuetype="-1" ModelId="13">12</value><value key="Variables" datatype="8" valuetype="-1" ModelId="13">adoption-of-the-budget-resolution_y_min(2), religious-groups-in-schools_u_min(1), aid-to-nicaraguan-contras_n_min(1), immigration_n_min(1), synfuels-corporation-cutback_y_min(1), education-spending_n_min(1), physician-fee-freeze_y_max(3), mx-missile_n_max(2)</value><value key="Literals" datatype="3" valuetype="-1" ModelId="14">10</value><value key="Variables" datatype="8" valuetype="-1" ModelId="14">adoption-of-the-budget-resolution_y_min(2), aid-to-nicaraguan-contras_n_min(1), immigration_n_min(1), synfuels-corporation-cutback_y_min(1), education-spending_n_min(1), adoption-of-the-budget-resolution_u_max(1), physician-fee-freeze_y_max(2), mx-missile_n_max(1)</value><value key="Literals" datatype="3" valuetype="-1" ModelId="15">10</value><value key="Variables" datatype="8" valuetype="-1" ModelId="15">adoption-of-the-budget-resolution_y_min(2), aid-to-nicaraguan-contras_n_min(1), mx-missile_y_min(1), immigration_n_min(1), synfuels-corporation-cutback_y_min(1), education-spending_n_min(1), adoption-of-the-budget-resolution_u_max(1), physician-fee-freeze_y_max(2)</value><value key="Literals" datatype="3" valuetype="-1" ModelId="16">11</value><value key="Variables" datatype="8" valuetype="-1" ModelId="16">adoption-of-the-budget-resolution_y_min(1), aid-to-nicaraguan-contras_n_min(1), mx-missile_y_min(2), immigration_n_min(1), synfuels-corporation-cutback_y_min(1), export-administration-act-south-africa_y_min(1), handicapped-infants_u_max(1), adoption-of-the-budget-resolution_u_max(1), physician-fee-freeze_y_max(2)</value><value key="VariableImportance" datatype="8" valuetype="-1" ModelId="16">adoption-of-the-budget-resolution_y_min(7.93012034965214E-02), aid-to-nicaraguan-contras_n_min(2.27268286384296E-02), mx-missile_y_min(0.147796065150397), immigration_n_min(8.63970965212973E-03), synfuels-corporation-cutback_y_min(3.54081731838117E-02), export-administration-act-south-africa_y_min(1.10774593698134E-03), handicapped-infants_u_max(2.06429058884259E-03), adoption-of-the-budget-resolution_u_max(1.00282502257925E-03), physician-fee-freeze_y_max(0.701953158330308)</value></run></report>
