<summary><value key="AverageTrainFitness" datatype="5" valuetype="4">974.747474747475</value><value key="AverageTrainRSQuare" datatype="5" valuetype="4">0.809442408262884</value><value key="AverageTrainAccuracy" datatype="5" valuetype="4">98.72</value><value key="MaxTrainFitness" datatype="5" valuetype="4">1000</value><value key="MaxTestFitness" datatype="5" valuetype="4">1000</value><value key="TrainSuccessCount" datatype="3" valuetype="4">0</value><value key="TrainSuccessRate" datatype="5" valuetype="4">0</value><value key="BestTrainFitness" datatype="5" valuetype="4">974.747474747475</value><value key="BestTrainFitnessRun" datatype="3" valuetype="4">1</value><value key="BestTrainFitnessHistory" datatype="3" valuetype="4">1</value><value key="BestTrainFitnessModelId" datatype="3" valuetype="4">16</value><value key="BestTrainFitnessModelSize" datatype="3" valuetype="4">16</value><value key="BestTrainFitnessModelLiterals" datatype="3" valuetype="4">11</value><value key="BestTrainFitnessModelTerminals" datatype="8" valuetype="4">adoption-of-the-budget-resolution_y_min(1), aid-to-nicaraguan-contras_n_min(1), mx-missile_y_min(2), immigration_n_min(1), synfuels-corporation-cutback_y_min(1), export-administration-act-south-africa_y_min(1), handicapped-infants_u_max(1), adoption-of-the-budget-resolution_u_max(1), physician-fee-freeze_y_max(2)</value><value key="BestTrainFitnessModelVariableImportance" datatype="8" valuetype="4">adoption-of-the-budget-resolution_y_min(8.45114446736787E-02), aid-to-nicaraguan-contras_n_min(2.17402471645037E-02), mx-missile_y_min(0.131635988489196), immigration_n_min(2.03217588283113E-02), synfuels-corporation-cutback_y_min(4.74704974272425E-02), export-administration-act-south-africa_y_min(5.4360778550266E-04), handicapped-infants_u_max(2.56292363774661E-03), adoption-of-the-budget-resolution_u_max(5.62821073598466E-04), physician-fee-freeze_y_max(0.69065071092022)</value><value key="BestTrainAccuracy" datatype="5" valuetype="4">98.72</value><value key="BestTrainAccuracyRun" datatype="3" valuetype="4">1</value><value key="BestTrainAccuracyHistory" datatype="3" valuetype="4">1</value><value key="BestTrainAccuracyModelId" datatype="3" valuetype="4">16</value><value key="BestTrainAccuracyModelSize" datatype="3" valuetype="4">16</value><value key="BestTrainAccuracyModelLiterals" datatype="3" valuetype="4">11</value><value key="BestTrainAccuracyModelTerminals" datatype="8" valuetype="4">adoption-of-the-budget-resolution_y_min(1), aid-to-nicaraguan-contras_n_min(1), mx-missile_y_min(2), immigration_n_min(1), synfuels-corporation-cutback_y_min(1), export-administration-act-south-africa_y_min(1), handicapped-infants_u_max(1), adoption-of-the-budget-resolution_u_max(1), physician-fee-freeze_y_max(2)</value><value key="BestTrainAccuracyModelVariableImportance" datatype="8" valuetype="4">adoption-of-the-budget-resolution_y_min(8.45114446736787E-02), aid-to-nicaraguan-contras_n_min(2.17402471645037E-02), mx-missile_y_min(0.131635988489196), immigration_n_min(2.03217588283113E-02), synfuels-corporation-cutback_y_min(4.74704974272425E-02), export-administration-act-south-africa_y_min(5.4360778550266E-04), handicapped-infants_u_max(2.56292363774661E-03), adoption-of-the-budget-resolution_u_max(5.62821073598466E-04), physician-fee-freeze_y_max(0.69065071092022)</value><value key="BestTrainRSQuare" datatype="5" valuetype="4">0.809442408262884</value><value key="BestTrainRSQuareRun" datatype="3" valuetype="4">1</value><value key="BestTrainRSQuareHistory" datatype="3" valuetype="4">1</value><value key="BestTrainRSQuareModelId" datatype="3" valuetype="4">16</value><value key="BestTrainRSQuareModelSize" datatype="3" valuetype="4">16</value><value key="BestTrainRSQuareModelLiterals" datatype="3" valuetype="4">11</value><value key="BestTrainRSQuareModelTerminals" datatype="8" valuetype="4">adoption-of-the-budget-resolution_y_min(1), aid-to-nicaraguan-contras_n_min(1), mx-missile_y_min(2), immigration_n_min(1), synfuels-corporation-cutback_y_min(1), export-administration-act-south-africa_y_min(1), handicapped-infants_u_max(1), adoption-of-the-budget-resolution_u_max(1), physician-fee-freeze_y_max(2)</value><value key="BestTrainRSQuareModelVariableImportance" datatype="8" valuetype="4">adoption-of-the-budget-resolution_y_min(8.45114446736787E-02), aid-to-nicaraguan-contras_n_min(2.17402471645037E-02), mx-missile_y_min(0.131635988489196), immigration_n_min(2.03217588283113E-02), synfuels-corporation-cutback_y_min(4.74704974272425E-02), export-administration-act-south-africa_y_min(5.4360778550266E-04), handicapped-infants_u_max(2.56292363774661E-03), adoption-of-the-budget-resolution_u_max(5.62821073598466E-04), physician-fee-freeze_y_max(0.69065071092022)</value><value key="TestSuccessCount" datatype="3" valuetype="4">0</value><value key="TestSuccessRate" datatype="5" valuetype="4">0</value><value key="AverageTestFitness" datatype="5" valuetype="4">830.0395256917</value><value key="AverageTestRSQuare" datatype="5" valuetype="4">0.706942063690214</value><value key="AverageTestAccuracy" datatype="5" valuetype="4">95.45</value><value key="BestTestFitness" datatype="5" valuetype="4">830.0395256917</value><value key="BestTestFitnessRun" datatype="3" valuetype="4">1</value><value key="BestTestFitnessHistory" datatype="3" valuetype="4">1</value><value key="BestTestFitnessModelId" datatype="3" valuetype="4">16</value><value key="BestTestFitnessModelSize" datatype="3" valuetype="4">16</value><value key="BestTestFitnessModelLiterals" datatype="3" valuetype="4">11</value><value key="BestTestFitnessModelTerminals" datatype="8" valuetype="4">adoption-of-the-budget-resolution_y_min(1), aid-to-nicaraguan-contras_n_min(1), mx-missile_y_min(2), immigration_n_min(1), synfuels-corporation-cutback_y_min(1), export-administration-act-south-africa_y_min(1), handicapped-infants_u_max(1), adoption-of-the-budget-resolution_u_max(1), physician-fee-freeze_y_max(2)</value><value key="BestTestFitnessModelVariableImportance" datatype="8" valuetype="4">adoption-of-the-budget-resolution_y_min(0.121281576656572), aid-to-nicaraguan-contras_n_min(4.15038014588637E-02), mx-missile_y_min(0.118700059243042), immigration_n_min(0.047134847539393), synfuels-corporation-cutback_y_min(0.111323832504836), export-administration-act-south-africa_y_min(5.30869474223264E-02), handicapped-infants_u_max(5.87356564193181E-02), adoption-of-the-budget-resolution_u_max(5.88723994001184E-02), physician-fee-freeze_y_max(0.38936087935553)</value><value key="BestTestAccuracy" datatype="5" valuetype="4">95.45</value><value key="BestTestAccuracyRun" datatype="3" valuetype="4">1</value><value key="BestTestAccuracyHistory" datatype="3" valuetype="4">1</value><value key="BestTestAccuracyModelId" datatype="3" valuetype="4">16</value><value key="BestTestAccuracyModelSize" datatype="3" valuetype="4">16</value><value key="BestTestAccuracyModelLiterals" datatype="3" valuetype="4">11</value><value key="BestTestAccuracyModelTerminals" datatype="8" valuetype="4">adoption-of-the-budget-resolution_y_min(1), aid-to-nicaraguan-contras_n_min(1), mx-missile_y_min(2), immigration_n_min(1), synfuels-corporation-cutback_y_min(1), export-administration-act-south-africa_y_min(1), handicapped-infants_u_max(1), adoption-of-the-budget-resolution_u_max(1), physician-fee-freeze_y_max(2)</value><value key="BestTestAccuracyModelVariableImportance" datatype="8" valuetype="4">adoption-of-the-budget-resolution_y_min(0.121281576656572), aid-to-nicaraguan-contras_n_min(4.15038014588637E-02), mx-missile_y_min(0.118700059243042), immigration_n_min(0.047134847539393), synfuels-corporation-cutback_y_min(0.111323832504836), export-administration-act-south-africa_y_min(5.30869474223264E-02), handicapped-infants_u_max(5.87356564193181E-02), adoption-of-the-budget-resolution_u_max(5.88723994001184E-02), physician-fee-freeze_y_max(0.38936087935553)</value><value key="BestTestRSQuare" datatype="5" valuetype="4">0.706942063690214</value><value key="BestTestRSQuareRun" datatype="3" valuetype="4">1</value><value key="BestTestRSQuareHistory" datatype="3" valuetype="4">1</value><value key="BestTestRSQuareModelId" datatype="3" valuetype="4">16</value><value key="BestTestRSQuareModelSize" datatype="3" valuetype="4">16</value><value key="BestTestRSQuareModelLiterals" datatype="3" valuetype="4">11</value><value key="BestTestRSQuareModelTerminals" datatype="8" valuetype="4">adoption-of-the-budget-resolution_y_min(1), aid-to-nicaraguan-contras_n_min(1), mx-missile_y_min(2), immigration_n_min(1), synfuels-corporation-cutback_y_min(1), export-administration-act-south-africa_y_min(1), handicapped-infants_u_max(1), adoption-of-the-budget-resolution_u_max(1), physician-fee-freeze_y_max(2)</value><value key="BestTestRSQuareModelVariableImportance" datatype="8" valuetype="4">adoption-of-the-budget-resolution_y_min(0.121281576656572), aid-to-nicaraguan-contras_n_min(4.15038014588637E-02), mx-missile_y_min(0.118700059243042), immigration_n_min(0.047134847539393), synfuels-corporation-cutback_y_min(0.111323832504836), export-administration-act-south-africa_y_min(5.30869474223264E-02), handicapped-infants_u_max(5.87356564193181E-02), adoption-of-the-budget-resolution_u_max(5.88723994001184E-02), physician-fee-freeze_y_max(0.38936087935553)</value><value key="DefinitionFile" datatype="8" valuetype="4">../vote_1_6_6_jobdef.xml</value></summary>
