<report id="0"><run id="1" name="vote_template_classification_000001.gep"><value key="HasTestingSet" datatype="3" valuetype="0">1</value><value key="TrainFitness" datatype="5" valuetype="1" ModelId="1">641.025641025641</value><value key="TrainFitness" datatype="5" valuetype="1" ModelId="2">663.716814159292</value><value key="TrainFitness" datatype="5" valuetype="1" ModelId="3">677.75974025974</value><value key="TrainFitness" datatype="5" valuetype="1" ModelId="4">755.801575473707</value><value key="TrainFitness" datatype="5" valuetype="1" ModelId="5">911.980440097799</value><value key="TrainFitness" datatype="5" valuetype="1" ModelId="6">916.666666666667</value><value key="TrainFitness" datatype="5" valuetype="1" ModelId="7">921.375921375921</value><value key="TrainAccuracy" datatype="5" valuetype="1" ModelId="1">86.96</value><value key="TrainAccuracy" datatype="5" valuetype="1" ModelId="2">84.4</value><value key="TrainAccuracy" datatype="5" valuetype="1" ModelId="3">85.42</value><value key="TrainAccuracy" datatype="5" valuetype="1" ModelId="4">90.79</value><value key="TrainAccuracy" datatype="5" valuetype="1" ModelId="5">95.4</value><value key="TrainAccuracy" datatype="5" valuetype="1" ModelId="6">95.65</value><value key="TrainAccuracy" datatype="5" valuetype="1" ModelId="7">95.91</value><value key="TestFitness" datatype="5" valuetype="1" ModelId="1">568.513119533528</value><value key="TestFitness" datatype="5" valuetype="1" ModelId="2">913.04347826087</value><value key="TestFitness" datatype="5" valuetype="1" ModelId="3">955.555555555556</value><value key="TestFitness" datatype="5" valuetype="1" ModelId="4">955.555555555556</value><value key="TestFitness" datatype="5" valuetype="1" ModelId="5">955.555555555556</value><value key="TestFitness" datatype="5" valuetype="1" ModelId="6">955.555555555556</value><value key="TestFitness" datatype="5" valuetype="1" ModelId="7">955.555555555556</value><value key="TestAccuracy" datatype="5" valuetype="1" ModelId="1">88.64</value><value key="TestAccuracy" datatype="5" valuetype="1" ModelId="2">95.45</value><value key="TestAccuracy" datatype="5" valuetype="1" ModelId="3">97.73</value><value key="TestAccuracy" datatype="5" valuetype="1" ModelId="4">97.73</value><value key="TestAccuracy" datatype="5" valuetype="1" ModelId="5">97.73</value><value key="TestAccuracy" datatype="5" valuetype="1" ModelId="6">97.73</value><value key="TestAccuracy" datatype="5" valuetype="1" ModelId="7">97.73</value><value key="Size" datatype="3" valuetype="1" ModelId="1">5</value><value key="Size" datatype="3" valuetype="1" ModelId="2">5</value><value key="Size" datatype="3" valuetype="1" ModelId="3">4</value><value key="Size" datatype="3" valuetype="1" ModelId="4">5</value><value key="Size" datatype="3" valuetype="1" ModelId="5">5</value><value key="Size" datatype="3" valuetype="1" ModelId="6">6</value><value key="Size" datatype="3" valuetype="1" ModelId="7">6</value><value key="Generation" datatype="5" valuetype="1" ModelId="1">0</value><value key="Generation" datatype="5" valuetype="1" ModelId="2">2</value><value key="Generation" datatype="5" valuetype="1" ModelId="3">4</value><value key="Generation" datatype="5" valuetype="1" ModelId="4">13</value><value key="Generation" datatype="5" valuetype="1" ModelId="5">17</value><value key="Generation" datatype="5" valuetype="1" ModelId="6">2647</value><value key="Generation" datatype="5" valuetype="1" ModelId="7">3603</value><value key="RunIndex" datatype="5" valuetype="1" ModelId="1">1</value><value key="RunIndex" datatype="5" valuetype="1" ModelId="2">1</value><value key="RunIndex" datatype="5" valuetype="1" ModelId="3">1</value><value key="RunIndex" datatype="5" valuetype="1" ModelId="4">1</value><value key="RunIndex" datatype="5" valuetype="1" ModelId="5">1</value><value key="RunIndex" datatype="5" valuetype="1" ModelId="6">1</value><value key="RunIndex" datatype="5" valuetype="1" ModelId="7">1</value><value key="Literals" datatype="3" valuetype="-1" ModelId="1">3</value><value key="Variables" datatype="8" valuetype="-1" ModelId="1">physician-fee-freeze_u_min(1), el-salvador-aid_n_min(1), education-spending_y_max(1)</value><value key="Literals" datatype="3" valuetype="-1" ModelId="2">2</value><value key="Variables" datatype="8" valuetype="-1" ModelId="2">adoption-of-the-budget-resolution_y_min(1), physician-fee-freeze_u_max(1)</value><value key="Literals" datatype="3" valuetype="-1" ModelId="3">1</value><value key="Variables" datatype="8" valuetype="-1" ModelId="3">adoption-of-the-budget-resolution_y_min(1)</value><value key="Literals" datatype="3" valuetype="-1" ModelId="4">3</value><value key="Variables" datatype="8" valuetype="-1" ModelId="4">adoption-of-the-budget-resolution_y_min(1), physician-fee-freeze_y_max(1), education-spending_y_max(1)</value><value key="Literals" datatype="3" valuetype="-1" ModelId="5">2</value><value key="Variables" datatype="8" valuetype="-1" ModelId="5">adoption-of-the-budget-resolution_y_min(1), physician-fee-freeze_y_max(1)</value><value key="Literals" datatype="3" valuetype="-1" ModelId="6">4</value><value key="Variables" datatype="8" valuetype="-1" ModelId="6">physician-fee-freeze_n_min(2), physician-fee-freeze_y_max(1), religious-groups-in-schools_u_max(1)</value><value key="Literals" datatype="3" valuetype="-1" ModelId="7">3</value><value key="Variables" datatype="8" valuetype="-1" ModelId="7">physician-fee-freeze_n_min(1), physician-fee-freeze_y_max(1), mx-missile_u_max(1)</value><value key="VariableImportance" datatype="8" valuetype="-1" ModelId="7">physician-fee-freeze_n_min(0.501076126872446), physician-fee-freeze_y_max(0.484930914837877), mx-missile_u_max(0.013992958289677)</value></run></report>
