<log created='11/30/2019 13:24:46' name='vote_template_classification_000001'>
<item created='11/30/2019 13:24:46' severity='0'>Processing run 1...</item>
<item created='11/30/2019 13:24:46' severity='0'>Applied setting Genes (2)</item>
<item created='11/30/2019 13:24:46' severity='0'>Applied setting HeadSize (1)</item>
<item created='11/30/2019 13:24:46' severity='0'>Applied setting FitnessFunction (11)</item>
<item created='11/30/2019 13:24:46' severity='0'>Applied setting RoundingThreshold (0.5)</item>
<item created='11/30/2019 13:24:46' severity='0'>Changed function * to weight 2.</item>
<item created='11/30/2019 13:24:46' severity='0'>Loading data from file vote_TRAIN_fold_1.csv ...</item>
<item created='11/30/2019 13:24:47' severity='0'>Loading data from file vote_TEST_fold_1.csv ...</item>
<item created='11/30/2019 13:24:48' severity='0'>Loading run file... vote_1_2_1\vote_template_classification_000001.gep</item>
<item created='11/30/2019 13:24:48' severity='0'>Initializing run...</item>
<item created='11/30/2019 13:24:48' severity='0'>Training Set size: 391</item>
<item created='11/30/2019 13:24:48' severity='0'>Dataset loaded.</item>
<item created='11/30/2019 13:24:48' severity='0'>Starting...</item>
<item created='11/30/2019 13:24:48' severity='0'>Generation: 0 (641.025641025641, 86.96% (340))</item>
<item created='11/30/2019 13:24:50' severity='0'>Generation: 881 (911.980440097799, 95.40% (373))</item>
<item created='11/30/2019 13:24:52' severity='0'>Generation: 2028 (911.980440097799, 95.40% (373))</item>
<item created='11/30/2019 13:24:54' severity='0'>Generation: 3272 (916.666666666667, 95.65% (374))</item>
<item created='11/30/2019 13:24:56' severity='0'>Generation: 4549 (921.375921375921, 95.91% (375))</item>
<item created='11/30/2019 13:24:58' severity='0'>Generation: 5785 (921.375921375921, 95.91% (375))</item>
<item created='11/30/2019 13:25:00' severity='0'>Generation: 7088 (921.375921375921, 95.91% (375))</item>
<item created='11/30/2019 13:25:02' severity='0'>Generation: 8368 (921.375921375921, 95.91% (375))</item>
<item created='11/30/2019 13:25:04' severity='0'>Generation: 9622 (921.375921375921, 95.91% (375))</item>
<item created='11/30/2019 13:25:06' severity='0'>Generation: 10890 (921.375921375921, 95.91% (375))</item>
<item created='11/30/2019 13:25:08' severity='0'>Generation: 12047 (921.375921375921, 95.91% (375))</item>
<item created='11/30/2019 13:25:10' severity='0'>Generation: 13284 (921.375921375921, 95.91% (375))</item>
<item created='11/30/2019 13:25:12' severity='0'>Generation: 14616 (921.375921375921, 95.91% (375))</item>
<item created='11/30/2019 13:25:14' severity='0'>Generation: 15947 (921.375921375921, 95.91% (375))</item>
<item created='11/30/2019 13:25:16' severity='0'>Generation: 17250 (921.375921375921, 95.91% (375))</item>
<item created='11/30/2019 13:25:18' severity='0'>Generation: 18773 (921.375921375921, 95.91% (375))</item>
<item created='11/30/2019 13:25:19' severity='0'>Finished run.</item>
<item created='11/30/2019 13:25:19' severity='0'>Models created: 7</item>
<item created='11/30/2019 13:25:19' severity='0'>Models: 7</item>
<item created='11/30/2019 13:25:19' severity='0'>Last Model: 7</item>
<item created='11/30/2019 13:25:19' severity='0'>Generation: 3603</item>
<item created='11/30/2019 13:25:19' severity='0'>Training Fitness: 921.375921375921</item>
<item created='11/30/2019 13:25:19' severity='0'>Training Accuracy: 95.91%</item>
<item created='11/30/2019 13:25:19' severity='0'>Success</item>
<item created='11/30/2019 13:25:19' severity='0'>Loading run file... vote_1_2_1\vote_template_classification_000001.gep</item>
<item created='11/30/2019 13:25:20' severity='0'>Initializing tests for all models...</item>
<item created='11/30/2019 13:25:20' severity='0'>Testing model 1 on the Validation Set with 44 records..............</item>
<item created='11/30/2019 13:25:20' severity='0'>Testing model 2 on the Validation Set with 44 records..............</item>
<item created='11/30/2019 13:25:20' severity='0'>Testing model 3 on the Validation Set with 44 records..............</item>
<item created='11/30/2019 13:25:20' severity='0'>Testing model 4 on the Validation Set with 44 records..............</item>
<item created='11/30/2019 13:25:20' severity='0'>Testing model 5 on the Validation Set with 44 records..............</item>
<item created='11/30/2019 13:25:20' severity='0'>Testing model 6 on the Validation Set with 44 records..............</item>
<item created='11/30/2019 13:25:20' severity='0'>Testing model 7 on the Validation Set with 44 records..............</item>
<item created='11/30/2019 13:25:20' severity='0'>Success</item>
</log>
