<report id="0"><run id="1" name="vote_template_classification_000001.gep"><value key="HasTestingSet" datatype="3" valuetype="0">1</value><value key="TrainFitness" datatype="5" valuetype="1" ModelId="1">586.41975308642</value><value key="TrainFitness" datatype="5" valuetype="1" ModelId="2">608.407079646018</value><value key="TrainFitness" datatype="5" valuetype="1" ModelId="3">888.888888888889</value><value key="TrainFitness" datatype="5" valuetype="1" ModelId="4">907.317073170732</value><value key="TrainFitness" datatype="5" valuetype="1" ModelId="5">911.980440097799</value><value key="TrainFitness" datatype="5" valuetype="1" ModelId="6">916.666666666667</value><value key="TrainFitness" datatype="5" valuetype="1" ModelId="7">921.375921375921</value><value key="TrainFitness" datatype="5" valuetype="1" ModelId="8">926.108374384236</value><value key="TrainFitness" datatype="5" valuetype="1" ModelId="9">930.864197530864</value><value key="TrainAccuracy" datatype="5" valuetype="1" ModelId="1">82.61</value><value key="TrainAccuracy" datatype="5" valuetype="1" ModelId="2">84.4</value><value key="TrainAccuracy" datatype="5" valuetype="1" ModelId="3">94.12</value><value key="TrainAccuracy" datatype="5" valuetype="1" ModelId="4">95.14</value><value key="TrainAccuracy" datatype="5" valuetype="1" ModelId="5">95.4</value><value key="TrainAccuracy" datatype="5" valuetype="1" ModelId="6">95.65</value><value key="TrainAccuracy" datatype="5" valuetype="1" ModelId="7">95.91</value><value key="TrainAccuracy" datatype="5" valuetype="1" ModelId="8">96.16</value><value key="TrainAccuracy" datatype="5" valuetype="1" ModelId="9">96.42</value><value key="TestFitness" datatype="5" valuetype="1" ModelId="1">723.562152133581</value><value key="TestFitness" datatype="5" valuetype="1" ModelId="2">793.036750483559</value><value key="TestFitness" datatype="5" valuetype="1" ModelId="3">955.555555555556</value><value key="TestFitness" datatype="5" valuetype="1" ModelId="4">1000</value><value key="TestFitness" datatype="5" valuetype="1" ModelId="5">1000</value><value key="TestFitness" datatype="5" valuetype="1" ModelId="6">1000</value><value key="TestFitness" datatype="5" valuetype="1" ModelId="7">955.555555555556</value><value key="TestFitness" datatype="5" valuetype="1" ModelId="8">955.555555555556</value><value key="TestFitness" datatype="5" valuetype="1" ModelId="9">955.555555555556</value><value key="TestAccuracy" datatype="5" valuetype="1" ModelId="1">88.64</value><value key="TestAccuracy" datatype="5" valuetype="1" ModelId="2">93.18</value><value key="TestAccuracy" datatype="5" valuetype="1" ModelId="3">97.73</value><value key="TestAccuracy" datatype="5" valuetype="1" ModelId="4">100</value><value key="TestAccuracy" datatype="5" valuetype="1" ModelId="5">100</value><value key="TestAccuracy" datatype="5" valuetype="1" ModelId="6">100</value><value key="TestAccuracy" datatype="5" valuetype="1" ModelId="7">97.73</value><value key="TestAccuracy" datatype="5" valuetype="1" ModelId="8">97.73</value><value key="TestAccuracy" datatype="5" valuetype="1" ModelId="9">97.73</value><value key="Size" datatype="3" valuetype="1" ModelId="1">5</value><value key="Size" datatype="3" valuetype="1" ModelId="2">5</value><value key="Size" datatype="3" valuetype="1" ModelId="3">3</value><value key="Size" datatype="3" valuetype="1" ModelId="4">4</value><value key="Size" datatype="3" valuetype="1" ModelId="5">4</value><value key="Size" datatype="3" valuetype="1" ModelId="6">4</value><value key="Size" datatype="3" valuetype="1" ModelId="7">4</value><value key="Size" datatype="3" valuetype="1" ModelId="8">4</value><value key="Size" datatype="3" valuetype="1" ModelId="9">4</value><value key="Generation" datatype="5" valuetype="1" ModelId="1">0</value><value key="Generation" datatype="5" valuetype="1" ModelId="2">2</value><value key="Generation" datatype="5" valuetype="1" ModelId="3">4</value><value key="Generation" datatype="5" valuetype="1" ModelId="4">6</value><value key="Generation" datatype="5" valuetype="1" ModelId="5">1101</value><value key="Generation" datatype="5" valuetype="1" ModelId="6">1353</value><value key="Generation" datatype="5" valuetype="1" ModelId="7">1847</value><value key="Generation" datatype="5" valuetype="1" ModelId="8">2027</value><value key="Generation" datatype="5" valuetype="1" ModelId="9">2908</value><value key="RunIndex" datatype="5" valuetype="1" ModelId="1">1</value><value key="RunIndex" datatype="5" valuetype="1" ModelId="2">1</value><value key="RunIndex" datatype="5" valuetype="1" ModelId="3">1</value><value key="RunIndex" datatype="5" valuetype="1" ModelId="4">1</value><value key="RunIndex" datatype="5" valuetype="1" ModelId="5">1</value><value key="RunIndex" datatype="5" valuetype="1" ModelId="6">1</value><value key="RunIndex" datatype="5" valuetype="1" ModelId="7">1</value><value key="RunIndex" datatype="5" valuetype="1" ModelId="8">1</value><value key="RunIndex" datatype="5" valuetype="1" ModelId="9">1</value><value key="Literals" datatype="3" valuetype="-1" ModelId="1">3</value><value key="Variables" datatype="8" valuetype="-1" ModelId="1">el-salvador-aid_y_min(1), duty-free-exports_u_min(1), superfund-right-to-sue_y_max(1)</value><value key="Literals" datatype="3" valuetype="-1" ModelId="2">3</value><value key="Variables" datatype="8" valuetype="-1" ModelId="2">el-salvador-aid_y_min(1), religious-groups-in-schools_u_min(1), superfund-right-to-sue_y_max(1)</value><value key="Literals" datatype="3" valuetype="-1" ModelId="3">1</value><value key="Variables" datatype="8" valuetype="-1" ModelId="3">physician-fee-freeze_n_min(1)</value><value key="Literals" datatype="3" valuetype="-1" ModelId="4">1</value><value key="Variables" datatype="8" valuetype="-1" ModelId="4">physician-fee-freeze_y_max(1)</value><value key="Literals" datatype="3" valuetype="-1" ModelId="5">3</value><value key="Variables" datatype="8" valuetype="-1" ModelId="5">physician-fee-freeze_y_max(1), religious-groups-in-schools_u_max(1), aid-to-nicaraguan-contras_u_max(1)</value><value key="Literals" datatype="3" valuetype="-1" ModelId="6">3</value><value key="Variables" datatype="8" valuetype="-1" ModelId="6">physician-fee-freeze_y_max(1), religious-groups-in-schools_u_max(1), mx-missile_u_max(1)</value><value key="Literals" datatype="3" valuetype="-1" ModelId="7">3</value><value key="Variables" datatype="8" valuetype="-1" ModelId="7">adoption-of-the-budget-resolution_y_min(1), anti-satellite-test-ban_n_min(1), physician-fee-freeze_y_max(1)</value><value key="Literals" datatype="3" valuetype="-1" ModelId="8">3</value><value key="Variables" datatype="8" valuetype="-1" ModelId="8">adoption-of-the-budget-resolution_y_min(1), physician-fee-freeze_y_max(1), export-administration-act-south-africa_y_max(1)</value><value key="Literals" datatype="3" valuetype="-1" ModelId="9">3</value><value key="Variables" datatype="8" valuetype="-1" ModelId="9">adoption-of-the-budget-resolution_n_max(1), physician-fee-freeze_y_max(1), export-administration-act-south-africa_y_max(1)</value><value key="VariableImportance" datatype="8" valuetype="-1" ModelId="9">adoption-of-the-budget-resolution_n_max(0.238027224637528), physician-fee-freeze_y_max(0.75329882687409), export-administration-act-south-africa_y_max(8.67394848838217E-03)</value></run></report>
