<log created='11/30/2019 13:28:08' name='vote_template_classification_000001'>
<item created='11/30/2019 13:28:08' severity='0'>Processing run 1...</item>
<item created='11/30/2019 13:28:09' severity='0'>Applied setting Genes (2)</item>
<item created='11/30/2019 13:28:09' severity='0'>Applied setting HeadSize (1)</item>
<item created='11/30/2019 13:28:09' severity='0'>Applied setting FitnessFunction (11)</item>
<item created='11/30/2019 13:28:09' severity='0'>Applied setting RoundingThreshold (0.5)</item>
<item created='11/30/2019 13:28:09' severity='0'>Changed function * to weight 2.</item>
<item created='11/30/2019 13:28:09' severity='0'>Loading data from file vote_TRAIN_fold_7.csv ...</item>
<item created='11/30/2019 13:28:10' severity='0'>Loading data from file vote_TEST_fold_7.csv ...</item>
<item created='11/30/2019 13:28:11' severity='0'>Loading run file... vote_1_2_7\vote_template_classification_000001.gep</item>
<item created='11/30/2019 13:28:11' severity='0'>Initializing run...</item>
<item created='11/30/2019 13:28:11' severity='0'>Training Set size: 391</item>
<item created='11/30/2019 13:28:11' severity='0'>Dataset loaded.</item>
<item created='11/30/2019 13:28:11' severity='0'>Starting...</item>
<item created='11/30/2019 13:28:11' severity='0'>Generation: 0 (586.41975308642, 82.61% (323))</item>
<item created='11/30/2019 13:28:13' severity='0'>Generation: 1347 (911.980440097799, 95.40% (373))</item>
<item created='11/30/2019 13:28:15' severity='0'>Generation: 2798 (926.108374384236, 96.16% (376))</item>
<item created='11/30/2019 13:28:17' severity='0'>Generation: 4259 (930.864197530864, 96.42% (377))</item>
<item created='11/30/2019 13:28:19' severity='0'>Generation: 5704 (930.864197530864, 96.42% (377))</item>
<item created='11/30/2019 13:28:21' severity='0'>Generation: 7155 (930.864197530864, 96.42% (377))</item>
<item created='11/30/2019 13:28:23' severity='0'>Generation: 8623 (930.864197530864, 96.42% (377))</item>
<item created='11/30/2019 13:28:25' severity='0'>Generation: 10085 (930.864197530864, 96.42% (377))</item>
<item created='11/30/2019 13:28:27' severity='0'>Generation: 11544 (930.864197530864, 96.42% (377))</item>
<item created='11/30/2019 13:28:29' severity='0'>Generation: 12962 (930.864197530864, 96.42% (377))</item>
<item created='11/30/2019 13:28:31' severity='0'>Generation: 14289 (930.864197530864, 96.42% (377))</item>
<item created='11/30/2019 13:28:33' severity='0'>Generation: 15485 (930.864197530864, 96.42% (377))</item>
<item created='11/30/2019 13:28:35' severity='0'>Generation: 16719 (930.864197530864, 96.42% (377))</item>
<item created='11/30/2019 13:28:37' severity='0'>Generation: 17881 (930.864197530864, 96.42% (377))</item>
<item created='11/30/2019 13:28:39' severity='0'>Generation: 19166 (930.864197530864, 96.42% (377))</item>
<item created='11/30/2019 13:28:40' severity='0'>Finished run.</item>
<item created='11/30/2019 13:28:40' severity='0'>Models created: 9</item>
<item created='11/30/2019 13:28:40' severity='0'>Models: 9</item>
<item created='11/30/2019 13:28:40' severity='0'>Last Model: 9</item>
<item created='11/30/2019 13:28:40' severity='0'>Generation: 2908</item>
<item created='11/30/2019 13:28:40' severity='0'>Training Fitness: 930.864197530864</item>
<item created='11/30/2019 13:28:40' severity='0'>Training Accuracy: 96.42%</item>
<item created='11/30/2019 13:28:40' severity='0'>Success</item>
<item created='11/30/2019 13:28:40' severity='0'>Loading run file... vote_1_2_7\vote_template_classification_000001.gep</item>
<item created='11/30/2019 13:28:40' severity='0'>Initializing tests for all models...</item>
<item created='11/30/2019 13:28:40' severity='0'>Testing model 1 on the Validation Set with 44 records..............</item>
<item created='11/30/2019 13:28:40' severity='0'>Testing model 2 on the Validation Set with 44 records..............</item>
<item created='11/30/2019 13:28:40' severity='0'>Testing model 3 on the Validation Set with 44 records..............</item>
<item created='11/30/2019 13:28:40' severity='0'>Testing model 4 on the Validation Set with 44 records..............</item>
<item created='11/30/2019 13:28:40' severity='0'>Testing model 5 on the Validation Set with 44 records..............</item>
<item created='11/30/2019 13:28:40' severity='0'>Testing model 6 on the Validation Set with 44 records..............</item>
<item created='11/30/2019 13:28:40' severity='0'>Testing model 7 on the Validation Set with 44 records..............</item>
<item created='11/30/2019 13:28:40' severity='0'>Testing model 8 on the Validation Set with 44 records..............</item>
<item created='11/30/2019 13:28:40' severity='0'>Testing model 9 on the Validation Set with 44 records..............</item>
<item created='11/30/2019 13:28:41' severity='0'>Success</item>
</log>
