<log created='11/30/2019 13:27:01' name='vote_template_classification_000001'>
<item created='11/30/2019 13:27:01' severity='0'>Processing run 1...</item>
<item created='11/30/2019 13:27:01' severity='0'>Applied setting Genes (2)</item>
<item created='11/30/2019 13:27:01' severity='0'>Applied setting HeadSize (1)</item>
<item created='11/30/2019 13:27:01' severity='0'>Applied setting FitnessFunction (11)</item>
<item created='11/30/2019 13:27:01' severity='0'>Applied setting RoundingThreshold (0.5)</item>
<item created='11/30/2019 13:27:01' severity='0'>Changed function * to weight 2.</item>
<item created='11/30/2019 13:27:01' severity='0'>Loading data from file vote_TRAIN_fold_5.csv ...</item>
<item created='11/30/2019 13:27:02' severity='0'>Loading data from file vote_TEST_fold_5.csv ...</item>
<item created='11/30/2019 13:27:03' severity='0'>Loading run file... vote_1_2_5\vote_template_classification_000001.gep</item>
<item created='11/30/2019 13:27:03' severity='0'>Initializing run...</item>
<item created='11/30/2019 13:27:03' severity='0'>Training Set size: 391</item>
<item created='11/30/2019 13:27:03' severity='0'>Dataset loaded.</item>
<item created='11/30/2019 13:27:03' severity='0'>Starting...</item>
<item created='11/30/2019 13:27:03' severity='0'>Generation: 0 (595.760233918129, 83.38% (326))</item>
<item created='11/30/2019 13:27:05' severity='0'>Generation: 823 (916.666666666667, 95.65% (374))</item>
<item created='11/30/2019 13:27:07' severity='0'>Generation: 2083 (916.666666666667, 95.65% (374))</item>
<item created='11/30/2019 13:27:09' severity='0'>Generation: 3564 (916.666666666667, 95.65% (374))</item>
<item created='11/30/2019 13:27:11' severity='0'>Generation: 5030 (916.666666666667, 95.65% (374))</item>
<item created='11/30/2019 13:27:13' severity='0'>Generation: 6506 (916.666666666667, 95.65% (374))</item>
<item created='11/30/2019 13:27:15' severity='0'>Generation: 8010 (916.666666666667, 95.65% (374))</item>
<item created='11/30/2019 13:27:17' severity='0'>Generation: 9518 (916.666666666667, 95.65% (374))</item>
<item created='11/30/2019 13:27:19' severity='0'>Generation: 11002 (921.375921375921, 95.91% (375))</item>
<item created='11/30/2019 13:27:21' severity='0'>Generation: 12451 (926.108374384236, 96.16% (376))</item>
<item created='11/30/2019 13:27:23' severity='0'>Generation: 13933 (926.108374384236, 96.16% (376))</item>
<item created='11/30/2019 13:27:25' severity='0'>Generation: 15409 (926.108374384236, 96.16% (376))</item>
<item created='11/30/2019 13:27:27' severity='0'>Generation: 16874 (926.108374384236, 96.16% (376))</item>
<item created='11/30/2019 13:27:29' severity='0'>Generation: 18371 (926.108374384236, 96.16% (376))</item>
<item created='11/30/2019 13:27:31' severity='0'>Generation: 19828 (926.108374384236, 96.16% (376))</item>
<item created='11/30/2019 13:27:31' severity='0'>Finished run.</item>
<item created='11/30/2019 13:27:31' severity='0'>Models created: 10</item>
<item created='11/30/2019 13:27:31' severity='0'>Models: 10</item>
<item created='11/30/2019 13:27:31' severity='0'>Last Model: 10</item>
<item created='11/30/2019 13:27:31' severity='0'>Generation: 11332</item>
<item created='11/30/2019 13:27:31' severity='0'>Training Fitness: 926.108374384236</item>
<item created='11/30/2019 13:27:31' severity='0'>Training Accuracy: 96.16%</item>
<item created='11/30/2019 13:27:31' severity='0'>Success</item>
<item created='11/30/2019 13:27:31' severity='0'>Loading run file... vote_1_2_5\vote_template_classification_000001.gep</item>
<item created='11/30/2019 13:27:31' severity='0'>Initializing tests for all models...</item>
<item created='11/30/2019 13:27:31' severity='0'>Testing model 1 on the Validation Set with 44 records..............</item>
<item created='11/30/2019 13:27:31' severity='0'>Testing model 2 on the Validation Set with 44 records..............</item>
<item created='11/30/2019 13:27:31' severity='0'>Testing model 3 on the Validation Set with 44 records..............</item>
<item created='11/30/2019 13:27:31' severity='0'>Testing model 4 on the Validation Set with 44 records..............</item>
<item created='11/30/2019 13:27:31' severity='0'>Testing model 5 on the Validation Set with 44 records..............</item>
<item created='11/30/2019 13:27:31' severity='0'>Testing model 6 on the Validation Set with 44 records..............</item>
<item created='11/30/2019 13:27:31' severity='0'>Testing model 7 on the Validation Set with 44 records..............</item>
<item created='11/30/2019 13:27:31' severity='0'>Testing model 8 on the Validation Set with 44 records..............</item>
<item created='11/30/2019 13:27:31' severity='0'>Testing model 9 on the Validation Set with 44 records..............</item>
<item created='11/30/2019 13:27:31' severity='0'>Testing model 10 on the Validation Set with 44 records..............</item>
<item created='11/30/2019 13:27:31' severity='0'>Success</item>
</log>
