<report id="0"><run id="1" name="vote_template_classification_000001.gep"><value key="HasTestingSet" datatype="3" valuetype="0">1</value><value key="TrainFitness" datatype="5" valuetype="1" ModelId="1">595.760233918129</value><value key="TrainFitness" datatype="5" valuetype="1" ModelId="2">660.244832430263</value><value key="TrainFitness" datatype="5" valuetype="1" ModelId="3">755.801575473707</value><value key="TrainFitness" datatype="5" valuetype="1" ModelId="4">879.807692307692</value><value key="TrainFitness" datatype="5" valuetype="1" ModelId="5">884.33734939759</value><value key="TrainFitness" datatype="5" valuetype="1" ModelId="6">893.462469733656</value><value key="TrainFitness" datatype="5" valuetype="1" ModelId="7">907.317073170732</value><value key="TrainFitness" datatype="5" valuetype="1" ModelId="8">916.666666666667</value><value key="TrainFitness" datatype="5" valuetype="1" ModelId="9">921.375921375921</value><value key="TrainFitness" datatype="5" valuetype="1" ModelId="10">926.108374384236</value><value key="TrainAccuracy" datatype="5" valuetype="1" ModelId="1">83.38</value><value key="TrainAccuracy" datatype="5" valuetype="1" ModelId="2">84.14</value><value key="TrainAccuracy" datatype="5" valuetype="1" ModelId="3">90.79</value><value key="TrainAccuracy" datatype="5" valuetype="1" ModelId="4">93.61</value><value key="TrainAccuracy" datatype="5" valuetype="1" ModelId="5">93.86</value><value key="TrainAccuracy" datatype="5" valuetype="1" ModelId="6">94.37</value><value key="TrainAccuracy" datatype="5" valuetype="1" ModelId="7">95.14</value><value key="TrainAccuracy" datatype="5" valuetype="1" ModelId="8">95.65</value><value key="TrainAccuracy" datatype="5" valuetype="1" ModelId="9">95.91</value><value key="TrainAccuracy" datatype="5" valuetype="1" ModelId="10">96.16</value><value key="TestFitness" datatype="5" valuetype="1" ModelId="1">955.555555555556</value><value key="TestFitness" datatype="5" valuetype="1" ModelId="2">955.555555555556</value><value key="TestFitness" datatype="5" valuetype="1" ModelId="3">955.555555555556</value><value key="TestFitness" datatype="5" valuetype="1" ModelId="4">955.555555555556</value><value key="TestFitness" datatype="5" valuetype="1" ModelId="5">1000</value><value key="TestFitness" datatype="5" valuetype="1" ModelId="6">955.555555555556</value><value key="TestFitness" datatype="5" valuetype="1" ModelId="7">1000</value><value key="TestFitness" datatype="5" valuetype="1" ModelId="8">955.555555555556</value><value key="TestFitness" datatype="5" valuetype="1" ModelId="9">1000</value><value key="TestFitness" datatype="5" valuetype="1" ModelId="10">1000</value><value key="TestAccuracy" datatype="5" valuetype="1" ModelId="1">97.73</value><value key="TestAccuracy" datatype="5" valuetype="1" ModelId="2">97.73</value><value key="TestAccuracy" datatype="5" valuetype="1" ModelId="3">97.73</value><value key="TestAccuracy" datatype="5" valuetype="1" ModelId="4">97.73</value><value key="TestAccuracy" datatype="5" valuetype="1" ModelId="5">100</value><value key="TestAccuracy" datatype="5" valuetype="1" ModelId="6">97.73</value><value key="TestAccuracy" datatype="5" valuetype="1" ModelId="7">100</value><value key="TestAccuracy" datatype="5" valuetype="1" ModelId="8">97.73</value><value key="TestAccuracy" datatype="5" valuetype="1" ModelId="9">100</value><value key="TestAccuracy" datatype="5" valuetype="1" ModelId="10">100</value><value key="Size" datatype="3" valuetype="1" ModelId="1">6</value><value key="Size" datatype="3" valuetype="1" ModelId="2">6</value><value key="Size" datatype="3" valuetype="1" ModelId="3">6</value><value key="Size" datatype="3" valuetype="1" ModelId="4">6</value><value key="Size" datatype="3" valuetype="1" ModelId="5">6</value><value key="Size" datatype="3" valuetype="1" ModelId="6">6</value><value key="Size" datatype="3" valuetype="1" ModelId="7">6</value><value key="Size" datatype="3" valuetype="1" ModelId="8">6</value><value key="Size" datatype="3" valuetype="1" ModelId="9">4</value><value key="Size" datatype="3" valuetype="1" ModelId="10">4</value><value key="Generation" datatype="5" valuetype="1" ModelId="1">0</value><value key="Generation" datatype="5" valuetype="1" ModelId="2">8</value><value key="Generation" datatype="5" valuetype="1" ModelId="3">20</value><value key="Generation" datatype="5" valuetype="1" ModelId="4">22</value><value key="Generation" datatype="5" valuetype="1" ModelId="5">48</value><value key="Generation" datatype="5" valuetype="1" ModelId="6">56</value><value key="Generation" datatype="5" valuetype="1" ModelId="7">110</value><value key="Generation" datatype="5" valuetype="1" ModelId="8">113</value><value key="Generation" datatype="5" valuetype="1" ModelId="9">10710</value><value key="Generation" datatype="5" valuetype="1" ModelId="10">11332</value><value key="RunIndex" datatype="5" valuetype="1" ModelId="1">1</value><value key="RunIndex" datatype="5" valuetype="1" ModelId="2">1</value><value key="RunIndex" datatype="5" valuetype="1" ModelId="3">1</value><value key="RunIndex" datatype="5" valuetype="1" ModelId="4">1</value><value key="RunIndex" datatype="5" valuetype="1" ModelId="5">1</value><value key="RunIndex" datatype="5" valuetype="1" ModelId="6">1</value><value key="RunIndex" datatype="5" valuetype="1" ModelId="7">1</value><value key="RunIndex" datatype="5" valuetype="1" ModelId="8">1</value><value key="RunIndex" datatype="5" valuetype="1" ModelId="9">1</value><value key="RunIndex" datatype="5" valuetype="1" ModelId="10">1</value><value key="Literals" datatype="3" valuetype="-1" ModelId="1">3</value><value key="Variables" datatype="8" valuetype="-1" ModelId="1">crime_n_min(1), religious-groups-in-schools_u_max(1), synfuels-corporation-cutback_n_max(1)</value><value key="Literals" datatype="3" valuetype="-1" ModelId="2">3</value><value key="Variables" datatype="8" valuetype="-1" ModelId="2">crime_n_min(1), religious-groups-in-schools_u_max(1), mx-missile_n_max(1)</value><value key="Literals" datatype="3" valuetype="-1" ModelId="3">4</value><value key="Variables" datatype="8" valuetype="-1" ModelId="3">crime_n_min(1), physician-fee-freeze_n_max(1), religious-groups-in-schools_u_max(1), mx-missile_n_max(1)</value><value key="Literals" datatype="3" valuetype="-1" ModelId="4">3</value><value key="Variables" datatype="8" valuetype="-1" ModelId="4">crime_n_min(1), physician-fee-freeze_n_max(1), religious-groups-in-schools_u_max(1)</value><value key="Literals" datatype="3" valuetype="-1" ModelId="5">4</value><value key="Variables" datatype="8" valuetype="-1" ModelId="5">religious-groups-in-schools_u_min(1), crime_n_min(1), physician-fee-freeze_n_max(1), religious-groups-in-schools_u_max(1)</value><value key="Literals" datatype="3" valuetype="-1" ModelId="6">4</value><value key="Variables" datatype="8" valuetype="-1" ModelId="6">physician-fee-freeze_n_min(1), crime_n_min(1), religious-groups-in-schools_u_max(2)</value><value key="Literals" datatype="3" valuetype="-1" ModelId="7">4</value><value key="Variables" datatype="8" valuetype="-1" ModelId="7">physician-fee-freeze_n_min(1), physician-fee-freeze_y_max(1), religious-groups-in-schools_u_max(1), immigration_u_max(1)</value><value key="Literals" datatype="3" valuetype="-1" ModelId="8">4</value><value key="Variables" datatype="8" valuetype="-1" ModelId="8">physician-fee-freeze_n_min(1), physician-fee-freeze_y_max(1), religious-groups-in-schools_u_max(1), immigration_u_max(1)</value><value key="Literals" datatype="3" valuetype="-1" ModelId="9">3</value><value key="Variables" datatype="8" valuetype="-1" ModelId="9">mx-missile_y_min(1), export-administration-act-south-africa_y_min(1), physician-fee-freeze_y_max(1)</value><value key="Literals" datatype="3" valuetype="-1" ModelId="10">3</value><value key="Variables" datatype="8" valuetype="-1" ModelId="10">adoption-of-the-budget-resolution_n_min(1), physician-fee-freeze_y_max(1), export-administration-act-south-africa_y_max(1)</value><value key="VariableImportance" datatype="8" valuetype="-1" ModelId="10">adoption-of-the-budget-resolution_n_min(0.19892732464347), physician-fee-freeze_y_max(0.777617633337682), export-administration-act-south-africa_y_max(2.34550420188482E-02)</value></run></report>
