<summary><value key="AverageTrainFitness" datatype="5" valuetype="4">950.124688279302</value><value key="AverageTrainRSQuare" datatype="5" valuetype="4">0.775946412938748</value><value key="AverageTrainAccuracy" datatype="5" valuetype="4">97.44</value><value key="MaxTrainFitness" datatype="5" valuetype="4">1000</value><value key="MaxTestFitness" datatype="5" valuetype="4">1000</value><value key="TrainSuccessCount" datatype="3" valuetype="4">0</value><value key="TrainSuccessRate" datatype="5" valuetype="4">0</value><value key="BestTrainFitness" datatype="5" valuetype="4">950.124688279302</value><value key="BestTrainFitnessRun" datatype="3" valuetype="4">1</value><value key="BestTrainFitnessHistory" datatype="3" valuetype="4">1</value><value key="BestTrainFitnessModelId" datatype="3" valuetype="4">12</value><value key="BestTrainFitnessModelSize" datatype="3" valuetype="4">9</value><value key="BestTrainFitnessModelLiterals" datatype="3" valuetype="4">6</value><value key="BestTrainFitnessModelTerminals" datatype="8" valuetype="4">adoption-of-the-budget-resolution_y_min(1), physician-fee-freeze_n_min(1), physician-fee-freeze_y_min(1), mx-missile_u_min(1), synfuels-corporation-cutback_n_min(1), anti-satellite-test-ban_y_max(1)</value><value key="BestTrainFitnessModelVariableImportance" datatype="8" valuetype="4">adoption-of-the-budget-resolution_y_min(0.119691446292302), physician-fee-freeze_n_min(0.363593571789802), physician-fee-freeze_y_min(0.349347380014567), mx-missile_u_min(7.88174780314728E-03), synfuels-corporation-cutback_n_min(0.153945216216553), anti-satellite-test-ban_y_max(5.54063788362886E-03)</value><value key="BestTrainAccuracy" datatype="5" valuetype="4">97.44</value><value key="BestTrainAccuracyRun" datatype="3" valuetype="4">1</value><value key="BestTrainAccuracyHistory" datatype="3" valuetype="4">1</value><value key="BestTrainAccuracyModelId" datatype="3" valuetype="4">12</value><value key="BestTrainAccuracyModelSize" datatype="3" valuetype="4">9</value><value key="BestTrainAccuracyModelLiterals" datatype="3" valuetype="4">6</value><value key="BestTrainAccuracyModelTerminals" datatype="8" valuetype="4">adoption-of-the-budget-resolution_y_min(1), physician-fee-freeze_n_min(1), physician-fee-freeze_y_min(1), mx-missile_u_min(1), synfuels-corporation-cutback_n_min(1), anti-satellite-test-ban_y_max(1)</value><value key="BestTrainAccuracyModelVariableImportance" datatype="8" valuetype="4">adoption-of-the-budget-resolution_y_min(0.119691446292302), physician-fee-freeze_n_min(0.363593571789802), physician-fee-freeze_y_min(0.349347380014567), mx-missile_u_min(7.88174780314728E-03), synfuels-corporation-cutback_n_min(0.153945216216553), anti-satellite-test-ban_y_max(5.54063788362886E-03)</value><value key="BestTrainRSQuare" datatype="5" valuetype="4">0.775946412938748</value><value key="BestTrainRSQuareRun" datatype="3" valuetype="4">1</value><value key="BestTrainRSQuareHistory" datatype="3" valuetype="4">1</value><value key="BestTrainRSQuareModelId" datatype="3" valuetype="4">12</value><value key="BestTrainRSQuareModelSize" datatype="3" valuetype="4">9</value><value key="BestTrainRSQuareModelLiterals" datatype="3" valuetype="4">6</value><value key="BestTrainRSQuareModelTerminals" datatype="8" valuetype="4">adoption-of-the-budget-resolution_y_min(1), physician-fee-freeze_n_min(1), physician-fee-freeze_y_min(1), mx-missile_u_min(1), synfuels-corporation-cutback_n_min(1), anti-satellite-test-ban_y_max(1)</value><value key="BestTrainRSQuareModelVariableImportance" datatype="8" valuetype="4">adoption-of-the-budget-resolution_y_min(0.119691446292302), physician-fee-freeze_n_min(0.363593571789802), physician-fee-freeze_y_min(0.349347380014567), mx-missile_u_min(7.88174780314728E-03), synfuels-corporation-cutback_n_min(0.153945216216553), anti-satellite-test-ban_y_max(5.54063788362886E-03)</value><value key="TestSuccessCount" datatype="3" valuetype="4">0</value><value key="TestSuccessRate" datatype="5" valuetype="4">0</value><value key="AverageTestFitness" datatype="5" valuetype="4">955.555555555556</value><value key="AverageTestRSQuare" datatype="5" valuetype="4">0.765629982494159</value><value key="AverageTestAccuracy" datatype="5" valuetype="4">97.73</value><value key="BestTestFitness" datatype="5" valuetype="4">955.555555555556</value><value key="BestTestFitnessRun" datatype="3" valuetype="4">1</value><value key="BestTestFitnessHistory" datatype="3" valuetype="4">1</value><value key="BestTestFitnessModelId" datatype="3" valuetype="4">12</value><value key="BestTestFitnessModelSize" datatype="3" valuetype="4">9</value><value key="BestTestFitnessModelLiterals" datatype="3" valuetype="4">6</value><value key="BestTestFitnessModelTerminals" datatype="8" valuetype="4">adoption-of-the-budget-resolution_y_min(1), physician-fee-freeze_n_min(1), physician-fee-freeze_y_min(1), mx-missile_u_min(1), synfuels-corporation-cutback_n_min(1), anti-satellite-test-ban_y_max(1)</value><value key="BestTestFitnessModelVariableImportance" datatype="8" valuetype="4">adoption-of-the-budget-resolution_y_min(0.196504701447612), physician-fee-freeze_n_min(0.315809178710275), physician-fee-freeze_y_min(0.403057711729762), mx-missile_u_min(1.11814702518801E-04), synfuels-corporation-cutback_n_min(5.26304013859067E-02), anti-satellite-test-ban_y_max(3.18861920239255E-02)</value><value key="BestTestAccuracy" datatype="5" valuetype="4">97.73</value><value key="BestTestAccuracyRun" datatype="3" valuetype="4">1</value><value key="BestTestAccuracyHistory" datatype="3" valuetype="4">1</value><value key="BestTestAccuracyModelId" datatype="3" valuetype="4">12</value><value key="BestTestAccuracyModelSize" datatype="3" valuetype="4">9</value><value key="BestTestAccuracyModelLiterals" datatype="3" valuetype="4">6</value><value key="BestTestAccuracyModelTerminals" datatype="8" valuetype="4">adoption-of-the-budget-resolution_y_min(1), physician-fee-freeze_n_min(1), physician-fee-freeze_y_min(1), mx-missile_u_min(1), synfuels-corporation-cutback_n_min(1), anti-satellite-test-ban_y_max(1)</value><value key="BestTestAccuracyModelVariableImportance" datatype="8" valuetype="4">adoption-of-the-budget-resolution_y_min(0.196504701447612), physician-fee-freeze_n_min(0.315809178710275), physician-fee-freeze_y_min(0.403057711729762), mx-missile_u_min(1.11814702518801E-04), synfuels-corporation-cutback_n_min(5.26304013859067E-02), anti-satellite-test-ban_y_max(3.18861920239255E-02)</value><value key="BestTestRSQuare" datatype="5" valuetype="4">0.765629982494159</value><value key="BestTestRSQuareRun" datatype="3" valuetype="4">1</value><value key="BestTestRSQuareHistory" datatype="3" valuetype="4">1</value><value key="BestTestRSQuareModelId" datatype="3" valuetype="4">12</value><value key="BestTestRSQuareModelSize" datatype="3" valuetype="4">9</value><value key="BestTestRSQuareModelLiterals" datatype="3" valuetype="4">6</value><value key="BestTestRSQuareModelTerminals" datatype="8" valuetype="4">adoption-of-the-budget-resolution_y_min(1), physician-fee-freeze_n_min(1), physician-fee-freeze_y_min(1), mx-missile_u_min(1), synfuels-corporation-cutback_n_min(1), anti-satellite-test-ban_y_max(1)</value><value key="BestTestRSQuareModelVariableImportance" datatype="8" valuetype="4">adoption-of-the-budget-resolution_y_min(0.196504701447612), physician-fee-freeze_n_min(0.315809178710275), physician-fee-freeze_y_min(0.403057711729762), mx-missile_u_min(1.11814702518801E-04), synfuels-corporation-cutback_n_min(5.26304013859067E-02), anti-satellite-test-ban_y_max(3.18861920239255E-02)</value><value key="DefinitionFile" datatype="8" valuetype="4">../vote_1_3_1_jobdef.xml</value></summary>
