<report id="0"><run id="1" name="vote_template_classification_000001.gep"><value key="HasTestingSet" datatype="3" valuetype="0">1</value><value key="TrainFitness" datatype="5" valuetype="1" ModelId="1">677.75974025974</value><value key="TrainFitness" datatype="5" valuetype="1" ModelId="2">689.252336448598</value><value key="TrainFitness" datatype="5" valuetype="1" ModelId="3">791.648542844715</value><value key="TrainFitness" datatype="5" valuetype="1" ModelId="4">848.699763593381</value><value key="TrainFitness" datatype="5" valuetype="1" ModelId="5">875.299760191847</value><value key="TrainFitness" datatype="5" valuetype="1" ModelId="6">911.980440097799</value><value key="TrainFitness" datatype="5" valuetype="1" ModelId="7">916.666666666667</value><value key="TrainFitness" datatype="5" valuetype="1" ModelId="8">921.375921375921</value><value key="TrainFitness" datatype="5" valuetype="1" ModelId="9">926.108374384236</value><value key="TrainFitness" datatype="5" valuetype="1" ModelId="10">935.643564356436</value><value key="TrainFitness" datatype="5" valuetype="1" ModelId="11">940.446650124069</value><value key="TrainFitness" datatype="5" valuetype="1" ModelId="12">950.124688279302</value><value key="TrainAccuracy" datatype="5" valuetype="1" ModelId="1">85.42</value><value key="TrainAccuracy" datatype="5" valuetype="1" ModelId="2">90.54</value><value key="TrainAccuracy" datatype="5" valuetype="1" ModelId="3">93.09</value><value key="TrainAccuracy" datatype="5" valuetype="1" ModelId="4">91.82</value><value key="TrainAccuracy" datatype="5" valuetype="1" ModelId="5">93.35</value><value key="TrainAccuracy" datatype="5" valuetype="1" ModelId="6">95.4</value><value key="TrainAccuracy" datatype="5" valuetype="1" ModelId="7">95.65</value><value key="TrainAccuracy" datatype="5" valuetype="1" ModelId="8">95.91</value><value key="TrainAccuracy" datatype="5" valuetype="1" ModelId="9">96.16</value><value key="TrainAccuracy" datatype="5" valuetype="1" ModelId="10">96.68</value><value key="TrainAccuracy" datatype="5" valuetype="1" ModelId="11">96.93</value><value key="TrainAccuracy" datatype="5" valuetype="1" ModelId="12">97.44</value><value key="TestFitness" datatype="5" valuetype="1" ModelId="1">757.575757575758</value><value key="TestFitness" datatype="5" valuetype="1" ModelId="2">913.04347826087</value><value key="TestFitness" datatype="5" valuetype="1" ModelId="3">955.555555555556</value><value key="TestFitness" datatype="5" valuetype="1" ModelId="4">913.04347826087</value><value key="TestFitness" datatype="5" valuetype="1" ModelId="5">955.555555555556</value><value key="TestFitness" datatype="5" valuetype="1" ModelId="6">955.555555555556</value><value key="TestFitness" datatype="5" valuetype="1" ModelId="7">955.555555555556</value><value key="TestFitness" datatype="5" valuetype="1" ModelId="8">955.555555555556</value><value key="TestFitness" datatype="5" valuetype="1" ModelId="9">955.555555555556</value><value key="TestFitness" datatype="5" valuetype="1" ModelId="10">955.555555555556</value><value key="TestFitness" datatype="5" valuetype="1" ModelId="11">955.555555555556</value><value key="TestFitness" datatype="5" valuetype="1" ModelId="12">955.555555555556</value><value key="TestAccuracy" datatype="5" valuetype="1" ModelId="1">90.91</value><value key="TestAccuracy" datatype="5" valuetype="1" ModelId="2">95.45</value><value key="TestAccuracy" datatype="5" valuetype="1" ModelId="3">97.73</value><value key="TestAccuracy" datatype="5" valuetype="1" ModelId="4">95.45</value><value key="TestAccuracy" datatype="5" valuetype="1" ModelId="5">97.73</value><value key="TestAccuracy" datatype="5" valuetype="1" ModelId="6">97.73</value><value key="TestAccuracy" datatype="5" valuetype="1" ModelId="7">97.73</value><value key="TestAccuracy" datatype="5" valuetype="1" ModelId="8">97.73</value><value key="TestAccuracy" datatype="5" valuetype="1" ModelId="9">97.73</value><value key="TestAccuracy" datatype="5" valuetype="1" ModelId="10">97.73</value><value key="TestAccuracy" datatype="5" valuetype="1" ModelId="11">97.73</value><value key="TestAccuracy" datatype="5" valuetype="1" ModelId="12">97.73</value><value key="Size" datatype="3" valuetype="1" ModelId="1">8</value><value key="Size" datatype="3" valuetype="1" ModelId="2">8</value><value key="Size" datatype="3" valuetype="1" ModelId="3">8</value><value key="Size" datatype="3" valuetype="1" ModelId="4">9</value><value key="Size" datatype="3" valuetype="1" ModelId="5">8</value><value key="Size" datatype="3" valuetype="1" ModelId="6">8</value><value key="Size" datatype="3" valuetype="1" ModelId="7">5</value><value key="Size" datatype="3" valuetype="1" ModelId="8">7</value><value key="Size" datatype="3" valuetype="1" ModelId="9">7</value><value key="Size" datatype="3" valuetype="1" ModelId="10">9</value><value key="Size" datatype="3" valuetype="1" ModelId="11">9</value><value key="Size" datatype="3" valuetype="1" ModelId="12">9</value><value key="Generation" datatype="5" valuetype="1" ModelId="1">0</value><value key="Generation" datatype="5" valuetype="1" ModelId="2">73</value><value key="Generation" datatype="5" valuetype="1" ModelId="3">75</value><value key="Generation" datatype="5" valuetype="1" ModelId="4">92</value><value key="Generation" datatype="5" valuetype="1" ModelId="5">93</value><value key="Generation" datatype="5" valuetype="1" ModelId="6">97</value><value key="Generation" datatype="5" valuetype="1" ModelId="7">1404</value><value key="Generation" datatype="5" valuetype="1" ModelId="8">2168</value><value key="Generation" datatype="5" valuetype="1" ModelId="9">3698</value><value key="Generation" datatype="5" valuetype="1" ModelId="10">10887</value><value key="Generation" datatype="5" valuetype="1" ModelId="11">13465</value><value key="Generation" datatype="5" valuetype="1" ModelId="12">13788</value><value key="RunIndex" datatype="5" valuetype="1" ModelId="1">1</value><value key="RunIndex" datatype="5" valuetype="1" ModelId="2">1</value><value key="RunIndex" datatype="5" valuetype="1" ModelId="3">1</value><value key="RunIndex" datatype="5" valuetype="1" ModelId="4">1</value><value key="RunIndex" datatype="5" valuetype="1" ModelId="5">1</value><value key="RunIndex" datatype="5" valuetype="1" ModelId="6">1</value><value key="RunIndex" datatype="5" valuetype="1" ModelId="7">1</value><value key="RunIndex" datatype="5" valuetype="1" ModelId="8">1</value><value key="RunIndex" datatype="5" valuetype="1" ModelId="9">1</value><value key="RunIndex" datatype="5" valuetype="1" ModelId="10">1</value><value key="RunIndex" datatype="5" valuetype="1" ModelId="11">1</value><value key="RunIndex" datatype="5" valuetype="1" ModelId="12">1</value><value key="Literals" datatype="3" valuetype="-1" ModelId="1">4</value><value key="Variables" datatype="8" valuetype="-1" ModelId="1">aid-to-nicaraguan-contras_u_min(1), mx-missile_u_min(1), synfuels-corporation-cutback_y_min(1), crime_n_max(1)</value><value key="Literals" datatype="3" valuetype="-1" ModelId="2">4</value><value key="Variables" datatype="8" valuetype="-1" ModelId="2">mx-missile_y_min(1), physician-fee-freeze_y_max(1), aid-to-nicaraguan-contras_u_max(1), mx-missile_u_max(1)</value><value key="Literals" datatype="3" valuetype="-1" ModelId="3">3</value><value key="Variables" datatype="8" valuetype="-1" ModelId="3">physician-fee-freeze_y_max(1), aid-to-nicaraguan-contras_u_max(1), mx-missile_u_max(1)</value><value key="Literals" datatype="3" valuetype="-1" ModelId="4">3</value><value key="Variables" datatype="8" valuetype="-1" ModelId="4">physician-fee-freeze_n_min(1), aid-to-nicaraguan-contras_u_max(1), mx-missile_u_max(1)</value><value key="Literals" datatype="3" valuetype="-1" ModelId="5">3</value><value key="Variables" datatype="8" valuetype="-1" ModelId="5">physician-fee-freeze_y_max(1), aid-to-nicaraguan-contras_u_max(1), mx-missile_u_max(1)</value><value key="Literals" datatype="3" valuetype="-1" ModelId="6">2</value><value key="Variables" datatype="8" valuetype="-1" ModelId="6">physician-fee-freeze_y_max(1), religious-groups-in-schools_u_max(1)</value><value key="Literals" datatype="3" valuetype="-1" ModelId="7">3</value><value key="Variables" datatype="8" valuetype="-1" ModelId="7">physician-fee-freeze_n_min(1), physician-fee-freeze_y_min(1), education-spending_n_min(1)</value><value key="Literals" datatype="3" valuetype="-1" ModelId="8">4</value><value key="Variables" datatype="8" valuetype="-1" ModelId="8">physician-fee-freeze_n_min(1), physician-fee-freeze_y_min(1), mx-missile_u_min(1), aid-to-nicaraguan-contras_u_max(1)</value><value key="Literals" datatype="3" valuetype="-1" ModelId="9">4</value><value key="Variables" datatype="8" valuetype="-1" ModelId="9">physician-fee-freeze_n_min(1), physician-fee-freeze_y_min(1), mx-missile_u_min(1), synfuels-corporation-cutback_n_min(1)</value><value key="Literals" datatype="3" valuetype="-1" ModelId="10">5</value><value key="Variables" datatype="8" valuetype="-1" ModelId="10">physician-fee-freeze_n_min(1), physician-fee-freeze_y_min(1), mx-missile_u_min(1), mx-missile_y_min(1), synfuels-corporation-cutback_n_min(1)</value><value key="Literals" datatype="3" valuetype="-1" ModelId="11">6</value><value key="Variables" datatype="8" valuetype="-1" ModelId="11">adoption-of-the-budget-resolution_y_min(1), physician-fee-freeze_n_min(1), physician-fee-freeze_y_min(1), anti-satellite-test-ban_u_min(1), mx-missile_y_min(1), synfuels-corporation-cutback_n_min(1)</value><value key="Literals" datatype="3" valuetype="-1" ModelId="12">6</value><value key="Variables" datatype="8" valuetype="-1" ModelId="12">adoption-of-the-budget-resolution_y_min(1), physician-fee-freeze_n_min(1), physician-fee-freeze_y_min(1), mx-missile_u_min(1), synfuels-corporation-cutback_n_min(1), anti-satellite-test-ban_y_max(1)</value><value key="VariableImportance" datatype="8" valuetype="-1" ModelId="12">adoption-of-the-budget-resolution_y_min(0.106568638060721), physician-fee-freeze_n_min(0.359639392013617), physician-fee-freeze_y_min(0.365050450917222), mx-missile_u_min(1.75167847515661E-02), synfuels-corporation-cutback_n_min(0.140243462944769), anti-satellite-test-ban_y_max(1.09812713121049E-02)</value></run></report>
