<log created='11/30/2019 13:30:22' name='vote_template_classification_000001'>
<item created='11/30/2019 13:30:22' severity='0'>Processing run 1...</item>
<item created='11/30/2019 13:30:22' severity='0'>Applied setting Genes (3)</item>
<item created='11/30/2019 13:30:22' severity='0'>Applied setting HeadSize (1)</item>
<item created='11/30/2019 13:30:22' severity='0'>Applied setting FitnessFunction (11)</item>
<item created='11/30/2019 13:30:22' severity='0'>Applied setting RoundingThreshold (0.5)</item>
<item created='11/30/2019 13:30:22' severity='0'>Changed function * to weight 2.</item>
<item created='11/30/2019 13:30:22' severity='0'>Loading data from file vote_TRAIN_fold_1.csv ...</item>
<item created='11/30/2019 13:30:23' severity='0'>Loading data from file vote_TEST_fold_1.csv ...</item>
<item created='11/30/2019 13:30:24' severity='0'>Loading run file... vote_1_3_1\vote_template_classification_000001.gep</item>
<item created='11/30/2019 13:30:24' severity='0'>Initializing run...</item>
<item created='11/30/2019 13:30:24' severity='0'>Training Set size: 391</item>
<item created='11/30/2019 13:30:24' severity='0'>Dataset loaded.</item>
<item created='11/30/2019 13:30:24' severity='0'>Starting...</item>
<item created='11/30/2019 13:30:24' severity='0'>Generation: 0 (677.75974025974, 85.42% (334))</item>
<item created='11/30/2019 13:30:26' severity='0'>Generation: 578 (911.980440097799, 95.40% (373))</item>
<item created='11/30/2019 13:30:28' severity='0'>Generation: 1739 (916.666666666667, 95.65% (374))</item>
<item created='11/30/2019 13:30:30' severity='0'>Generation: 2834 (921.375921375921, 95.91% (375))</item>
<item created='11/30/2019 13:30:32' severity='0'>Generation: 3857 (926.108374384236, 96.16% (376))</item>
<item created='11/30/2019 13:30:34' severity='0'>Generation: 4914 (926.108374384236, 96.16% (376))</item>
<item created='11/30/2019 13:30:36' severity='0'>Generation: 5987 (926.108374384236, 96.16% (376))</item>
<item created='11/30/2019 13:30:38' severity='0'>Generation: 7054 (926.108374384236, 96.16% (376))</item>
<item created='11/30/2019 13:30:40' severity='0'>Generation: 8116 (926.108374384236, 96.16% (376))</item>
<item created='11/30/2019 13:30:42' severity='0'>Generation: 9147 (926.108374384236, 96.16% (376))</item>
<item created='11/30/2019 13:30:44' severity='0'>Generation: 10158 (926.108374384236, 96.16% (376))</item>
<item created='11/30/2019 13:30:46' severity='0'>Generation: 11081 (935.643564356436, 96.68% (378))</item>
<item created='11/30/2019 13:30:48' severity='0'>Generation: 12017 (935.643564356436, 96.68% (378))</item>
<item created='11/30/2019 13:30:50' severity='0'>Generation: 12982 (935.643564356436, 96.68% (378))</item>
<item created='11/30/2019 13:30:52' severity='0'>Generation: 13893 (950.124688279302, 97.44% (381))</item>
<item created='11/30/2019 13:30:54' severity='0'>Generation: 14827 (950.124688279302, 97.44% (381))</item>
<item created='11/30/2019 13:30:56' severity='0'>Generation: 15759 (950.124688279302, 97.44% (381))</item>
<item created='11/30/2019 13:30:58' severity='0'>Generation: 16647 (950.124688279302, 97.44% (381))</item>
<item created='11/30/2019 13:31:00' severity='0'>Generation: 17581 (950.124688279302, 97.44% (381))</item>
<item created='11/30/2019 13:31:02' severity='0'>Generation: 18498 (950.124688279302, 97.44% (381))</item>
<item created='11/30/2019 13:31:04' severity='0'>Generation: 19446 (950.124688279302, 97.44% (381))</item>
<item created='11/30/2019 13:31:05' severity='0'>Finished run.</item>
<item created='11/30/2019 13:31:05' severity='0'>Models created: 12</item>
<item created='11/30/2019 13:31:05' severity='0'>Models: 12</item>
<item created='11/30/2019 13:31:05' severity='0'>Last Model: 12</item>
<item created='11/30/2019 13:31:05' severity='0'>Generation: 13788</item>
<item created='11/30/2019 13:31:05' severity='0'>Training Fitness: 950.124688279302</item>
<item created='11/30/2019 13:31:05' severity='0'>Training Accuracy: 97.44%</item>
<item created='11/30/2019 13:31:05' severity='0'>Success</item>
<item created='11/30/2019 13:31:05' severity='0'>Loading run file... vote_1_3_1\vote_template_classification_000001.gep</item>
<item created='11/30/2019 13:31:05' severity='0'>Initializing tests for all models...</item>
<item created='11/30/2019 13:31:05' severity='0'>Testing model 1 on the Validation Set with 44 records..............</item>
<item created='11/30/2019 13:31:05' severity='0'>Testing model 2 on the Validation Set with 44 records..............</item>
<item created='11/30/2019 13:31:05' severity='0'>Testing model 3 on the Validation Set with 44 records..............</item>
<item created='11/30/2019 13:31:05' severity='0'>Testing model 4 on the Validation Set with 44 records..............</item>
<item created='11/30/2019 13:31:05' severity='0'>Testing model 5 on the Validation Set with 44 records..............</item>
<item created='11/30/2019 13:31:05' severity='0'>Testing model 6 on the Validation Set with 44 records..............</item>
<item created='11/30/2019 13:31:05' severity='0'>Testing model 7 on the Validation Set with 44 records..............</item>
<item created='11/30/2019 13:31:05' severity='0'>Testing model 8 on the Validation Set with 44 records..............</item>
<item created='11/30/2019 13:31:05' severity='0'>Testing model 9 on the Validation Set with 44 records..............</item>
<item created='11/30/2019 13:31:05' severity='0'>Testing model 10 on the Validation Set with 44 records..............</item>
<item created='11/30/2019 13:31:05' severity='0'>Testing model 11 on the Validation Set with 44 records..............</item>
<item created='11/30/2019 13:31:05' severity='0'>Testing model 12 on the Validation Set with 44 records..............</item>
<item created='11/30/2019 13:31:05' severity='0'>Success</item>
</log>
