<report id="0"><run id="1" name="vote_template_classification_000001.gep"><value key="HasTestingSet" datatype="3" valuetype="0">1</value><value key="TrainFitness" datatype="5" valuetype="1" ModelId="1">608.407079646018</value><value key="TrainFitness" datatype="5" valuetype="1" ModelId="2">618.04008908686</value><value key="TrainFitness" datatype="5" valuetype="1" ModelId="3">744.186046511628</value><value key="TrainFitness" datatype="5" valuetype="1" ModelId="4">893.462469733656</value><value key="TrainFitness" datatype="5" valuetype="1" ModelId="5">902.676399026764</value><value key="TrainFitness" datatype="5" valuetype="1" ModelId="6">916.666666666667</value><value key="TrainAccuracy" datatype="5" valuetype="1" ModelId="1">84.4</value><value key="TrainAccuracy" datatype="5" valuetype="1" ModelId="2">85.17</value><value key="TrainAccuracy" datatype="5" valuetype="1" ModelId="3">90.03</value><value key="TrainAccuracy" datatype="5" valuetype="1" ModelId="4">94.37</value><value key="TrainAccuracy" datatype="5" valuetype="1" ModelId="5">94.88</value><value key="TrainAccuracy" datatype="5" valuetype="1" ModelId="6">95.65</value><value key="TestFitness" datatype="5" valuetype="1" ModelId="1">408.163265306122</value><value key="TestFitness" datatype="5" valuetype="1" ModelId="2">532.544378698225</value><value key="TestFitness" datatype="5" valuetype="1" ModelId="3">913.04347826087</value><value key="TestFitness" datatype="5" valuetype="1" ModelId="4">913.04347826087</value><value key="TestFitness" datatype="5" valuetype="1" ModelId="5">872.340425531915</value><value key="TestFitness" datatype="5" valuetype="1" ModelId="6">872.340425531915</value><value key="TestAccuracy" datatype="5" valuetype="1" ModelId="1">72.73</value><value key="TestAccuracy" datatype="5" valuetype="1" ModelId="2">81.82</value><value key="TestAccuracy" datatype="5" valuetype="1" ModelId="3">95.45</value><value key="TestAccuracy" datatype="5" valuetype="1" ModelId="4">95.45</value><value key="TestAccuracy" datatype="5" valuetype="1" ModelId="5">93.18</value><value key="TestAccuracy" datatype="5" valuetype="1" ModelId="6">93.18</value><value key="Size" datatype="3" valuetype="1" ModelId="1">3</value><value key="Size" datatype="3" valuetype="1" ModelId="2">3</value><value key="Size" datatype="3" valuetype="1" ModelId="3">3</value><value key="Size" datatype="3" valuetype="1" ModelId="4">3</value><value key="Size" datatype="3" valuetype="1" ModelId="5">3</value><value key="Size" datatype="3" valuetype="1" ModelId="6">3</value><value key="Generation" datatype="5" valuetype="1" ModelId="1">0</value><value key="Generation" datatype="5" valuetype="1" ModelId="2">2</value><value key="Generation" datatype="5" valuetype="1" ModelId="3">6</value><value key="Generation" datatype="5" valuetype="1" ModelId="4">12</value><value key="Generation" datatype="5" valuetype="1" ModelId="5">108</value><value key="Generation" datatype="5" valuetype="1" ModelId="6">143</value><value key="RunIndex" datatype="5" valuetype="1" ModelId="1">1</value><value key="RunIndex" datatype="5" valuetype="1" ModelId="2">1</value><value key="RunIndex" datatype="5" valuetype="1" ModelId="3">1</value><value key="RunIndex" datatype="5" valuetype="1" ModelId="4">1</value><value key="RunIndex" datatype="5" valuetype="1" ModelId="5">1</value><value key="RunIndex" datatype="5" valuetype="1" ModelId="6">1</value><value key="Literals" datatype="3" valuetype="-1" ModelId="1">2</value><value key="Variables" datatype="8" valuetype="-1" ModelId="1">aid-to-nicaraguan-contras_y_min(1), aid-to-nicaraguan-contras_u_max(1)</value><value key="Literals" datatype="3" valuetype="-1" ModelId="2">2</value><value key="Variables" datatype="8" valuetype="-1" ModelId="2">el-salvador-aid_y_max(1), aid-to-nicaraguan-contras_u_max(1)</value><value key="Literals" datatype="3" valuetype="-1" ModelId="3">2</value><value key="Variables" datatype="8" valuetype="-1" ModelId="3">physician-fee-freeze_n_min(1), water-project-cost-sharing_u_max(1)</value><value key="Literals" datatype="3" valuetype="-1" ModelId="4">1</value><value key="Variables" datatype="8" valuetype="-1" ModelId="4">physician-fee-freeze_n_min(1)</value><value key="Literals" datatype="3" valuetype="-1" ModelId="5">2</value><value key="Variables" datatype="8" valuetype="-1" ModelId="5">physician-fee-freeze_n_min(1), crime_n_max(1)</value><value key="Literals" datatype="3" valuetype="-1" ModelId="6">2</value><value key="Variables" datatype="8" valuetype="-1" ModelId="6">physician-fee-freeze_y_max(1), crime_n_max(1)</value><value key="VariableImportance" datatype="8" valuetype="-1" ModelId="6">physician-fee-freeze_y_max(0.639121115953726), crime_n_max(0.360878884046274)</value></run></report>
