<log created='11/30/2019 13:22:00' name='vote_template_classification_000001'>
<item created='11/30/2019 13:22:00' severity='0'>Processing run 1...</item>
<item created='11/30/2019 13:22:00' severity='0'>Applied setting Genes (1)</item>
<item created='11/30/2019 13:22:00' severity='0'>Applied setting HeadSize (1)</item>
<item created='11/30/2019 13:22:00' severity='0'>Applied setting FitnessFunction (11)</item>
<item created='11/30/2019 13:22:00' severity='0'>Applied setting RoundingThreshold (0.5)</item>
<item created='11/30/2019 13:22:00' severity='0'>Changed function * to weight 2.</item>
<item created='11/30/2019 13:22:00' severity='0'>Loading data from file vote_TRAIN_fold_4.csv ...</item>
<item created='11/30/2019 13:22:01' severity='0'>Loading data from file vote_TEST_fold_4.csv ...</item>
<item created='11/30/2019 13:22:02' severity='0'>Loading run file... vote_1_1_4\vote_template_classification_000001.gep</item>
<item created='11/30/2019 13:22:02' severity='0'>Initializing run...</item>
<item created='11/30/2019 13:22:02' severity='0'>Training Set size: 391</item>
<item created='11/30/2019 13:22:02' severity='0'>Dataset loaded.</item>
<item created='11/30/2019 13:22:02' severity='0'>Starting...</item>
<item created='11/30/2019 13:22:02' severity='0'>Generation: 0 (608.407079646018, 84.40% (330))</item>
<item created='11/30/2019 13:22:04' severity='0'>Generation: 1486 (916.666666666667, 95.65% (374))</item>
<item created='11/30/2019 13:22:06' severity='0'>Generation: 3282 (916.666666666667, 95.65% (374))</item>
<item created='11/30/2019 13:22:08' severity='0'>Generation: 4910 (916.666666666667, 95.65% (374))</item>
<item created='11/30/2019 13:22:10' severity='0'>Generation: 6641 (916.666666666667, 95.65% (374))</item>
<item created='11/30/2019 13:22:12' severity='0'>Generation: 8654 (916.666666666667, 95.65% (374))</item>
<item created='11/30/2019 13:22:14' severity='0'>Generation: 10900 (916.666666666667, 95.65% (374))</item>
<item created='11/30/2019 13:22:16' severity='0'>Generation: 13071 (916.666666666667, 95.65% (374))</item>
<item created='11/30/2019 13:22:18' severity='0'>Generation: 15270 (916.666666666667, 95.65% (374))</item>
<item created='11/30/2019 13:22:20' severity='0'>Generation: 17556 (916.666666666667, 95.65% (374))</item>
<item created='11/30/2019 13:22:22' severity='0'>Generation: 19714 (916.666666666667, 95.65% (374))</item>
<item created='11/30/2019 13:22:22' severity='0'>Finished run.</item>
<item created='11/30/2019 13:22:22' severity='0'>Models created: 6</item>
<item created='11/30/2019 13:22:22' severity='0'>Models: 6</item>
<item created='11/30/2019 13:22:22' severity='0'>Last Model: 6</item>
<item created='11/30/2019 13:22:22' severity='0'>Generation: 143</item>
<item created='11/30/2019 13:22:22' severity='0'>Training Fitness: 916.666666666667</item>
<item created='11/30/2019 13:22:22' severity='0'>Training Accuracy: 95.65%</item>
<item created='11/30/2019 13:22:22' severity='0'>Success</item>
<item created='11/30/2019 13:22:22' severity='0'>Loading run file... vote_1_1_4\vote_template_classification_000001.gep</item>
<item created='11/30/2019 13:22:22' severity='0'>Initializing tests for all models...</item>
<item created='11/30/2019 13:22:22' severity='0'>Testing model 1 on the Validation Set with 44 records..............</item>
<item created='11/30/2019 13:22:22' severity='0'>Testing model 2 on the Validation Set with 44 records..............</item>
<item created='11/30/2019 13:22:22' severity='0'>Testing model 3 on the Validation Set with 44 records..............</item>
<item created='11/30/2019 13:22:22' severity='0'>Testing model 4 on the Validation Set with 44 records..............</item>
<item created='11/30/2019 13:22:22' severity='0'>Testing model 5 on the Validation Set with 44 records..............</item>
<item created='11/30/2019 13:22:22' severity='0'>Testing model 6 on the Validation Set with 44 records..............</item>
<item created='11/30/2019 13:22:22' severity='0'>Success</item>
</log>
