<report id="0"><run id="1" name="vote_template_classification_000001.gep"><value key="HasTestingSet" datatype="3" valuetype="0">1</value><value key="TrainFitness" datatype="5" valuetype="1" ModelId="1">707.527766351296</value><value key="TrainFitness" datatype="5" valuetype="1" ModelId="2">893.975903614458</value><value key="TrainFitness" datatype="5" valuetype="1" ModelId="3">898.550724637681</value><value key="TrainFitness" datatype="5" valuetype="1" ModelId="4">903.147699757869</value><value key="TrainFitness" datatype="5" valuetype="1" ModelId="5">935.960591133005</value><value key="TrainFitness" datatype="5" valuetype="1" ModelId="6">950.372208436725</value><value key="TrainFitness" datatype="5" valuetype="1" ModelId="7">955.223880597015</value><value key="TrainFitness" datatype="5" valuetype="1" ModelId="8">960.099750623441</value><value key="TrainFitness" datatype="5" valuetype="1" ModelId="9">965</value><value key="TrainFitness" datatype="5" valuetype="1" ModelId="10">969.924812030075</value><value key="TrainFitness" datatype="5" valuetype="1" ModelId="11">974.874371859297</value><value key="TrainAccuracy" datatype="5" valuetype="1" ModelId="1">87.53</value><value key="TrainAccuracy" datatype="5" valuetype="1" ModelId="2">94.4</value><value key="TrainAccuracy" datatype="5" valuetype="1" ModelId="3">94.66</value><value key="TrainAccuracy" datatype="5" valuetype="1" ModelId="4">94.91</value><value key="TrainAccuracy" datatype="5" valuetype="1" ModelId="5">96.69</value><value key="TrainAccuracy" datatype="5" valuetype="1" ModelId="6">97.46</value><value key="TrainAccuracy" datatype="5" valuetype="1" ModelId="7">97.71</value><value key="TrainAccuracy" datatype="5" valuetype="1" ModelId="8">97.96</value><value key="TrainAccuracy" datatype="5" valuetype="1" ModelId="9">98.22</value><value key="TrainAccuracy" datatype="5" valuetype="1" ModelId="10">98.47</value><value key="TrainAccuracy" datatype="5" valuetype="1" ModelId="11">98.73</value><value key="TestFitness" datatype="5" valuetype="1" ModelId="1">396.825396825397</value><value key="TestFitness" datatype="5" valuetype="1" ModelId="2">595.238095238095</value><value key="TestFitness" datatype="5" valuetype="1" ModelId="3">595.238095238095</value><value key="TestFitness" datatype="5" valuetype="1" ModelId="4">625</value><value key="TestFitness" datatype="5" valuetype="1" ModelId="5">625</value><value key="TestFitness" datatype="5" valuetype="1" ModelId="6">715.667311411992</value><value key="TestFitness" datatype="5" valuetype="1" ModelId="7">625</value><value key="TestFitness" datatype="5" valuetype="1" ModelId="8">595.238095238095</value><value key="TestFitness" datatype="5" valuetype="1" ModelId="9">549.450549450549</value><value key="TestFitness" datatype="5" valuetype="1" ModelId="10">549.450549450549</value><value key="TestFitness" datatype="5" valuetype="1" ModelId="11">595.238095238095</value><value key="TestAccuracy" datatype="5" valuetype="1" ModelId="1">71.43</value><value key="TestAccuracy" datatype="5" valuetype="1" ModelId="2">83.33</value><value key="TestAccuracy" datatype="5" valuetype="1" ModelId="3">83.33</value><value key="TestAccuracy" datatype="5" valuetype="1" ModelId="4">85.71</value><value key="TestAccuracy" datatype="5" valuetype="1" ModelId="5">85.71</value><value key="TestAccuracy" datatype="5" valuetype="1" ModelId="6">88.1</value><value key="TestAccuracy" datatype="5" valuetype="1" ModelId="7">85.71</value><value key="TestAccuracy" datatype="5" valuetype="1" ModelId="8">83.33</value><value key="TestAccuracy" datatype="5" valuetype="1" ModelId="9">83.33</value><value key="TestAccuracy" datatype="5" valuetype="1" ModelId="10">83.33</value><value key="TestAccuracy" datatype="5" valuetype="1" ModelId="11">83.33</value><value key="Size" datatype="3" valuetype="1" ModelId="1">15</value><value key="Size" datatype="3" valuetype="1" ModelId="2">15</value><value key="Size" datatype="3" valuetype="1" ModelId="3">15</value><value key="Size" datatype="3" valuetype="1" ModelId="4">15</value><value key="Size" datatype="3" valuetype="1" ModelId="5">15</value><value key="Size" datatype="3" valuetype="1" ModelId="6">15</value><value key="Size" datatype="3" valuetype="1" ModelId="7">15</value><value key="Size" datatype="3" valuetype="1" ModelId="8">15</value><value key="Size" datatype="3" valuetype="1" ModelId="9">15</value><value key="Size" datatype="3" valuetype="1" ModelId="10">15</value><value key="Size" datatype="3" valuetype="1" ModelId="11">15</value><value key="Generation" datatype="5" valuetype="1" ModelId="1">0</value><value key="Generation" datatype="5" valuetype="1" ModelId="2">2</value><value key="Generation" datatype="5" valuetype="1" ModelId="3">4</value><value key="Generation" datatype="5" valuetype="1" ModelId="4">6</value><value key="Generation" datatype="5" valuetype="1" ModelId="5">13</value><value key="Generation" datatype="5" valuetype="1" ModelId="6">33</value><value key="Generation" datatype="5" valuetype="1" ModelId="7">77</value><value key="Generation" datatype="5" valuetype="1" ModelId="8">253</value><value key="Generation" datatype="5" valuetype="1" ModelId="9">688</value><value key="Generation" datatype="5" valuetype="1" ModelId="10">5496</value><value key="Generation" datatype="5" valuetype="1" ModelId="11">11157</value><value key="RunIndex" datatype="5" valuetype="1" ModelId="1">1</value><value key="RunIndex" datatype="5" valuetype="1" ModelId="2">1</value><value key="RunIndex" datatype="5" valuetype="1" ModelId="3">1</value><value key="RunIndex" datatype="5" valuetype="1" ModelId="4">1</value><value key="RunIndex" datatype="5" valuetype="1" ModelId="5">1</value><value key="RunIndex" datatype="5" valuetype="1" ModelId="6">1</value><value key="RunIndex" datatype="5" valuetype="1" ModelId="7">1</value><value key="RunIndex" datatype="5" valuetype="1" ModelId="8">1</value><value key="RunIndex" datatype="5" valuetype="1" ModelId="9">1</value><value key="RunIndex" datatype="5" valuetype="1" ModelId="10">1</value><value key="RunIndex" datatype="5" valuetype="1" ModelId="11">1</value><value key="Literals" datatype="3" valuetype="-1" ModelId="1">8</value><value key="Variables" datatype="8" valuetype="-1" ModelId="1">education-spending_y_min(1), export-administration-act-south-africa_y_min(1), handicapped-infants_u_max(1), adoption-of-the-budget-resolution_n_max(2), physician-fee-freeze_y_max(1), el-salvador-aid_u_max(1), el-salvador-aid_y_max(1)</value><value key="Literals" datatype="3" valuetype="-1" ModelId="2">8</value><value key="Variables" datatype="8" valuetype="-1" ModelId="2">education-spending_y_min(1), export-administration-act-south-africa_y_min(1), handicapped-infants_u_max(1), adoption-of-the-budget-resolution_n_max(1), physician-fee-freeze_y_max(1), el-salvador-aid_u_max(1), el-salvador-aid_y_max(2)</value><value key="Literals" datatype="3" valuetype="-1" ModelId="3">7</value><value key="Variables" datatype="8" valuetype="-1" ModelId="3">education-spending_y_min(1), export-administration-act-south-africa_y_min(1), adoption-of-the-budget-resolution_n_max(1), physician-fee-freeze_y_max(1), el-salvador-aid_u_max(1), el-salvador-aid_y_max(2)</value><value key="Literals" datatype="3" valuetype="-1" ModelId="4">8</value><value key="Variables" datatype="8" valuetype="-1" ModelId="4">export-administration-act-south-africa_y_min(1), handicapped-infants_u_max(1), adoption-of-the-budget-resolution_n_max(1), physician-fee-freeze_u_max(1), physician-fee-freeze_y_max(1), el-salvador-aid_u_max(1), el-salvador-aid_y_max(2)</value><value key="Literals" datatype="3" valuetype="-1" ModelId="5">8</value><value key="Variables" datatype="8" valuetype="-1" ModelId="5">export-administration-act-south-africa_y_min(1), handicapped-infants_u_max(1), adoption-of-the-budget-resolution_n_max(1), physician-fee-freeze_u_max(1), physician-fee-freeze_y_max(1), el-salvador-aid_u_max(1), el-salvador-aid_y_max(2)</value><value key="Literals" datatype="3" valuetype="-1" ModelId="6">6</value><value key="Variables" datatype="8" valuetype="-1" ModelId="6">export-administration-act-south-africa_y_min(1), adoption-of-the-budget-resolution_n_max(2), physician-fee-freeze_y_max(2), el-salvador-aid_u_max(1)</value><value key="Literals" datatype="3" valuetype="-1" ModelId="7">7</value><value key="Variables" datatype="8" valuetype="-1" ModelId="7">export-administration-act-south-africa_y_min(1), adoption-of-the-budget-resolution_n_max(1), physician-fee-freeze_y_max(2), synfuels-corporation-cutback_n_max(1), superfund-right-to-sue_y_max(1), duty-free-exports_u_max(1)</value><value key="Literals" datatype="3" valuetype="-1" ModelId="8">7</value><value key="Variables" datatype="8" valuetype="-1" ModelId="8">crime_n_min(1), adoption-of-the-budget-resolution_n_max(1), physician-fee-freeze_y_max(2), synfuels-corporation-cutback_n_max(1), superfund-right-to-sue_y_max(2)</value><value key="Literals" datatype="3" valuetype="-1" ModelId="9">7</value><value key="Variables" datatype="8" valuetype="-1" ModelId="9">education-spending_n_min(1), superfund-right-to-sue_y_min(1), adoption-of-the-budget-resolution_n_max(1), physician-fee-freeze_y_max(3), synfuels-corporation-cutback_n_max(1)</value><value key="Literals" datatype="3" valuetype="-1" ModelId="10">9</value><value key="Variables" datatype="8" valuetype="-1" ModelId="10">education-spending_n_min(1), superfund-right-to-sue_y_min(1), adoption-of-the-budget-resolution_n_max(1), physician-fee-freeze_y_max(2), immigration_u_max(2), synfuels-corporation-cutback_n_max(2)</value><value key="Literals" datatype="3" valuetype="-1" ModelId="11">8</value><value key="Variables" datatype="8" valuetype="-1" ModelId="11">mx-missile_u_min(1), education-spending_n_min(1), superfund-right-to-sue_y_min(1), adoption-of-the-budget-resolution_n_max(1), physician-fee-freeze_y_max(2), immigration_u_max(1), synfuels-corporation-cutback_n_max(1)</value><value key="VariableImportance" datatype="8" valuetype="-1" ModelId="11">mx-missile_u_min(8.45507031626704E-04), education-spending_n_min(0.100783746837344), superfund-right-to-sue_y_min(2.16522245367919E-02), adoption-of-the-budget-resolution_n_max(0.106901649363731), physician-fee-freeze_y_max(0.695699503785912), immigration_u_max(6.16742250100466E-03), synfuels-corporation-cutback_n_max(6.79499459435903E-02)</value></run></report>
