<summary><value key="AverageTrainFitness" datatype="5" valuetype="4">974.874371859297</value><value key="AverageTrainRSQuare" datatype="5" valuetype="4">0.79298887653594</value><value key="AverageTrainAccuracy" datatype="5" valuetype="4">98.73</value><value key="MaxTrainFitness" datatype="5" valuetype="4">1000</value><value key="MaxTestFitness" datatype="5" valuetype="4">1000</value><value key="TrainSuccessCount" datatype="3" valuetype="4">0</value><value key="TrainSuccessRate" datatype="5" valuetype="4">0</value><value key="BestTrainFitness" datatype="5" valuetype="4">974.874371859297</value><value key="BestTrainFitnessRun" datatype="3" valuetype="4">1</value><value key="BestTrainFitnessHistory" datatype="3" valuetype="4">1</value><value key="BestTrainFitnessModelId" datatype="3" valuetype="4">11</value><value key="BestTrainFitnessModelSize" datatype="3" valuetype="4">15</value><value key="BestTrainFitnessModelLiterals" datatype="3" valuetype="4">8</value><value key="BestTrainFitnessModelTerminals" datatype="8" valuetype="4">mx-missile_u_min(1), education-spending_n_min(1), superfund-right-to-sue_y_min(1), adoption-of-the-budget-resolution_n_max(1), physician-fee-freeze_y_max(2), immigration_u_max(1), synfuels-corporation-cutback_n_max(1)</value><value key="BestTrainFitnessModelVariableImportance" datatype="8" valuetype="4">mx-missile_u_min(8.74207486978084E-04), education-spending_n_min(8.40547357762184E-02), superfund-right-to-sue_y_min(1.58904902586605E-02), adoption-of-the-budget-resolution_n_max(8.63653443788371E-02), physician-fee-freeze_y_max(0.75645853611633), immigration_u_max(9.95442271329152E-04), synfuels-corporation-cutback_n_max(5.53612437116464E-02)</value><value key="BestTrainAccuracy" datatype="5" valuetype="4">98.73</value><value key="BestTrainAccuracyRun" datatype="3" valuetype="4">1</value><value key="BestTrainAccuracyHistory" datatype="3" valuetype="4">1</value><value key="BestTrainAccuracyModelId" datatype="3" valuetype="4">11</value><value key="BestTrainAccuracyModelSize" datatype="3" valuetype="4">15</value><value key="BestTrainAccuracyModelLiterals" datatype="3" valuetype="4">8</value><value key="BestTrainAccuracyModelTerminals" datatype="8" valuetype="4">mx-missile_u_min(1), education-spending_n_min(1), superfund-right-to-sue_y_min(1), adoption-of-the-budget-resolution_n_max(1), physician-fee-freeze_y_max(2), immigration_u_max(1), synfuels-corporation-cutback_n_max(1)</value><value key="BestTrainAccuracyModelVariableImportance" datatype="8" valuetype="4">mx-missile_u_min(8.74207486978084E-04), education-spending_n_min(8.40547357762184E-02), superfund-right-to-sue_y_min(1.58904902586605E-02), adoption-of-the-budget-resolution_n_max(8.63653443788371E-02), physician-fee-freeze_y_max(0.75645853611633), immigration_u_max(9.95442271329152E-04), synfuels-corporation-cutback_n_max(5.53612437116464E-02)</value><value key="BestTrainRSQuare" datatype="5" valuetype="4">0.79298887653594</value><value key="BestTrainRSQuareRun" datatype="3" valuetype="4">1</value><value key="BestTrainRSQuareHistory" datatype="3" valuetype="4">1</value><value key="BestTrainRSQuareModelId" datatype="3" valuetype="4">11</value><value key="BestTrainRSQuareModelSize" datatype="3" valuetype="4">15</value><value key="BestTrainRSQuareModelLiterals" datatype="3" valuetype="4">8</value><value key="BestTrainRSQuareModelTerminals" datatype="8" valuetype="4">mx-missile_u_min(1), education-spending_n_min(1), superfund-right-to-sue_y_min(1), adoption-of-the-budget-resolution_n_max(1), physician-fee-freeze_y_max(2), immigration_u_max(1), synfuels-corporation-cutback_n_max(1)</value><value key="BestTrainRSQuareModelVariableImportance" datatype="8" valuetype="4">mx-missile_u_min(8.74207486978084E-04), education-spending_n_min(8.40547357762184E-02), superfund-right-to-sue_y_min(1.58904902586605E-02), adoption-of-the-budget-resolution_n_max(8.63653443788371E-02), physician-fee-freeze_y_max(0.75645853611633), immigration_u_max(9.95442271329152E-04), synfuels-corporation-cutback_n_max(5.53612437116464E-02)</value><value key="TestSuccessCount" datatype="3" valuetype="4">0</value><value key="TestSuccessRate" datatype="5" valuetype="4">0</value><value key="AverageTestFitness" datatype="5" valuetype="4">595.238095238095</value><value key="AverageTestRSQuare" datatype="5" valuetype="4">0.507096404164525</value><value key="AverageTestAccuracy" datatype="5" valuetype="4">83.33</value><value key="BestTestFitness" datatype="5" valuetype="4">715.667311411992</value><value key="BestTestFitnessRun" datatype="3" valuetype="4">1</value><value key="BestTestFitnessHistory" datatype="3" valuetype="4">1</value><value key="BestTestFitnessModelId" datatype="3" valuetype="4">6</value><value key="BestTestFitnessModelSize" datatype="3" valuetype="4">15</value><value key="BestTestFitnessModelLiterals" datatype="3" valuetype="4">6</value><value key="BestTestFitnessModelTerminals" datatype="8" valuetype="4">export-administration-act-south-africa_y_min(1), adoption-of-the-budget-resolution_n_max(2), physician-fee-freeze_y_max(2), el-salvador-aid_u_max(1)</value><value key="BestTestFitnessModelVariableImportance" datatype="8" valuetype="4">export-administration-act-south-africa_y_min(0.143355938128562), adoption-of-the-budget-resolution_n_max(0.249082714384984), physician-fee-freeze_y_max(0.461863571562745), el-salvador-aid_u_max(0.145697775923709)</value><value key="BestTestAccuracy" datatype="5" valuetype="4">88.1</value><value key="BestTestAccuracyRun" datatype="3" valuetype="4">1</value><value key="BestTestAccuracyHistory" datatype="3" valuetype="4">1</value><value key="BestTestAccuracyModelId" datatype="3" valuetype="4">6</value><value key="BestTestAccuracyModelSize" datatype="3" valuetype="4">15</value><value key="BestTestAccuracyModelLiterals" datatype="3" valuetype="4">6</value><value key="BestTestAccuracyModelTerminals" datatype="8" valuetype="4">export-administration-act-south-africa_y_min(1), adoption-of-the-budget-resolution_n_max(2), physician-fee-freeze_y_max(2), el-salvador-aid_u_max(1)</value><value key="BestTestAccuracyModelVariableImportance" datatype="8" valuetype="4">export-administration-act-south-africa_y_min(0.143355938128562), adoption-of-the-budget-resolution_n_max(0.249082714384984), physician-fee-freeze_y_max(0.461863571562745), el-salvador-aid_u_max(0.145697775923709)</value><value key="BestTestRSQuare" datatype="5" valuetype="4">0.55350049652433</value><value key="BestTestRSQuareRun" datatype="3" valuetype="4">1</value><value key="BestTestRSQuareHistory" datatype="3" valuetype="4">1</value><value key="BestTestRSQuareModelId" datatype="3" valuetype="4">6</value><value key="BestTestRSQuareModelSize" datatype="3" valuetype="4">15</value><value key="BestTestRSQuareModelLiterals" datatype="3" valuetype="4">6</value><value key="BestTestRSQuareModelTerminals" datatype="8" valuetype="4">export-administration-act-south-africa_y_min(1), adoption-of-the-budget-resolution_n_max(2), physician-fee-freeze_y_max(2), el-salvador-aid_u_max(1)</value><value key="BestTestRSQuareModelVariableImportance" datatype="8" valuetype="4">export-administration-act-south-africa_y_min(0.143355938128562), adoption-of-the-budget-resolution_n_max(0.249082714384984), physician-fee-freeze_y_max(0.461863571562745), el-salvador-aid_u_max(0.145697775923709)</value><value key="DefinitionFile" datatype="8" valuetype="4">../vote_1_5_9_jobdef.xml</value></summary>
