<log created='11/30/2019 13:56:24' name='vote_template_classification_000001'>
<item created='11/30/2019 13:56:24' severity='0'>Processing run 1...</item>
<item created='11/30/2019 13:56:24' severity='0'>Applied setting Genes (5)</item>
<item created='11/30/2019 13:56:24' severity='0'>Applied setting HeadSize (1)</item>
<item created='11/30/2019 13:56:24' severity='0'>Applied setting FitnessFunction (11)</item>
<item created='11/30/2019 13:56:24' severity='0'>Applied setting RoundingThreshold (0.5)</item>
<item created='11/30/2019 13:56:24' severity='0'>Changed function * to weight 2.</item>
<item created='11/30/2019 13:56:24' severity='0'>Loading data from file vote_TRAIN_fold_9.csv ...</item>
<item created='11/30/2019 13:56:25' severity='0'>Loading data from file vote_TEST_fold_9.csv ...</item>
<item created='11/30/2019 13:56:26' severity='0'>Loading run file... vote_1_5_9\vote_template_classification_000001.gep</item>
<item created='11/30/2019 13:56:26' severity='0'>Initializing run...</item>
<item created='11/30/2019 13:56:26' severity='0'>Training Set size: 393</item>
<item created='11/30/2019 13:56:26' severity='0'>Dataset loaded.</item>
<item created='11/30/2019 13:56:26' severity='0'>Starting...</item>
<item created='11/30/2019 13:56:26' severity='0'>Generation: 0 (707.527766351296, 87.53% (344))</item>
<item created='11/30/2019 13:56:28' severity='0'>Generation: 480 (960.099750623441, 97.96% (385))</item>
<item created='11/30/2019 13:56:30' severity='0'>Generation: 1086 (965, 98.22% (386))</item>
<item created='11/30/2019 13:56:32' severity='0'>Generation: 1715 (965, 98.22% (386))</item>
<item created='11/30/2019 13:56:34' severity='0'>Generation: 2339 (965, 98.22% (386))</item>
<item created='11/30/2019 13:56:36' severity='0'>Generation: 2998 (965, 98.22% (386))</item>
<item created='11/30/2019 13:56:38' severity='0'>Generation: 3640 (965, 98.22% (386))</item>
<item created='11/30/2019 13:56:40' severity='0'>Generation: 4291 (965, 98.22% (386))</item>
<item created='11/30/2019 13:56:42' severity='0'>Generation: 4908 (965, 98.22% (386))</item>
<item created='11/30/2019 13:56:44' severity='0'>Generation: 5549 (969.924812030075, 98.47% (387))</item>
<item created='11/30/2019 13:56:46' severity='0'>Generation: 6181 (969.924812030075, 98.47% (387))</item>
<item created='11/30/2019 13:56:48' severity='0'>Generation: 6805 (969.924812030075, 98.47% (387))</item>
<item created='11/30/2019 13:56:50' severity='0'>Generation: 7428 (969.924812030075, 98.47% (387))</item>
<item created='11/30/2019 13:56:52' severity='0'>Generation: 8045 (969.924812030075, 98.47% (387))</item>
<item created='11/30/2019 13:56:54' severity='0'>Generation: 8626 (969.924812030075, 98.47% (387))</item>
<item created='11/30/2019 13:56:56' severity='0'>Generation: 9202 (969.924812030075, 98.47% (387))</item>
<item created='11/30/2019 13:56:58' severity='0'>Generation: 9775 (969.924812030075, 98.47% (387))</item>
<item created='11/30/2019 13:57:00' severity='0'>Generation: 10349 (969.924812030075, 98.47% (387))</item>
<item created='11/30/2019 13:57:02' severity='0'>Generation: 10968 (969.924812030075, 98.47% (387))</item>
<item created='11/30/2019 13:57:04' severity='0'>Generation: 11590 (974.874371859297, 98.73% (388))</item>
<item created='11/30/2019 13:57:06' severity='0'>Generation: 12214 (974.874371859297, 98.73% (388))</item>
<item created='11/30/2019 13:57:08' severity='0'>Generation: 12814 (974.874371859297, 98.73% (388))</item>
<item created='11/30/2019 13:57:10' severity='0'>Generation: 13444 (974.874371859297, 98.73% (388))</item>
<item created='11/30/2019 13:57:12' severity='0'>Generation: 14055 (974.874371859297, 98.73% (388))</item>
<item created='11/30/2019 13:57:14' severity='0'>Generation: 14659 (974.874371859297, 98.73% (388))</item>
<item created='11/30/2019 13:57:16' severity='0'>Generation: 15261 (974.874371859297, 98.73% (388))</item>
<item created='11/30/2019 13:57:18' severity='0'>Generation: 15871 (974.874371859297, 98.73% (388))</item>
<item created='11/30/2019 13:57:20' severity='0'>Generation: 16469 (974.874371859297, 98.73% (388))</item>
<item created='11/30/2019 13:57:22' severity='0'>Generation: 17046 (974.874371859297, 98.73% (388))</item>
<item created='11/30/2019 13:57:24' severity='0'>Generation: 17648 (974.874371859297, 98.73% (388))</item>
<item created='11/30/2019 13:57:26' severity='0'>Generation: 18266 (974.874371859297, 98.73% (388))</item>
<item created='11/30/2019 13:57:28' severity='0'>Generation: 18883 (974.874371859297, 98.73% (388))</item>
<item created='11/30/2019 13:57:30' severity='0'>Generation: 19486 (974.874371859297, 98.73% (388))</item>
<item created='11/30/2019 13:57:31' severity='0'>Finished run.</item>
<item created='11/30/2019 13:57:31' severity='0'>Models created: 11</item>
<item created='11/30/2019 13:57:31' severity='0'>Models: 11</item>
<item created='11/30/2019 13:57:31' severity='0'>Last Model: 11</item>
<item created='11/30/2019 13:57:31' severity='0'>Generation: 11157</item>
<item created='11/30/2019 13:57:31' severity='0'>Training Fitness: 974.874371859297</item>
<item created='11/30/2019 13:57:31' severity='0'>Training Accuracy: 98.73%</item>
<item created='11/30/2019 13:57:31' severity='0'>Success</item>
<item created='11/30/2019 13:57:32' severity='0'>Loading run file... vote_1_5_9\vote_template_classification_000001.gep</item>
<item created='11/30/2019 13:57:32' severity='0'>Initializing tests for all models...</item>
<item created='11/30/2019 13:57:32' severity='0'>Testing model 1 on the Validation Set with 42 records.............</item>
<item created='11/30/2019 13:57:32' severity='0'>Testing model 2 on the Validation Set with 42 records.............</item>
<item created='11/30/2019 13:57:32' severity='0'>Testing model 3 on the Validation Set with 42 records.............</item>
<item created='11/30/2019 13:57:32' severity='0'>Testing model 4 on the Validation Set with 42 records.............</item>
<item created='11/30/2019 13:57:32' severity='0'>Testing model 5 on the Validation Set with 42 records.............</item>
<item created='11/30/2019 13:57:32' severity='0'>Testing model 6 on the Validation Set with 42 records.............</item>
<item created='11/30/2019 13:57:32' severity='0'>Testing model 7 on the Validation Set with 42 records.............</item>
<item created='11/30/2019 13:57:32' severity='0'>Testing model 8 on the Validation Set with 42 records.............</item>
<item created='11/30/2019 13:57:32' severity='0'>Testing model 9 on the Validation Set with 42 records.............</item>
<item created='11/30/2019 13:57:32' severity='0'>Testing model 10 on the Validation Set with 42 records.............</item>
<item created='11/30/2019 13:57:32' severity='0'>Testing model 11 on the Validation Set with 42 records.............</item>
<item created='11/30/2019 13:57:32' severity='0'>Success</item>
</log>
