<summary><value key="AverageTrainFitness" datatype="5" valuetype="4">964.912280701754</value><value key="AverageTrainRSQuare" datatype="5" valuetype="4">0.778305824024014</value><value key="AverageTrainAccuracy" datatype="5" valuetype="4">98.21</value><value key="MaxTrainFitness" datatype="5" valuetype="4">1000</value><value key="MaxTestFitness" datatype="5" valuetype="4">1000</value><value key="TrainSuccessCount" datatype="3" valuetype="4">0</value><value key="TrainSuccessRate" datatype="5" valuetype="4">0</value><value key="BestTrainFitness" datatype="5" valuetype="4">964.912280701754</value><value key="BestTrainFitnessRun" datatype="3" valuetype="4">1</value><value key="BestTrainFitnessHistory" datatype="3" valuetype="4">1</value><value key="BestTrainFitnessModelId" datatype="3" valuetype="4">15</value><value key="BestTrainFitnessModelSize" datatype="3" valuetype="4">16</value><value key="BestTrainFitnessModelLiterals" datatype="3" valuetype="4">10</value><value key="BestTrainFitnessModelTerminals" datatype="8" valuetype="4">adoption-of-the-budget-resolution_y_min(1), physician-fee-freeze_n_min(1), mx-missile_y_min(1), duty-free-exports_y_min(1), physician-fee-freeze_y_max(2), anti-satellite-test-ban_y_max(1), aid-to-nicaraguan-contras_n_max(1), synfuels-corporation-cutback_n_max(2)</value><value key="BestTrainFitnessModelVariableImportance" datatype="8" valuetype="4">adoption-of-the-budget-resolution_y_min(5.50356426369349E-02), physician-fee-freeze_n_min(0.402684621431269), mx-missile_y_min(0.173146328007131), duty-free-exports_y_min(6.80605939704632E-02), physician-fee-freeze_y_max(0.154644183061626), anti-satellite-test-ban_y_max(1.95520921557952E-02), aid-to-nicaraguan-contras_n_max(1.19531452452098E-02), synfuels-corporation-cutback_n_max(0.114923393491571)</value><value key="BestTrainAccuracy" datatype="5" valuetype="4">98.21</value><value key="BestTrainAccuracyRun" datatype="3" valuetype="4">1</value><value key="BestTrainAccuracyHistory" datatype="3" valuetype="4">1</value><value key="BestTrainAccuracyModelId" datatype="3" valuetype="4">15</value><value key="BestTrainAccuracyModelSize" datatype="3" valuetype="4">16</value><value key="BestTrainAccuracyModelLiterals" datatype="3" valuetype="4">10</value><value key="BestTrainAccuracyModelTerminals" datatype="8" valuetype="4">adoption-of-the-budget-resolution_y_min(1), physician-fee-freeze_n_min(1), mx-missile_y_min(1), duty-free-exports_y_min(1), physician-fee-freeze_y_max(2), anti-satellite-test-ban_y_max(1), aid-to-nicaraguan-contras_n_max(1), synfuels-corporation-cutback_n_max(2)</value><value key="BestTrainAccuracyModelVariableImportance" datatype="8" valuetype="4">adoption-of-the-budget-resolution_y_min(5.50356426369349E-02), physician-fee-freeze_n_min(0.402684621431269), mx-missile_y_min(0.173146328007131), duty-free-exports_y_min(6.80605939704632E-02), physician-fee-freeze_y_max(0.154644183061626), anti-satellite-test-ban_y_max(1.95520921557952E-02), aid-to-nicaraguan-contras_n_max(1.19531452452098E-02), synfuels-corporation-cutback_n_max(0.114923393491571)</value><value key="BestTrainRSQuare" datatype="5" valuetype="4">0.778305824024014</value><value key="BestTrainRSQuareRun" datatype="3" valuetype="4">1</value><value key="BestTrainRSQuareHistory" datatype="3" valuetype="4">1</value><value key="BestTrainRSQuareModelId" datatype="3" valuetype="4">15</value><value key="BestTrainRSQuareModelSize" datatype="3" valuetype="4">16</value><value key="BestTrainRSQuareModelLiterals" datatype="3" valuetype="4">10</value><value key="BestTrainRSQuareModelTerminals" datatype="8" valuetype="4">adoption-of-the-budget-resolution_y_min(1), physician-fee-freeze_n_min(1), mx-missile_y_min(1), duty-free-exports_y_min(1), physician-fee-freeze_y_max(2), anti-satellite-test-ban_y_max(1), aid-to-nicaraguan-contras_n_max(1), synfuels-corporation-cutback_n_max(2)</value><value key="BestTrainRSQuareModelVariableImportance" datatype="8" valuetype="4">adoption-of-the-budget-resolution_y_min(5.50356426369349E-02), physician-fee-freeze_n_min(0.402684621431269), mx-missile_y_min(0.173146328007131), duty-free-exports_y_min(6.80605939704632E-02), physician-fee-freeze_y_max(0.154644183061626), anti-satellite-test-ban_y_max(1.95520921557952E-02), aid-to-nicaraguan-contras_n_max(1.19531452452098E-02), synfuels-corporation-cutback_n_max(0.114923393491571)</value><value key="TestSuccessCount" datatype="3" valuetype="4">1</value><value key="TestSuccessRate" datatype="5" valuetype="4">100</value><value key="AverageTestFitness" datatype="5" valuetype="4">954.545454545455</value><value key="AverageTestRSQuare" datatype="5" valuetype="4">0.763551869434223</value><value key="AverageTestAccuracy" datatype="5" valuetype="4">97.67</value><value key="BestTestFitness" datatype="5" valuetype="4">1000</value><value key="BestTestFitnessRun" datatype="3" valuetype="4">1</value><value key="BestTestFitnessHistory" datatype="3" valuetype="4">1</value><value key="BestTestFitnessModelId" datatype="3" valuetype="4">13</value><value key="BestTestFitnessModelSize" datatype="3" valuetype="4">16</value><value key="BestTestFitnessModelLiterals" datatype="3" valuetype="4">8</value><value key="BestTestFitnessModelTerminals" datatype="8" valuetype="4">adoption-of-the-budget-resolution_y_min(1), physician-fee-freeze_n_min(1), mx-missile_y_min(1), synfuels-corporation-cutback_y_min(1), water-project-cost-sharing_n_max(1), physician-fee-freeze_y_max(1), synfuels-corporation-cutback_n_max(2)</value><value key="BestTestFitnessModelVariableImportance" datatype="8" valuetype="4">adoption-of-the-budget-resolution_y_min(4.08417849435959E-02), physician-fee-freeze_n_min(0.792116618946115), mx-missile_y_min(1.91706758479224E-03), synfuels-corporation-cutback_y_min(4.29687401763046E-02), water-project-cost-sharing_n_max(3.09616935523831E-02), physician-fee-freeze_y_max(3.75559999514409E-02), synfuels-corporation-cutback_n_max(5.36380948453687E-02)</value><value key="BestTestAccuracy" datatype="5" valuetype="4">100</value><value key="BestTestAccuracyRun" datatype="3" valuetype="4">1</value><value key="BestTestAccuracyHistory" datatype="3" valuetype="4">1</value><value key="BestTestAccuracyModelId" datatype="3" valuetype="4">13</value><value key="BestTestAccuracyModelSize" datatype="3" valuetype="4">16</value><value key="BestTestAccuracyModelLiterals" datatype="3" valuetype="4">8</value><value key="BestTestAccuracyModelTerminals" datatype="8" valuetype="4">adoption-of-the-budget-resolution_y_min(1), physician-fee-freeze_n_min(1), mx-missile_y_min(1), synfuels-corporation-cutback_y_min(1), water-project-cost-sharing_n_max(1), physician-fee-freeze_y_max(1), synfuels-corporation-cutback_n_max(2)</value><value key="BestTestAccuracyModelVariableImportance" datatype="8" valuetype="4">adoption-of-the-budget-resolution_y_min(4.08417849435959E-02), physician-fee-freeze_n_min(0.792116618946115), mx-missile_y_min(1.91706758479224E-03), synfuels-corporation-cutback_y_min(4.29687401763046E-02), water-project-cost-sharing_n_max(3.09616935523831E-02), physician-fee-freeze_y_max(3.75559999514409E-02), synfuels-corporation-cutback_n_max(5.36380948453687E-02)</value><value key="BestTestRSQuare" datatype="5" valuetype="4">0.880952760615278</value><value key="BestTestRSQuareRun" datatype="3" valuetype="4">1</value><value key="BestTestRSQuareHistory" datatype="3" valuetype="4">1</value><value key="BestTestRSQuareModelId" datatype="3" valuetype="4">13</value><value key="BestTestRSQuareModelSize" datatype="3" valuetype="4">16</value><value key="BestTestRSQuareModelLiterals" datatype="3" valuetype="4">8</value><value key="BestTestRSQuareModelTerminals" datatype="8" valuetype="4">adoption-of-the-budget-resolution_y_min(1), physician-fee-freeze_n_min(1), mx-missile_y_min(1), synfuels-corporation-cutback_y_min(1), water-project-cost-sharing_n_max(1), physician-fee-freeze_y_max(1), synfuels-corporation-cutback_n_max(2)</value><value key="BestTestRSQuareModelVariableImportance" datatype="8" valuetype="4">adoption-of-the-budget-resolution_y_min(4.08417849435959E-02), physician-fee-freeze_n_min(0.792116618946115), mx-missile_y_min(1.91706758479224E-03), synfuels-corporation-cutback_y_min(4.29687401763046E-02), water-project-cost-sharing_n_max(3.09616935523831E-02), physician-fee-freeze_y_max(3.75559999514409E-02), synfuels-corporation-cutback_n_max(5.36380948453687E-02)</value><value key="DefinitionFile" datatype="8" valuetype="4">../vote_1_6_8_jobdef.xml</value></summary>
