<rundefinition id="1" stopcondition="generations" value="20000">
	<datasets>
		<dataset type="training" samples="all">
			<connection type="file" format="standard">
				<path separator="comma" haslabels="yes">
                        C:/DOKTORAT/PIPELINE/data.min.max/vote/vote_TRAIN_fold_8.csv
                    </path>
			</connection>
		</dataset>
		<dataset type="testing" samples="all">
			<connection type="file" format="standard">
				<path separator="comma" haslabels="yes">
                        C:/DOKTORAT/PIPELINE/data.min.max/vote/vote_TEST_fold_8.csv
                    </path>
			</connection>
		</dataset>
	</datasets>
	<settings>
		<setting key="Genes" value="6"/>
		<setting key="HeadSize" value="1"/>
		<setting key="FitnessFunction" value="11"/>
		<setting key="RoundingThreshold" value="0.5"/>
	</settings>
	<functions>
		<function action="add" symbol="*" weight="2"/>
	</functions>
	<test whichmodels="all"/>
</rundefinition>
