<log created='11/30/2019 14:07:52' name='vote_template_classification_000001'>
<item created='11/30/2019 14:07:52' severity='0'>Processing run 1...</item>
<item created='11/30/2019 14:07:52' severity='0'>Applied setting Genes (6)</item>
<item created='11/30/2019 14:07:52' severity='0'>Applied setting HeadSize (1)</item>
<item created='11/30/2019 14:07:52' severity='0'>Applied setting FitnessFunction (11)</item>
<item created='11/30/2019 14:07:52' severity='0'>Applied setting RoundingThreshold (0.5)</item>
<item created='11/30/2019 14:07:52' severity='0'>Changed function * to weight 2.</item>
<item created='11/30/2019 14:07:52' severity='0'>Loading data from file vote_TRAIN_fold_8.csv ...</item>
<item created='11/30/2019 14:07:53' severity='0'>Loading data from file vote_TEST_fold_8.csv ...</item>
<item created='11/30/2019 14:07:54' severity='0'>Loading run file... vote_1_6_8\vote_template_classification_000001.gep</item>
<item created='11/30/2019 14:07:54' severity='0'>Initializing run...</item>
<item created='11/30/2019 14:07:54' severity='0'>Training Set size: 392</item>
<item created='11/30/2019 14:07:54' severity='0'>Dataset loaded.</item>
<item created='11/30/2019 14:07:54' severity='0'>Starting...</item>
<item created='11/30/2019 14:07:54' severity='0'>Generation: 0 (596.280087527352, 83.42% (327))</item>
<item created='11/30/2019 14:07:56' severity='0'>Generation: 418 (940.594059405941, 96.94% (380))</item>
<item created='11/30/2019 14:07:58' severity='0'>Generation: 1005 (955.112219451372, 97.70% (383))</item>
<item created='11/30/2019 14:08:00' severity='0'>Generation: 1585 (955.112219451372, 97.70% (383))</item>
<item created='11/30/2019 14:08:02' severity='0'>Generation: 2175 (955.112219451372, 97.70% (383))</item>
<item created='11/30/2019 14:08:04' severity='0'>Generation: 2714 (960, 97.96% (384))</item>
<item created='11/30/2019 14:08:06' severity='0'>Generation: 3246 (960, 97.96% (384))</item>
<item created='11/30/2019 14:08:08' severity='0'>Generation: 3802 (960, 97.96% (384))</item>
<item created='11/30/2019 14:08:10' severity='0'>Generation: 4386 (964.912280701754, 98.21% (385))</item>
<item created='11/30/2019 14:08:12' severity='0'>Generation: 4967 (964.912280701754, 98.21% (385))</item>
<item created='11/30/2019 14:08:14' severity='0'>Generation: 5539 (964.912280701754, 98.21% (385))</item>
<item created='11/30/2019 14:08:16' severity='0'>Generation: 6089 (964.912280701754, 98.21% (385))</item>
<item created='11/30/2019 14:08:18' severity='0'>Generation: 6668 (964.912280701754, 98.21% (385))</item>
<item created='11/30/2019 14:08:20' severity='0'>Generation: 7246 (964.912280701754, 98.21% (385))</item>
<item created='11/30/2019 14:08:22' severity='0'>Generation: 7823 (964.912280701754, 98.21% (385))</item>
<item created='11/30/2019 14:08:24' severity='0'>Generation: 8388 (964.912280701754, 98.21% (385))</item>
<item created='11/30/2019 14:08:26' severity='0'>Generation: 8941 (964.912280701754, 98.21% (385))</item>
<item created='11/30/2019 14:08:28' severity='0'>Generation: 9510 (964.912280701754, 98.21% (385))</item>
<item created='11/30/2019 14:08:30' severity='0'>Generation: 10107 (964.912280701754, 98.21% (385))</item>
<item created='11/30/2019 14:08:32' severity='0'>Generation: 10690 (964.912280701754, 98.21% (385))</item>
<item created='11/30/2019 14:08:34' severity='0'>Generation: 11264 (964.912280701754, 98.21% (385))</item>
<item created='11/30/2019 14:08:36' severity='0'>Generation: 11824 (964.912280701754, 98.21% (385))</item>
<item created='11/30/2019 14:08:38' severity='0'>Generation: 12390 (964.912280701754, 98.21% (385))</item>
<item created='11/30/2019 14:08:40' severity='0'>Generation: 12947 (964.912280701754, 98.21% (385))</item>
<item created='11/30/2019 14:08:42' severity='0'>Generation: 13540 (964.912280701754, 98.21% (385))</item>
<item created='11/30/2019 14:08:44' severity='0'>Generation: 14116 (964.912280701754, 98.21% (385))</item>
<item created='11/30/2019 14:08:46' severity='0'>Generation: 14689 (964.912280701754, 98.21% (385))</item>
<item created='11/30/2019 14:08:48' severity='0'>Generation: 15264 (964.912280701754, 98.21% (385))</item>
<item created='11/30/2019 14:08:50' severity='0'>Generation: 15843 (964.912280701754, 98.21% (385))</item>
<item created='11/30/2019 14:08:52' severity='0'>Generation: 16403 (964.912280701754, 98.21% (385))</item>
<item created='11/30/2019 14:08:54' severity='0'>Generation: 16968 (964.912280701754, 98.21% (385))</item>
<item created='11/30/2019 14:08:56' severity='0'>Generation: 17531 (964.912280701754, 98.21% (385))</item>
<item created='11/30/2019 14:08:58' severity='0'>Generation: 18097 (964.912280701754, 98.21% (385))</item>
<item created='11/30/2019 14:09:00' severity='0'>Generation: 18661 (964.912280701754, 98.21% (385))</item>
<item created='11/30/2019 14:09:02' severity='0'>Generation: 19226 (964.912280701754, 98.21% (385))</item>
<item created='11/30/2019 14:09:04' severity='0'>Generation: 19775 (964.912280701754, 98.21% (385))</item>
<item created='11/30/2019 14:09:04' severity='0'>Finished run.</item>
<item created='11/30/2019 14:09:04' severity='0'>Models created: 15</item>
<item created='11/30/2019 14:09:04' severity='0'>Models: 15</item>
<item created='11/30/2019 14:09:04' severity='0'>Last Model: 15</item>
<item created='11/30/2019 14:09:04' severity='0'>Generation: 3927</item>
<item created='11/30/2019 14:09:04' severity='0'>Training Fitness: 964.912280701754</item>
<item created='11/30/2019 14:09:04' severity='0'>Training Accuracy: 98.21%</item>
<item created='11/30/2019 14:09:04' severity='0'>Success</item>
<item created='11/30/2019 14:09:05' severity='0'>Loading run file... vote_1_6_8\vote_template_classification_000001.gep</item>
<item created='11/30/2019 14:09:05' severity='0'>Initializing tests for all models...</item>
<item created='11/30/2019 14:09:05' severity='0'>Testing model 1 on the Validation Set with 43 records.............</item>
<item created='11/30/2019 14:09:05' severity='0'>Testing model 2 on the Validation Set with 43 records.............</item>
<item created='11/30/2019 14:09:05' severity='0'>Testing model 3 on the Validation Set with 43 records.............</item>
<item created='11/30/2019 14:09:05' severity='0'>Testing model 4 on the Validation Set with 43 records.............</item>
<item created='11/30/2019 14:09:05' severity='0'>Testing model 5 on the Validation Set with 43 records.............</item>
<item created='11/30/2019 14:09:05' severity='0'>Testing model 6 on the Validation Set with 43 records.............</item>
<item created='11/30/2019 14:09:05' severity='0'>Testing model 7 on the Validation Set with 43 records.............</item>
<item created='11/30/2019 14:09:05' severity='0'>Testing model 8 on the Validation Set with 43 records.............</item>
<item created='11/30/2019 14:09:05' severity='0'>Testing model 9 on the Validation Set with 43 records.............</item>
<item created='11/30/2019 14:09:05' severity='0'>Testing model 10 on the Validation Set with 43 records.............</item>
<item created='11/30/2019 14:09:05' severity='0'>Testing model 11 on the Validation Set with 43 records.............</item>
<item created='11/30/2019 14:09:05' severity='0'>Testing model 12 on the Validation Set with 43 records.............</item>
<item created='11/30/2019 14:09:05' severity='0'>Testing model 13 on the Validation Set with 43 records.............</item>
<item created='11/30/2019 14:09:05' severity='0'>Testing model 14 on the Validation Set with 43 records.............</item>
<item created='11/30/2019 14:09:05' severity='0'>Testing model 15 on the Validation Set with 43 records.............</item>
<item created='11/30/2019 14:09:05' severity='0'>Success</item>
</log>
