<report id="0"><run id="1" name="vote_template_classification_000001.gep"><value key="HasTestingSet" datatype="3" valuetype="0">1</value><value key="TrainFitness" datatype="5" valuetype="1" ModelId="1">596.280087527352</value><value key="TrainFitness" datatype="5" valuetype="1" ModelId="2">729.362591431557</value><value key="TrainFitness" datatype="5" valuetype="1" ModelId="3">779.836277466609</value><value key="TrainFitness" datatype="5" valuetype="1" ModelId="4">787.878787878788</value><value key="TrainFitness" datatype="5" valuetype="1" ModelId="5">844.705882352941</value><value key="TrainFitness" datatype="5" valuetype="1" ModelId="6">916.870415647922</value><value key="TrainFitness" datatype="5" valuetype="1" ModelId="7">921.56862745098</value><value key="TrainFitness" datatype="5" valuetype="1" ModelId="8">926.289926289926</value><value key="TrainFitness" datatype="5" valuetype="1" ModelId="9">931.034482758621</value><value key="TrainFitness" datatype="5" valuetype="1" ModelId="10">935.802469135802</value><value key="TrainFitness" datatype="5" valuetype="1" ModelId="11">940.594059405941</value><value key="TrainFitness" datatype="5" valuetype="1" ModelId="12">950.248756218905</value><value key="TrainFitness" datatype="5" valuetype="1" ModelId="13">955.112219451372</value><value key="TrainFitness" datatype="5" valuetype="1" ModelId="14">960</value><value key="TrainFitness" datatype="5" valuetype="1" ModelId="15">964.912280701754</value><value key="TrainAccuracy" datatype="5" valuetype="1" ModelId="1">83.42</value><value key="TrainAccuracy" datatype="5" valuetype="1" ModelId="2">89.03</value><value key="TrainAccuracy" datatype="5" valuetype="1" ModelId="3">92.35</value><value key="TrainAccuracy" datatype="5" valuetype="1" ModelId="4">92.86</value><value key="TrainAccuracy" datatype="5" valuetype="1" ModelId="5">91.58</value><value key="TrainAccuracy" datatype="5" valuetype="1" ModelId="6">95.66</value><value key="TrainAccuracy" datatype="5" valuetype="1" ModelId="7">95.92</value><value key="TrainAccuracy" datatype="5" valuetype="1" ModelId="8">96.17</value><value key="TrainAccuracy" datatype="5" valuetype="1" ModelId="9">96.43</value><value key="TrainAccuracy" datatype="5" valuetype="1" ModelId="10">96.68</value><value key="TrainAccuracy" datatype="5" valuetype="1" ModelId="11">96.94</value><value key="TrainAccuracy" datatype="5" valuetype="1" ModelId="12">97.45</value><value key="TrainAccuracy" datatype="5" valuetype="1" ModelId="13">97.7</value><value key="TrainAccuracy" datatype="5" valuetype="1" ModelId="14">97.96</value><value key="TrainAccuracy" datatype="5" valuetype="1" ModelId="15">98.21</value><value key="TestFitness" datatype="5" valuetype="1" ModelId="1">629.251700680272</value><value key="TestFitness" datatype="5" valuetype="1" ModelId="2">691.489361702128</value><value key="TestFitness" datatype="5" valuetype="1" ModelId="3">911.111111111111</value><value key="TestFitness" datatype="5" valuetype="1" ModelId="4">539.35860058309</value><value key="TestFitness" datatype="5" valuetype="1" ModelId="5">911.111111111111</value><value key="TestFitness" datatype="5" valuetype="1" ModelId="6">911.111111111111</value><value key="TestFitness" datatype="5" valuetype="1" ModelId="7">911.111111111111</value><value key="TestFitness" datatype="5" valuetype="1" ModelId="8">954.545454545455</value><value key="TestFitness" datatype="5" valuetype="1" ModelId="9">954.545454545455</value><value key="TestFitness" datatype="5" valuetype="1" ModelId="10">954.545454545455</value><value key="TestFitness" datatype="5" valuetype="1" ModelId="11">954.545454545455</value><value key="TestFitness" datatype="5" valuetype="1" ModelId="12">954.545454545455</value><value key="TestFitness" datatype="5" valuetype="1" ModelId="13">1000</value><value key="TestFitness" datatype="5" valuetype="1" ModelId="14">954.545454545455</value><value key="TestFitness" datatype="5" valuetype="1" ModelId="15">954.545454545455</value><value key="TestAccuracy" datatype="5" valuetype="1" ModelId="1">86.05</value><value key="TestAccuracy" datatype="5" valuetype="1" ModelId="2">90.7</value><value key="TestAccuracy" datatype="5" valuetype="1" ModelId="3">95.35</value><value key="TestAccuracy" datatype="5" valuetype="1" ModelId="4">86.05</value><value key="TestAccuracy" datatype="5" valuetype="1" ModelId="5">95.35</value><value key="TestAccuracy" datatype="5" valuetype="1" ModelId="6">95.35</value><value key="TestAccuracy" datatype="5" valuetype="1" ModelId="7">95.35</value><value key="TestAccuracy" datatype="5" valuetype="1" ModelId="8">97.67</value><value key="TestAccuracy" datatype="5" valuetype="1" ModelId="9">97.67</value><value key="TestAccuracy" datatype="5" valuetype="1" ModelId="10">97.67</value><value key="TestAccuracy" datatype="5" valuetype="1" ModelId="11">97.67</value><value key="TestAccuracy" datatype="5" valuetype="1" ModelId="12">97.67</value><value key="TestAccuracy" datatype="5" valuetype="1" ModelId="13">100</value><value key="TestAccuracy" datatype="5" valuetype="1" ModelId="14">97.67</value><value key="TestAccuracy" datatype="5" valuetype="1" ModelId="15">97.67</value><value key="Size" datatype="3" valuetype="1" ModelId="1">15</value><value key="Size" datatype="3" valuetype="1" ModelId="2">15</value><value key="Size" datatype="3" valuetype="1" ModelId="3">15</value><value key="Size" datatype="3" valuetype="1" ModelId="4">15</value><value key="Size" datatype="3" valuetype="1" ModelId="5">15</value><value key="Size" datatype="3" valuetype="1" ModelId="6">15</value><value key="Size" datatype="3" valuetype="1" ModelId="7">15</value><value key="Size" datatype="3" valuetype="1" ModelId="8">15</value><value key="Size" datatype="3" valuetype="1" ModelId="9">15</value><value key="Size" datatype="3" valuetype="1" ModelId="10">15</value><value key="Size" datatype="3" valuetype="1" ModelId="11">16</value><value key="Size" datatype="3" valuetype="1" ModelId="12">16</value><value key="Size" datatype="3" valuetype="1" ModelId="13">16</value><value key="Size" datatype="3" valuetype="1" ModelId="14">15</value><value key="Size" datatype="3" valuetype="1" ModelId="15">16</value><value key="Generation" datatype="5" valuetype="1" ModelId="1">0</value><value key="Generation" datatype="5" valuetype="1" ModelId="2">2</value><value key="Generation" datatype="5" valuetype="1" ModelId="3">3</value><value key="Generation" datatype="5" valuetype="1" ModelId="4">4</value><value key="Generation" datatype="5" valuetype="1" ModelId="5">6</value><value key="Generation" datatype="5" valuetype="1" ModelId="6">13</value><value key="Generation" datatype="5" valuetype="1" ModelId="7">22</value><value key="Generation" datatype="5" valuetype="1" ModelId="8">31</value><value key="Generation" datatype="5" valuetype="1" ModelId="9">44</value><value key="Generation" datatype="5" valuetype="1" ModelId="10">48</value><value key="Generation" datatype="5" valuetype="1" ModelId="11">219</value><value key="Generation" datatype="5" valuetype="1" ModelId="12">466</value><value key="Generation" datatype="5" valuetype="1" ModelId="13">552</value><value key="Generation" datatype="5" valuetype="1" ModelId="14">2653</value><value key="Generation" datatype="5" valuetype="1" ModelId="15">3927</value><value key="RunIndex" datatype="5" valuetype="1" ModelId="1">1</value><value key="RunIndex" datatype="5" valuetype="1" ModelId="2">1</value><value key="RunIndex" datatype="5" valuetype="1" ModelId="3">1</value><value key="RunIndex" datatype="5" valuetype="1" ModelId="4">1</value><value key="RunIndex" datatype="5" valuetype="1" ModelId="5">1</value><value key="RunIndex" datatype="5" valuetype="1" ModelId="6">1</value><value key="RunIndex" datatype="5" valuetype="1" ModelId="7">1</value><value key="RunIndex" datatype="5" valuetype="1" ModelId="8">1</value><value key="RunIndex" datatype="5" valuetype="1" ModelId="9">1</value><value key="RunIndex" datatype="5" valuetype="1" ModelId="10">1</value><value key="RunIndex" datatype="5" valuetype="1" ModelId="11">1</value><value key="RunIndex" datatype="5" valuetype="1" ModelId="12">1</value><value key="RunIndex" datatype="5" valuetype="1" ModelId="13">1</value><value key="RunIndex" datatype="5" valuetype="1" ModelId="14">1</value><value key="RunIndex" datatype="5" valuetype="1" ModelId="15">1</value><value key="Literals" datatype="3" valuetype="-1" ModelId="1">7</value><value key="Variables" datatype="8" valuetype="-1" ModelId="1">aid-to-nicaraguan-contras_y_min(1), handicapped-infants_u_max(1), water-project-cost-sharing_y_max(1), physician-fee-freeze_y_max(1), immigration_n_max(1), synfuels-corporation-cutback_n_max(1), synfuels-corporation-cutback_u_max(1)</value><value key="Literals" datatype="3" valuetype="-1" ModelId="2">7</value><value key="Variables" datatype="8" valuetype="-1" ModelId="2">aid-to-nicaraguan-contras_y_min(1), water-project-cost-sharing_y_max(1), physician-fee-freeze_y_max(1), el-salvador-aid_y_max(1), immigration_n_max(1), synfuels-corporation-cutback_n_max(1), synfuels-corporation-cutback_u_max(1)</value><value key="Literals" datatype="3" valuetype="-1" ModelId="3">7</value><value key="Variables" datatype="8" valuetype="-1" ModelId="3">aid-to-nicaraguan-contras_y_min(1), water-project-cost-sharing_n_max(1), water-project-cost-sharing_y_max(1), physician-fee-freeze_y_max(1), el-salvador-aid_y_max(1), synfuels-corporation-cutback_n_max(1), synfuels-corporation-cutback_u_max(1)</value><value key="Literals" datatype="3" valuetype="-1" ModelId="4">7</value><value key="Variables" datatype="8" valuetype="-1" ModelId="4">aid-to-nicaraguan-contras_y_min(1), water-project-cost-sharing_y_max(1), physician-fee-freeze_y_max(1), el-salvador-aid_y_max(1), immigration_n_max(1), synfuels-corporation-cutback_n_max(1), synfuels-corporation-cutback_u_max(1)</value><value key="Literals" datatype="3" valuetype="-1" ModelId="5">7</value><value key="Variables" datatype="8" valuetype="-1" ModelId="5">aid-to-nicaraguan-contras_y_min(1), water-project-cost-sharing_n_max(1), water-project-cost-sharing_y_max(1), physician-fee-freeze_y_max(1), el-salvador-aid_y_max(1), synfuels-corporation-cutback_n_max(1), synfuels-corporation-cutback_u_max(1)</value><value key="Literals" datatype="3" valuetype="-1" ModelId="6">6</value><value key="Variables" datatype="8" valuetype="-1" ModelId="6">religious-groups-in-schools_y_min(1), aid-to-nicaraguan-contras_y_min(1), physician-fee-freeze_y_max(2), synfuels-corporation-cutback_n_max(1), synfuels-corporation-cutback_u_max(1)</value><value key="Literals" datatype="3" valuetype="-1" ModelId="7">6</value><value key="Variables" datatype="8" valuetype="-1" ModelId="7">religious-groups-in-schools_y_min(1), aid-to-nicaraguan-contras_y_min(1), physician-fee-freeze_y_max(2), synfuels-corporation-cutback_n_max(1), synfuels-corporation-cutback_u_max(1)</value><value key="Literals" datatype="3" valuetype="-1" ModelId="8">8</value><value key="Variables" datatype="8" valuetype="-1" ModelId="8">adoption-of-the-budget-resolution_y_min(1), physician-fee-freeze_n_min(1), religious-groups-in-schools_y_min(1), aid-to-nicaraguan-contras_y_min(1), physician-fee-freeze_y_max(2), synfuels-corporation-cutback_n_max(1), synfuels-corporation-cutback_u_max(1)</value><value key="Literals" datatype="3" valuetype="-1" ModelId="9">8</value><value key="Variables" datatype="8" valuetype="-1" ModelId="9">adoption-of-the-budget-resolution_y_min(1), physician-fee-freeze_n_min(2), religious-groups-in-schools_y_min(1), aid-to-nicaraguan-contras_y_min(1), physician-fee-freeze_y_max(1), synfuels-corporation-cutback_n_max(1), synfuels-corporation-cutback_u_max(1)</value><value key="Literals" datatype="3" valuetype="-1" ModelId="10">8</value><value key="Variables" datatype="8" valuetype="-1" ModelId="10">adoption-of-the-budget-resolution_y_min(1), physician-fee-freeze_n_min(2), religious-groups-in-schools_y_min(1), adoption-of-the-budget-resolution_y_max(1), physician-fee-freeze_y_max(1), synfuels-corporation-cutback_n_max(1), synfuels-corporation-cutback_u_max(1)</value><value key="Literals" datatype="3" valuetype="-1" ModelId="11">8</value><value key="Variables" datatype="8" valuetype="-1" ModelId="11">adoption-of-the-budget-resolution_y_min(1), physician-fee-freeze_n_min(3), religious-groups-in-schools_y_min(1), water-project-cost-sharing_n_max(1), physician-fee-freeze_y_max(1), synfuels-corporation-cutback_n_max(1)</value><value key="Literals" datatype="3" valuetype="-1" ModelId="12">8</value><value key="Variables" datatype="8" valuetype="-1" ModelId="12">adoption-of-the-budget-resolution_y_min(1), physician-fee-freeze_n_min(1), religious-groups-in-schools_y_min(1), mx-missile_y_min(1), water-project-cost-sharing_n_max(1), physician-fee-freeze_y_max(1), synfuels-corporation-cutback_n_max(2)</value><value key="Literals" datatype="3" valuetype="-1" ModelId="13">8</value><value key="Variables" datatype="8" valuetype="-1" ModelId="13">adoption-of-the-budget-resolution_y_min(1), physician-fee-freeze_n_min(1), mx-missile_y_min(1), synfuels-corporation-cutback_y_min(1), water-project-cost-sharing_n_max(1), physician-fee-freeze_y_max(1), synfuels-corporation-cutback_n_max(2)</value><value key="Literals" datatype="3" valuetype="-1" ModelId="14">9</value><value key="Variables" datatype="8" valuetype="-1" ModelId="14">adoption-of-the-budget-resolution_y_min(1), physician-fee-freeze_n_min(1), mx-missile_y_min(1), duty-free-exports_y_min(1), water-project-cost-sharing_n_max(1), physician-fee-freeze_y_max(1), aid-to-nicaraguan-contras_n_max(1), synfuels-corporation-cutback_n_max(2)</value><value key="Literals" datatype="3" valuetype="-1" ModelId="15">10</value><value key="Variables" datatype="8" valuetype="-1" ModelId="15">adoption-of-the-budget-resolution_y_min(1), physician-fee-freeze_n_min(1), mx-missile_y_min(1), duty-free-exports_y_min(1), physician-fee-freeze_y_max(2), anti-satellite-test-ban_y_max(1), aid-to-nicaraguan-contras_n_max(1), synfuels-corporation-cutback_n_max(2)</value><value key="VariableImportance" datatype="8" valuetype="-1" ModelId="15">adoption-of-the-budget-resolution_y_min(5.67181962048872E-02), physician-fee-freeze_n_min(0.402233824546462), mx-missile_y_min(0.168013504596069), duty-free-exports_y_min(6.06144942175598E-02), physician-fee-freeze_y_max(0.189614221211253), anti-satellite-test-ban_y_max(8.44468929719568E-03), aid-to-nicaraguan-contras_n_max(5.98347817911441E-04), synfuels-corporation-cutback_n_max(0.113762722108662)</value></run></report>
