<log created='11/30/2019 13:51:48' name='vote_template_classification_000001'>
<item created='11/30/2019 13:51:48' severity='0'>Processing run 1...</item>
<item created='11/30/2019 13:51:49' severity='0'>Applied setting Genes (5)</item>
<item created='11/30/2019 13:51:49' severity='0'>Applied setting HeadSize (1)</item>
<item created='11/30/2019 13:51:49' severity='0'>Applied setting FitnessFunction (11)</item>
<item created='11/30/2019 13:51:49' severity='0'>Applied setting RoundingThreshold (0.5)</item>
<item created='11/30/2019 13:51:49' severity='0'>Changed function * to weight 2.</item>
<item created='11/30/2019 13:51:49' severity='0'>Loading data from file vote_TRAIN_fold_5.csv ...</item>
<item created='11/30/2019 13:51:50' severity='0'>Loading data from file vote_TEST_fold_5.csv ...</item>
<item created='11/30/2019 13:51:50' severity='0'>Loading run file... vote_1_5_5\vote_template_classification_000001.gep</item>
<item created='11/30/2019 13:51:51' severity='0'>Initializing run...</item>
<item created='11/30/2019 13:51:51' severity='0'>Training Set size: 391</item>
<item created='11/30/2019 13:51:51' severity='0'>Dataset loaded.</item>
<item created='11/30/2019 13:51:51' severity='0'>Starting...</item>
<item created='11/30/2019 13:51:51' severity='0'>Generation: 0 (699.300699300699, 86.96% (340))</item>
<item created='11/30/2019 13:51:53' severity='0'>Generation: 602 (926.108374384236, 96.16% (376))</item>
<item created='11/30/2019 13:51:55' severity='0'>Generation: 1202 (945.273631840796, 97.19% (380))</item>
<item created='11/30/2019 13:51:57' severity='0'>Generation: 1809 (945.273631840796, 97.19% (380))</item>
<item created='11/30/2019 13:51:59' severity='0'>Generation: 2392 (950.124688279302, 97.44% (381))</item>
<item created='11/30/2019 13:52:01' severity='0'>Generation: 2977 (955, 97.70% (382))</item>
<item created='11/30/2019 13:52:03' severity='0'>Generation: 3581 (955, 97.70% (382))</item>
<item created='11/30/2019 13:52:05' severity='0'>Generation: 4171 (955, 97.70% (382))</item>
<item created='11/30/2019 13:52:07' severity='0'>Generation: 4768 (955, 97.70% (382))</item>
<item created='11/30/2019 13:52:09' severity='0'>Generation: 5369 (955, 97.70% (382))</item>
<item created='11/30/2019 13:52:11' severity='0'>Generation: 5985 (955, 97.70% (382))</item>
<item created='11/30/2019 13:52:13' severity='0'>Generation: 6600 (955, 97.70% (382))</item>
<item created='11/30/2019 13:52:15' severity='0'>Generation: 7219 (955, 97.70% (382))</item>
<item created='11/30/2019 13:52:17' severity='0'>Generation: 7831 (955, 97.70% (382))</item>
<item created='11/30/2019 13:52:19' severity='0'>Generation: 8421 (955, 97.70% (382))</item>
<item created='11/30/2019 13:52:21' severity='0'>Generation: 9008 (955, 97.70% (382))</item>
<item created='11/30/2019 13:52:23' severity='0'>Generation: 9570 (955, 97.70% (382))</item>
<item created='11/30/2019 13:52:25' severity='0'>Generation: 10160 (955, 97.70% (382))</item>
<item created='11/30/2019 13:52:27' severity='0'>Generation: 10756 (955, 97.70% (382))</item>
<item created='11/30/2019 13:52:29' severity='0'>Generation: 11359 (955, 97.70% (382))</item>
<item created='11/30/2019 13:52:31' severity='0'>Generation: 11935 (955, 97.70% (382))</item>
<item created='11/30/2019 13:52:33' severity='0'>Generation: 12547 (955, 97.70% (382))</item>
<item created='11/30/2019 13:52:35' severity='0'>Generation: 13157 (955, 97.70% (382))</item>
<item created='11/30/2019 13:52:37' severity='0'>Generation: 13770 (955, 97.70% (382))</item>
<item created='11/30/2019 13:52:39' severity='0'>Generation: 14418 (955, 97.70% (382))</item>
<item created='11/30/2019 13:52:41' severity='0'>Generation: 15049 (955, 97.70% (382))</item>
<item created='11/30/2019 13:52:43' severity='0'>Generation: 15671 (955, 97.70% (382))</item>
<item created='11/30/2019 13:52:45' severity='0'>Generation: 16319 (955, 97.70% (382))</item>
<item created='11/30/2019 13:52:47' severity='0'>Generation: 16966 (955, 97.70% (382))</item>
<item created='11/30/2019 13:52:49' severity='0'>Generation: 17585 (955, 97.70% (382))</item>
<item created='11/30/2019 13:52:51' severity='0'>Generation: 18199 (955, 97.70% (382))</item>
<item created='11/30/2019 13:52:53' severity='0'>Generation: 18817 (955, 97.70% (382))</item>
<item created='11/30/2019 13:52:55' severity='0'>Generation: 19425 (955, 97.70% (382))</item>
<item created='11/30/2019 13:52:56' severity='0'>Finished run.</item>
<item created='11/30/2019 13:52:56' severity='0'>Models created: 13</item>
<item created='11/30/2019 13:52:56' severity='0'>Models: 13</item>
<item created='11/30/2019 13:52:56' severity='0'>Last Model: 13</item>
<item created='11/30/2019 13:52:56' severity='0'>Generation: 2606</item>
<item created='11/30/2019 13:52:56' severity='0'>Training Fitness: 955</item>
<item created='11/30/2019 13:52:56' severity='0'>Training Accuracy: 97.70%</item>
<item created='11/30/2019 13:52:57' severity='0'>Success</item>
<item created='11/30/2019 13:52:57' severity='0'>Loading run file... vote_1_5_5\vote_template_classification_000001.gep</item>
<item created='11/30/2019 13:52:57' severity='0'>Initializing tests for all models...</item>
<item created='11/30/2019 13:52:57' severity='0'>Testing model 1 on the Validation Set with 44 records..............</item>
<item created='11/30/2019 13:52:57' severity='0'>Testing model 2 on the Validation Set with 44 records..............</item>
<item created='11/30/2019 13:52:57' severity='0'>Testing model 3 on the Validation Set with 44 records..............</item>
<item created='11/30/2019 13:52:57' severity='0'>Testing model 4 on the Validation Set with 44 records..............</item>
<item created='11/30/2019 13:52:57' severity='0'>Testing model 5 on the Validation Set with 44 records..............</item>
<item created='11/30/2019 13:52:57' severity='0'>Testing model 6 on the Validation Set with 44 records..............</item>
<item created='11/30/2019 13:52:57' severity='0'>Testing model 7 on the Validation Set with 44 records..............</item>
<item created='11/30/2019 13:52:57' severity='0'>Testing model 8 on the Validation Set with 44 records..............</item>
<item created='11/30/2019 13:52:57' severity='0'>Testing model 9 on the Validation Set with 44 records..............</item>
<item created='11/30/2019 13:52:57' severity='0'>Testing model 10 on the Validation Set with 44 records..............</item>
<item created='11/30/2019 13:52:57' severity='0'>Testing model 11 on the Validation Set with 44 records..............</item>
<item created='11/30/2019 13:52:57' severity='0'>Testing model 12 on the Validation Set with 44 records..............</item>
<item created='11/30/2019 13:52:57' severity='0'>Testing model 13 on the Validation Set with 44 records..............</item>
<item created='11/30/2019 13:52:57' severity='0'>Success</item>
</log>
