<report id="0"><run id="1" name="vote_template_classification_000001.gep"><value key="HasTestingSet" datatype="3" valuetype="0">1</value><value key="TrainFitness" datatype="5" valuetype="1" ModelId="1">699.300699300699</value><value key="TrainFitness" datatype="5" valuetype="1" ModelId="2">699.300699300699</value><value key="TrainFitness" datatype="5" valuetype="1" ModelId="3">706.611570247934</value><value key="TrainFitness" datatype="5" valuetype="1" ModelId="4">783.549783549783</value><value key="TrainFitness" datatype="5" valuetype="1" ModelId="5">907.317073170732</value><value key="TrainFitness" datatype="5" valuetype="1" ModelId="6">911.980440097799</value><value key="TrainFitness" datatype="5" valuetype="1" ModelId="7">916.666666666667</value><value key="TrainFitness" datatype="5" valuetype="1" ModelId="8">921.375921375921</value><value key="TrainFitness" datatype="5" valuetype="1" ModelId="9">926.108374384236</value><value key="TrainFitness" datatype="5" valuetype="1" ModelId="10">940.446650124069</value><value key="TrainFitness" datatype="5" valuetype="1" ModelId="11">945.273631840796</value><value key="TrainFitness" datatype="5" valuetype="1" ModelId="12">950.124688279302</value><value key="TrainFitness" datatype="5" valuetype="1" ModelId="13">955</value><value key="TrainAccuracy" datatype="5" valuetype="1" ModelId="1">86.96</value><value key="TrainAccuracy" datatype="5" valuetype="1" ModelId="2">86.96</value><value key="TrainAccuracy" datatype="5" valuetype="1" ModelId="3">87.47</value><value key="TrainAccuracy" datatype="5" valuetype="1" ModelId="4">92.58</value><value key="TrainAccuracy" datatype="5" valuetype="1" ModelId="5">95.14</value><value key="TrainAccuracy" datatype="5" valuetype="1" ModelId="6">95.4</value><value key="TrainAccuracy" datatype="5" valuetype="1" ModelId="7">95.65</value><value key="TrainAccuracy" datatype="5" valuetype="1" ModelId="8">95.91</value><value key="TrainAccuracy" datatype="5" valuetype="1" ModelId="9">96.16</value><value key="TrainAccuracy" datatype="5" valuetype="1" ModelId="10">96.93</value><value key="TrainAccuracy" datatype="5" valuetype="1" ModelId="11">97.19</value><value key="TrainAccuracy" datatype="5" valuetype="1" ModelId="12">97.44</value><value key="TrainAccuracy" datatype="5" valuetype="1" ModelId="13">97.7</value><value key="TestFitness" datatype="5" valuetype="1" ModelId="1">663.265306122449</value><value key="TestFitness" datatype="5" valuetype="1" ModelId="2">663.265306122449</value><value key="TestFitness" datatype="5" valuetype="1" ModelId="3">663.265306122449</value><value key="TestFitness" datatype="5" valuetype="1" ModelId="4">694.444444444444</value><value key="TestFitness" datatype="5" valuetype="1" ModelId="5">1000</value><value key="TestFitness" datatype="5" valuetype="1" ModelId="6">955.555555555556</value><value key="TestFitness" datatype="5" valuetype="1" ModelId="7">955.555555555556</value><value key="TestFitness" datatype="5" valuetype="1" ModelId="8">955.555555555556</value><value key="TestFitness" datatype="5" valuetype="1" ModelId="9">955.555555555556</value><value key="TestFitness" datatype="5" valuetype="1" ModelId="10">955.555555555556</value><value key="TestFitness" datatype="5" valuetype="1" ModelId="11">955.555555555556</value><value key="TestFitness" datatype="5" valuetype="1" ModelId="12">955.555555555556</value><value key="TestFitness" datatype="5" valuetype="1" ModelId="13">955.555555555556</value><value key="TestAccuracy" datatype="5" valuetype="1" ModelId="1">88.64</value><value key="TestAccuracy" datatype="5" valuetype="1" ModelId="2">88.64</value><value key="TestAccuracy" datatype="5" valuetype="1" ModelId="3">88.64</value><value key="TestAccuracy" datatype="5" valuetype="1" ModelId="4">90.91</value><value key="TestAccuracy" datatype="5" valuetype="1" ModelId="5">100</value><value key="TestAccuracy" datatype="5" valuetype="1" ModelId="6">97.73</value><value key="TestAccuracy" datatype="5" valuetype="1" ModelId="7">97.73</value><value key="TestAccuracy" datatype="5" valuetype="1" ModelId="8">97.73</value><value key="TestAccuracy" datatype="5" valuetype="1" ModelId="9">97.73</value><value key="TestAccuracy" datatype="5" valuetype="1" ModelId="10">97.73</value><value key="TestAccuracy" datatype="5" valuetype="1" ModelId="11">97.73</value><value key="TestAccuracy" datatype="5" valuetype="1" ModelId="12">97.73</value><value key="TestAccuracy" datatype="5" valuetype="1" ModelId="13">97.73</value><value key="Size" datatype="3" valuetype="1" ModelId="1">14</value><value key="Size" datatype="3" valuetype="1" ModelId="2">14</value><value key="Size" datatype="3" valuetype="1" ModelId="3">14</value><value key="Size" datatype="3" valuetype="1" ModelId="4">13</value><value key="Size" datatype="3" valuetype="1" ModelId="5">14</value><value key="Size" datatype="3" valuetype="1" ModelId="6">13</value><value key="Size" datatype="3" valuetype="1" ModelId="7">14</value><value key="Size" datatype="3" valuetype="1" ModelId="8">14</value><value key="Size" datatype="3" valuetype="1" ModelId="9">14</value><value key="Size" datatype="3" valuetype="1" ModelId="10">14</value><value key="Size" datatype="3" valuetype="1" ModelId="11">14</value><value key="Size" datatype="3" valuetype="1" ModelId="12">14</value><value key="Size" datatype="3" valuetype="1" ModelId="13">15</value><value key="Generation" datatype="5" valuetype="1" ModelId="1">0</value><value key="Generation" datatype="5" valuetype="1" ModelId="2">1</value><value key="Generation" datatype="5" valuetype="1" ModelId="3">4</value><value key="Generation" datatype="5" valuetype="1" ModelId="4">6</value><value key="Generation" datatype="5" valuetype="1" ModelId="5">12</value><value key="Generation" datatype="5" valuetype="1" ModelId="6">36</value><value key="Generation" datatype="5" valuetype="1" ModelId="7">169</value><value key="Generation" datatype="5" valuetype="1" ModelId="8">174</value><value key="Generation" datatype="5" valuetype="1" ModelId="9">380</value><value key="Generation" datatype="5" valuetype="1" ModelId="10">621</value><value key="Generation" datatype="5" valuetype="1" ModelId="11">680</value><value key="Generation" datatype="5" valuetype="1" ModelId="12">2229</value><value key="Generation" datatype="5" valuetype="1" ModelId="13">2606</value><value key="RunIndex" datatype="5" valuetype="1" ModelId="1">1</value><value key="RunIndex" datatype="5" valuetype="1" ModelId="2">1</value><value key="RunIndex" datatype="5" valuetype="1" ModelId="3">1</value><value key="RunIndex" datatype="5" valuetype="1" ModelId="4">1</value><value key="RunIndex" datatype="5" valuetype="1" ModelId="5">1</value><value key="RunIndex" datatype="5" valuetype="1" ModelId="6">1</value><value key="RunIndex" datatype="5" valuetype="1" ModelId="7">1</value><value key="RunIndex" datatype="5" valuetype="1" ModelId="8">1</value><value key="RunIndex" datatype="5" valuetype="1" ModelId="9">1</value><value key="RunIndex" datatype="5" valuetype="1" ModelId="10">1</value><value key="RunIndex" datatype="5" valuetype="1" ModelId="11">1</value><value key="RunIndex" datatype="5" valuetype="1" ModelId="12">1</value><value key="RunIndex" datatype="5" valuetype="1" ModelId="13">1</value><value key="Literals" datatype="3" valuetype="-1" ModelId="1">6</value><value key="Variables" datatype="8" valuetype="-1" ModelId="1">adoption-of-the-budget-resolution_n_min(1), physician-fee-freeze_u_min(1), crime_u_min(1), aid-to-nicaraguan-contras_u_max(1), immigration_u_max(1), education-spending_u_max(1)</value><value key="Literals" datatype="3" valuetype="-1" ModelId="2">6</value><value key="Variables" datatype="8" valuetype="-1" ModelId="2">adoption-of-the-budget-resolution_n_min(1), physician-fee-freeze_u_min(1), crime_u_min(1), aid-to-nicaraguan-contras_u_max(1), immigration_u_max(1), education-spending_u_max(1)</value><value key="Literals" datatype="3" valuetype="-1" ModelId="3">6</value><value key="Variables" datatype="8" valuetype="-1" ModelId="3">adoption-of-the-budget-resolution_n_min(1), physician-fee-freeze_u_min(1), education-spending_y_min(1), crime_u_min(1), aid-to-nicaraguan-contras_u_max(1), education-spending_u_max(1)</value><value key="Literals" datatype="3" valuetype="-1" ModelId="4">6</value><value key="Variables" datatype="8" valuetype="-1" ModelId="4">physician-fee-freeze_n_min(1), physician-fee-freeze_u_min(2), education-spending_y_min(1), adoption-of-the-budget-resolution_y_max(1), crime_u_max(1)</value><value key="Literals" datatype="3" valuetype="-1" ModelId="5">7</value><value key="Variables" datatype="8" valuetype="-1" ModelId="5">physician-fee-freeze_n_min(1), physician-fee-freeze_u_min(2), education-spending_y_min(1), adoption-of-the-budget-resolution_y_max(2), crime_u_max(1)</value><value key="Literals" datatype="3" valuetype="-1" ModelId="6">6</value><value key="Variables" datatype="8" valuetype="-1" ModelId="6">physician-fee-freeze_n_min(2), physician-fee-freeze_u_min(1), education-spending_y_min(1), superfund-right-to-sue_u_min(1), adoption-of-the-budget-resolution_y_max(1)</value><value key="Literals" datatype="3" valuetype="-1" ModelId="7">6</value><value key="Variables" datatype="8" valuetype="-1" ModelId="7">physician-fee-freeze_n_min(2), physician-fee-freeze_u_min(3), education-spending_n_max(1)</value><value key="Literals" datatype="3" valuetype="-1" ModelId="8">6</value><value key="Variables" datatype="8" valuetype="-1" ModelId="8">physician-fee-freeze_n_min(2), physician-fee-freeze_u_min(2), synfuels-corporation-cutback_n_max(1), education-spending_n_max(1)</value><value key="Literals" datatype="3" valuetype="-1" ModelId="9">6</value><value key="Variables" datatype="8" valuetype="-1" ModelId="9">physician-fee-freeze_n_min(2), physician-fee-freeze_u_min(1), religious-groups-in-schools_u_min(1), synfuels-corporation-cutback_n_max(1), education-spending_n_max(1)</value><value key="Literals" datatype="3" valuetype="-1" ModelId="10">9</value><value key="Variables" datatype="8" valuetype="-1" ModelId="10">water-project-cost-sharing_y_min(1), physician-fee-freeze_n_min(2), religious-groups-in-schools_u_min(1), religious-groups-in-schools_y_min(1), adoption-of-the-budget-resolution_n_max(1), synfuels-corporation-cutback_n_max(2), education-spending_n_max(1)</value><value key="Literals" datatype="3" valuetype="-1" ModelId="11">8</value><value key="Variables" datatype="8" valuetype="-1" ModelId="11">water-project-cost-sharing_y_min(1), physician-fee-freeze_n_min(3), adoption-of-the-budget-resolution_n_max(1), synfuels-corporation-cutback_n_max(2), education-spending_n_max(1)</value><value key="Literals" datatype="3" valuetype="-1" ModelId="12">8</value><value key="Variables" datatype="8" valuetype="-1" ModelId="12">water-project-cost-sharing_y_min(1), physician-fee-freeze_n_min(2), education-spending_n_min(1), crime_y_min(1), adoption-of-the-budget-resolution_n_max(1), el-salvador-aid_n_max(1), synfuels-corporation-cutback_n_max(1)</value><value key="Literals" datatype="3" valuetype="-1" ModelId="13">8</value><value key="Variables" datatype="8" valuetype="-1" ModelId="13">water-project-cost-sharing_y_min(1), physician-fee-freeze_n_min(2), education-spending_u_min(1), adoption-of-the-budget-resolution_n_max(1), el-salvador-aid_n_max(1), synfuels-corporation-cutback_n_max(1), duty-free-exports_y_max(1)</value><value key="VariableImportance" datatype="8" valuetype="-1" ModelId="13">water-project-cost-sharing_y_min(3.69451149233432E-02), physician-fee-freeze_n_min(0.69027842120644), education-spending_u_min(2.19915754105065E-03), adoption-of-the-budget-resolution_n_max(5.14974109518164E-02), el-salvador-aid_n_max(0.166329405508429), synfuels-corporation-cutback_n_max(5.02326512448971E-02), duty-free-exports_y_max(2.51783862402341E-03)</value></run></report>
