<summary><value key="AverageTrainFitness" datatype="5" valuetype="4">950.248756218905</value><value key="AverageTrainRSQuare" datatype="5" valuetype="4">0.786501439562522</value><value key="AverageTrainAccuracy" datatype="5" valuetype="4">97.45</value><value key="MaxTrainFitness" datatype="5" valuetype="4">1000</value><value key="MaxTestFitness" datatype="5" valuetype="4">1000</value><value key="TrainSuccessCount" datatype="3" valuetype="4">0</value><value key="TrainSuccessRate" datatype="5" valuetype="4">0</value><value key="BestTrainFitness" datatype="5" valuetype="4">950.248756218905</value><value key="BestTrainFitnessRun" datatype="3" valuetype="4">1</value><value key="BestTrainFitnessHistory" datatype="3" valuetype="4">1</value><value key="BestTrainFitnessModelId" datatype="3" valuetype="4">15</value><value key="BestTrainFitnessModelSize" datatype="3" valuetype="4">8</value><value key="BestTrainFitnessModelLiterals" datatype="3" valuetype="4">6</value><value key="BestTrainFitnessModelTerminals" datatype="8" valuetype="4">water-project-cost-sharing_y_min(1), physician-fee-freeze_n_min(1), adoption-of-the-budget-resolution_n_max(1), physician-fee-freeze_y_max(1), anti-satellite-test-ban_u_max(1), anti-satellite-test-ban_y_max(1)</value><value key="BestTrainFitnessModelVariableImportance" datatype="8" valuetype="4">water-project-cost-sharing_y_min(1.65037774509285E-04), physician-fee-freeze_n_min(0.412101757201584), adoption-of-the-budget-resolution_n_max(0.122087252823453), physician-fee-freeze_y_max(0.427525876103693), anti-satellite-test-ban_u_max(1.12077906376836E-02), anti-satellite-test-ban_y_max(2.69122854590775E-02)</value><value key="BestTrainAccuracy" datatype="5" valuetype="4">97.45</value><value key="BestTrainAccuracyRun" datatype="3" valuetype="4">1</value><value key="BestTrainAccuracyHistory" datatype="3" valuetype="4">1</value><value key="BestTrainAccuracyModelId" datatype="3" valuetype="4">15</value><value key="BestTrainAccuracyModelSize" datatype="3" valuetype="4">8</value><value key="BestTrainAccuracyModelLiterals" datatype="3" valuetype="4">6</value><value key="BestTrainAccuracyModelTerminals" datatype="8" valuetype="4">water-project-cost-sharing_y_min(1), physician-fee-freeze_n_min(1), adoption-of-the-budget-resolution_n_max(1), physician-fee-freeze_y_max(1), anti-satellite-test-ban_u_max(1), anti-satellite-test-ban_y_max(1)</value><value key="BestTrainAccuracyModelVariableImportance" datatype="8" valuetype="4">water-project-cost-sharing_y_min(1.65037774509285E-04), physician-fee-freeze_n_min(0.412101757201584), adoption-of-the-budget-resolution_n_max(0.122087252823453), physician-fee-freeze_y_max(0.427525876103693), anti-satellite-test-ban_u_max(1.12077906376836E-02), anti-satellite-test-ban_y_max(2.69122854590775E-02)</value><value key="BestTrainRSQuare" datatype="5" valuetype="4">0.786501439562522</value><value key="BestTrainRSQuareRun" datatype="3" valuetype="4">1</value><value key="BestTrainRSQuareHistory" datatype="3" valuetype="4">1</value><value key="BestTrainRSQuareModelId" datatype="3" valuetype="4">15</value><value key="BestTrainRSQuareModelSize" datatype="3" valuetype="4">8</value><value key="BestTrainRSQuareModelLiterals" datatype="3" valuetype="4">6</value><value key="BestTrainRSQuareModelTerminals" datatype="8" valuetype="4">water-project-cost-sharing_y_min(1), physician-fee-freeze_n_min(1), adoption-of-the-budget-resolution_n_max(1), physician-fee-freeze_y_max(1), anti-satellite-test-ban_u_max(1), anti-satellite-test-ban_y_max(1)</value><value key="BestTrainRSQuareModelVariableImportance" datatype="8" valuetype="4">water-project-cost-sharing_y_min(1.65037774509285E-04), physician-fee-freeze_n_min(0.412101757201584), adoption-of-the-budget-resolution_n_max(0.122087252823453), physician-fee-freeze_y_max(0.427525876103693), anti-satellite-test-ban_u_max(1.12077906376836E-02), anti-satellite-test-ban_y_max(2.69122854590775E-02)</value><value key="TestSuccessCount" datatype="3" valuetype="4">0</value><value key="TestSuccessRate" datatype="5" valuetype="4">0</value><value key="AverageTestFitness" datatype="5" valuetype="4">911.111111111111</value><value key="AverageTestRSQuare" datatype="5" valuetype="4">0.748895780079785</value><value key="AverageTestAccuracy" datatype="5" valuetype="4">95.35</value><value key="BestTestFitness" datatype="5" valuetype="4">954.545454545455</value><value key="BestTestFitnessRun" datatype="3" valuetype="4">1</value><value key="BestTestFitnessHistory" datatype="3" valuetype="4">1</value><value key="BestTestFitnessModelId" datatype="3" valuetype="4">14</value><value key="BestTestFitnessModelSize" datatype="3" valuetype="4">8</value><value key="BestTestFitnessModelLiterals" datatype="3" valuetype="4">6</value><value key="BestTestFitnessModelTerminals" datatype="8" valuetype="4">water-project-cost-sharing_y_min(1), physician-fee-freeze_n_min(1), el-salvador-aid_y_min(1), synfuels-corporation-cutback_y_min(1), adoption-of-the-budget-resolution_n_max(1), physician-fee-freeze_y_max(1)</value><value key="BestTestFitnessModelVariableImportance" datatype="8" valuetype="4">water-project-cost-sharing_y_min(7.85969622842712E-03), physician-fee-freeze_n_min(0.377203348265161), el-salvador-aid_y_min(4.04036878722136E-02), synfuels-corporation-cutback_y_min(0.10559428711), adoption-of-the-budget-resolution_n_max(0.137873760238549), physician-fee-freeze_y_max(0.33106522028565)</value><value key="BestTestAccuracy" datatype="5" valuetype="4">97.67</value><value key="BestTestAccuracyRun" datatype="3" valuetype="4">1</value><value key="BestTestAccuracyHistory" datatype="3" valuetype="4">1</value><value key="BestTestAccuracyModelId" datatype="3" valuetype="4">14</value><value key="BestTestAccuracyModelSize" datatype="3" valuetype="4">8</value><value key="BestTestAccuracyModelLiterals" datatype="3" valuetype="4">6</value><value key="BestTestAccuracyModelTerminals" datatype="8" valuetype="4">water-project-cost-sharing_y_min(1), physician-fee-freeze_n_min(1), el-salvador-aid_y_min(1), synfuels-corporation-cutback_y_min(1), adoption-of-the-budget-resolution_n_max(1), physician-fee-freeze_y_max(1)</value><value key="BestTestAccuracyModelVariableImportance" datatype="8" valuetype="4">water-project-cost-sharing_y_min(7.85969622842712E-03), physician-fee-freeze_n_min(0.377203348265161), el-salvador-aid_y_min(4.04036878722136E-02), synfuels-corporation-cutback_y_min(0.10559428711), adoption-of-the-budget-resolution_n_max(0.137873760238549), physician-fee-freeze_y_max(0.33106522028565)</value><value key="BestTestRSQuare" datatype="5" valuetype="4">0.703303646089763</value><value key="BestTestRSQuareRun" datatype="3" valuetype="4">1</value><value key="BestTestRSQuareHistory" datatype="3" valuetype="4">1</value><value key="BestTestRSQuareModelId" datatype="3" valuetype="4">14</value><value key="BestTestRSQuareModelSize" datatype="3" valuetype="4">8</value><value key="BestTestRSQuareModelLiterals" datatype="3" valuetype="4">6</value><value key="BestTestRSQuareModelTerminals" datatype="8" valuetype="4">water-project-cost-sharing_y_min(1), physician-fee-freeze_n_min(1), el-salvador-aid_y_min(1), synfuels-corporation-cutback_y_min(1), adoption-of-the-budget-resolution_n_max(1), physician-fee-freeze_y_max(1)</value><value key="BestTestRSQuareModelVariableImportance" datatype="8" valuetype="4">water-project-cost-sharing_y_min(7.85969622842712E-03), physician-fee-freeze_n_min(0.377203348265161), el-salvador-aid_y_min(4.04036878722136E-02), synfuels-corporation-cutback_y_min(0.10559428711), adoption-of-the-budget-resolution_n_max(0.137873760238549), physician-fee-freeze_y_max(0.33106522028565)</value><value key="DefinitionFile" datatype="8" valuetype="4">../vote_1_4_8_jobdef.xml</value></summary>
