<report id="0"><run id="1" name="vote_template_classification_000001.gep"><value key="HasTestingSet" datatype="3" valuetype="0">1</value><value key="TrainFitness" datatype="5" valuetype="1" ModelId="1">565.01021102791</value><value key="TrainFitness" datatype="5" valuetype="1" ModelId="2">565.01021102791</value><value key="TrainFitness" datatype="5" valuetype="1" ModelId="3">589.050589050589</value><value key="TrainFitness" datatype="5" valuetype="1" ModelId="4">685.377262558471</value><value key="TrainFitness" datatype="5" valuetype="1" ModelId="5">692.543411644535</value><value key="TrainFitness" datatype="5" valuetype="1" ModelId="6">699.774266365688</value><value key="TrainFitness" datatype="5" valuetype="1" ModelId="7">703.414232825997</value><value key="TrainFitness" datatype="5" valuetype="1" ModelId="8">718.140307181403</value><value key="TrainFitness" datatype="5" valuetype="1" ModelId="9">912.19512195122</value><value key="TrainFitness" datatype="5" valuetype="1" ModelId="10">926.289926289926</value><value key="TrainFitness" datatype="5" valuetype="1" ModelId="11">931.034482758621</value><value key="TrainFitness" datatype="5" valuetype="1" ModelId="12">935.802469135802</value><value key="TrainFitness" datatype="5" valuetype="1" ModelId="13">940.594059405941</value><value key="TrainFitness" datatype="5" valuetype="1" ModelId="14">945.409429280397</value><value key="TrainFitness" datatype="5" valuetype="1" ModelId="15">950.248756218905</value><value key="TrainAccuracy" datatype="5" valuetype="1" ModelId="1">84.69</value><value key="TrainAccuracy" datatype="5" valuetype="1" ModelId="2">84.69</value><value key="TrainAccuracy" datatype="5" valuetype="1" ModelId="3">86.73</value><value key="TrainAccuracy" datatype="5" valuetype="1" ModelId="4">85.97</value><value key="TrainAccuracy" datatype="5" valuetype="1" ModelId="5">86.48</value><value key="TrainAccuracy" datatype="5" valuetype="1" ModelId="6">86.99</value><value key="TrainAccuracy" datatype="5" valuetype="1" ModelId="7">87.24</value><value key="TrainAccuracy" datatype="5" valuetype="1" ModelId="8">88.27</value><value key="TrainAccuracy" datatype="5" valuetype="1" ModelId="9">95.41</value><value key="TrainAccuracy" datatype="5" valuetype="1" ModelId="10">96.17</value><value key="TrainAccuracy" datatype="5" valuetype="1" ModelId="11">96.43</value><value key="TrainAccuracy" datatype="5" valuetype="1" ModelId="12">96.68</value><value key="TrainAccuracy" datatype="5" valuetype="1" ModelId="13">96.94</value><value key="TrainAccuracy" datatype="5" valuetype="1" ModelId="14">97.19</value><value key="TrainAccuracy" datatype="5" valuetype="1" ModelId="15">97.45</value><value key="TestFitness" datatype="5" valuetype="1" ModelId="1">415.094339622642</value><value key="TestFitness" datatype="5" valuetype="1" ModelId="2">415.094339622642</value><value key="TestFitness" datatype="5" valuetype="1" ModelId="3">435.897435897436</value><value key="TestFitness" datatype="5" valuetype="1" ModelId="4">502.958579881657</value><value key="TestFitness" datatype="5" valuetype="1" ModelId="5">502.958579881657</value><value key="TestFitness" datatype="5" valuetype="1" ModelId="6">502.958579881657</value><value key="TestFitness" datatype="5" valuetype="1" ModelId="7">502.958579881657</value><value key="TestFitness" datatype="5" valuetype="1" ModelId="8">502.958579881657</value><value key="TestFitness" datatype="5" valuetype="1" ModelId="9">954.545454545455</value><value key="TestFitness" datatype="5" valuetype="1" ModelId="10">954.545454545455</value><value key="TestFitness" datatype="5" valuetype="1" ModelId="11">911.111111111111</value><value key="TestFitness" datatype="5" valuetype="1" ModelId="12">954.545454545455</value><value key="TestFitness" datatype="5" valuetype="1" ModelId="13">954.545454545455</value><value key="TestFitness" datatype="5" valuetype="1" ModelId="14">954.545454545455</value><value key="TestFitness" datatype="5" valuetype="1" ModelId="15">911.111111111111</value><value key="TestAccuracy" datatype="5" valuetype="1" ModelId="1">76.74</value><value key="TestAccuracy" datatype="5" valuetype="1" ModelId="2">76.74</value><value key="TestAccuracy" datatype="5" valuetype="1" ModelId="3">79.07</value><value key="TestAccuracy" datatype="5" valuetype="1" ModelId="4">79.07</value><value key="TestAccuracy" datatype="5" valuetype="1" ModelId="5">79.07</value><value key="TestAccuracy" datatype="5" valuetype="1" ModelId="6">79.07</value><value key="TestAccuracy" datatype="5" valuetype="1" ModelId="7">79.07</value><value key="TestAccuracy" datatype="5" valuetype="1" ModelId="8">79.07</value><value key="TestAccuracy" datatype="5" valuetype="1" ModelId="9">97.67</value><value key="TestAccuracy" datatype="5" valuetype="1" ModelId="10">97.67</value><value key="TestAccuracy" datatype="5" valuetype="1" ModelId="11">95.35</value><value key="TestAccuracy" datatype="5" valuetype="1" ModelId="12">97.67</value><value key="TestAccuracy" datatype="5" valuetype="1" ModelId="13">97.67</value><value key="TestAccuracy" datatype="5" valuetype="1" ModelId="14">97.67</value><value key="TestAccuracy" datatype="5" valuetype="1" ModelId="15">95.35</value><value key="Size" datatype="3" valuetype="1" ModelId="1">12</value><value key="Size" datatype="3" valuetype="1" ModelId="2">12</value><value key="Size" datatype="3" valuetype="1" ModelId="3">12</value><value key="Size" datatype="3" valuetype="1" ModelId="4">12</value><value key="Size" datatype="3" valuetype="1" ModelId="5">12</value><value key="Size" datatype="3" valuetype="1" ModelId="6">12</value><value key="Size" datatype="3" valuetype="1" ModelId="7">11</value><value key="Size" datatype="3" valuetype="1" ModelId="8">12</value><value key="Size" datatype="3" valuetype="1" ModelId="9">10</value><value key="Size" datatype="3" valuetype="1" ModelId="10">6</value><value key="Size" datatype="3" valuetype="1" ModelId="11">10</value><value key="Size" datatype="3" valuetype="1" ModelId="12">8</value><value key="Size" datatype="3" valuetype="1" ModelId="13">8</value><value key="Size" datatype="3" valuetype="1" ModelId="14">8</value><value key="Size" datatype="3" valuetype="1" ModelId="15">8</value><value key="Generation" datatype="5" valuetype="1" ModelId="1">0</value><value key="Generation" datatype="5" valuetype="1" ModelId="2">1</value><value key="Generation" datatype="5" valuetype="1" ModelId="3">2</value><value key="Generation" datatype="5" valuetype="1" ModelId="4">4</value><value key="Generation" datatype="5" valuetype="1" ModelId="5">8</value><value key="Generation" datatype="5" valuetype="1" ModelId="6">9</value><value key="Generation" datatype="5" valuetype="1" ModelId="7">11</value><value key="Generation" datatype="5" valuetype="1" ModelId="8">20</value><value key="Generation" datatype="5" valuetype="1" ModelId="9">25</value><value key="Generation" datatype="5" valuetype="1" ModelId="10">1450</value><value key="Generation" datatype="5" valuetype="1" ModelId="11">1477</value><value key="Generation" datatype="5" valuetype="1" ModelId="12">1487</value><value key="Generation" datatype="5" valuetype="1" ModelId="13">2005</value><value key="Generation" datatype="5" valuetype="1" ModelId="14">3012</value><value key="Generation" datatype="5" valuetype="1" ModelId="15">10793</value><value key="RunIndex" datatype="5" valuetype="1" ModelId="1">1</value><value key="RunIndex" datatype="5" valuetype="1" ModelId="2">1</value><value key="RunIndex" datatype="5" valuetype="1" ModelId="3">1</value><value key="RunIndex" datatype="5" valuetype="1" ModelId="4">1</value><value key="RunIndex" datatype="5" valuetype="1" ModelId="5">1</value><value key="RunIndex" datatype="5" valuetype="1" ModelId="6">1</value><value key="RunIndex" datatype="5" valuetype="1" ModelId="7">1</value><value key="RunIndex" datatype="5" valuetype="1" ModelId="8">1</value><value key="RunIndex" datatype="5" valuetype="1" ModelId="9">1</value><value key="RunIndex" datatype="5" valuetype="1" ModelId="10">1</value><value key="RunIndex" datatype="5" valuetype="1" ModelId="11">1</value><value key="RunIndex" datatype="5" valuetype="1" ModelId="12">1</value><value key="RunIndex" datatype="5" valuetype="1" ModelId="13">1</value><value key="RunIndex" datatype="5" valuetype="1" ModelId="14">1</value><value key="RunIndex" datatype="5" valuetype="1" ModelId="15">1</value><value key="Literals" datatype="3" valuetype="-1" ModelId="1">6</value><value key="Variables" datatype="8" valuetype="-1" ModelId="1">aid-to-nicaraguan-contras_u_min(1), superfund-right-to-sue_n_min(1), superfund-right-to-sue_u_min(1), adoption-of-the-budget-resolution_n_max(1), religious-groups-in-schools_n_max(1), crime_u_max(1)</value><value key="Literals" datatype="3" valuetype="-1" ModelId="2">6</value><value key="Variables" datatype="8" valuetype="-1" ModelId="2">aid-to-nicaraguan-contras_u_min(1), superfund-right-to-sue_n_min(1), superfund-right-to-sue_u_min(1), adoption-of-the-budget-resolution_n_max(1), religious-groups-in-schools_n_max(1), crime_u_max(1)</value><value key="Literals" datatype="3" valuetype="-1" ModelId="3">6</value><value key="Variables" datatype="8" valuetype="-1" ModelId="3">superfund-right-to-sue_n_min(1), superfund-right-to-sue_u_min(1), adoption-of-the-budget-resolution_n_max(1), religious-groups-in-schools_n_max(1), religious-groups-in-schools_y_max(1), crime_u_max(1)</value><value key="Literals" datatype="3" valuetype="-1" ModelId="4">6</value><value key="Variables" datatype="8" valuetype="-1" ModelId="4">superfund-right-to-sue_u_min(1), handicapped-infants_u_max(1), adoption-of-the-budget-resolution_n_max(1), religious-groups-in-schools_n_max(1), crime_u_max(2)</value><value key="Literals" datatype="3" valuetype="-1" ModelId="5">5</value><value key="Variables" datatype="8" valuetype="-1" ModelId="5">superfund-right-to-sue_u_min(1), handicapped-infants_u_max(1), adoption-of-the-budget-resolution_n_max(1), religious-groups-in-schools_n_max(1), crime_u_max(1)</value><value key="Literals" datatype="3" valuetype="-1" ModelId="6">6</value><value key="Variables" datatype="8" valuetype="-1" ModelId="6">superfund-right-to-sue_u_min(1), handicapped-infants_u_max(1), adoption-of-the-budget-resolution_n_max(1), crime_u_max(2), export-administration-act-south-africa_u_max(1)</value><value key="Literals" datatype="3" valuetype="-1" ModelId="7">5</value><value key="Variables" datatype="8" valuetype="-1" ModelId="7">superfund-right-to-sue_u_min(1), handicapped-infants_u_max(1), adoption-of-the-budget-resolution_n_max(1), crime_u_max(2)</value><value key="Literals" datatype="3" valuetype="-1" ModelId="8">6</value><value key="Variables" datatype="8" valuetype="-1" ModelId="8">crime_y_min(2), handicapped-infants_u_max(1), adoption-of-the-budget-resolution_n_max(1), crime_u_max(2)</value><value key="Literals" datatype="3" valuetype="-1" ModelId="9">4</value><value key="Variables" datatype="8" valuetype="-1" ModelId="9">physician-fee-freeze_y_max(1), crime_u_max(3)</value><value key="Literals" datatype="3" valuetype="-1" ModelId="10">5</value><value key="Variables" datatype="8" valuetype="-1" ModelId="10">synfuels-corporation-cutback_y_min(1), adoption-of-the-budget-resolution_n_max(1), physician-fee-freeze_y_max(3)</value><value key="Literals" datatype="3" valuetype="-1" ModelId="11">7</value><value key="Variables" datatype="8" valuetype="-1" ModelId="11">physician-fee-freeze_n_min(2), mx-missile_u_min(1), synfuels-corporation-cutback_y_min(1), crime_y_min(1), adoption-of-the-budget-resolution_n_max(1), physician-fee-freeze_y_max(1)</value><value key="Literals" datatype="3" valuetype="-1" ModelId="12">6</value><value key="Variables" datatype="8" valuetype="-1" ModelId="12">physician-fee-freeze_n_min(2), synfuels-corporation-cutback_y_min(1), adoption-of-the-budget-resolution_n_max(1), physician-fee-freeze_y_max(1), mx-missile_u_max(1)</value><value key="Literals" datatype="3" valuetype="-1" ModelId="13">5</value><value key="Variables" datatype="8" valuetype="-1" ModelId="13">water-project-cost-sharing_y_min(1), physician-fee-freeze_n_min(1), synfuels-corporation-cutback_y_min(1), adoption-of-the-budget-resolution_n_max(1), physician-fee-freeze_y_max(1)</value><value key="Literals" datatype="3" valuetype="-1" ModelId="14">6</value><value key="Variables" datatype="8" valuetype="-1" ModelId="14">water-project-cost-sharing_y_min(1), physician-fee-freeze_n_min(1), el-salvador-aid_y_min(1), synfuels-corporation-cutback_y_min(1), adoption-of-the-budget-resolution_n_max(1), physician-fee-freeze_y_max(1)</value><value key="Literals" datatype="3" valuetype="-1" ModelId="15">6</value><value key="Variables" datatype="8" valuetype="-1" ModelId="15">water-project-cost-sharing_y_min(1), physician-fee-freeze_n_min(1), adoption-of-the-budget-resolution_n_max(1), physician-fee-freeze_y_max(1), anti-satellite-test-ban_u_max(1), anti-satellite-test-ban_y_max(1)</value><value key="VariableImportance" datatype="8" valuetype="-1" ModelId="15">water-project-cost-sharing_y_min(3.38708991378672E-02), physician-fee-freeze_n_min(0.417605597671334), adoption-of-the-budget-resolution_n_max(0.126620914033346), physician-fee-freeze_y_max(0.409208945582519), anti-satellite-test-ban_u_max(5.5228199624767E-03), anti-satellite-test-ban_y_max(7.17082361245797E-03)</value></run></report>
