<log created='11/30/2019 13:44:18' name='vote_template_classification_000001'>
<item created='11/30/2019 13:44:18' severity='0'>Processing run 1...</item>
<item created='11/30/2019 13:44:18' severity='0'>Applied setting Genes (4)</item>
<item created='11/30/2019 13:44:18' severity='0'>Applied setting HeadSize (1)</item>
<item created='11/30/2019 13:44:18' severity='0'>Applied setting FitnessFunction (11)</item>
<item created='11/30/2019 13:44:18' severity='0'>Applied setting RoundingThreshold (0.5)</item>
<item created='11/30/2019 13:44:18' severity='0'>Changed function * to weight 2.</item>
<item created='11/30/2019 13:44:18' severity='0'>Loading data from file vote_TRAIN_fold_8.csv ...</item>
<item created='11/30/2019 13:44:19' severity='0'>Loading data from file vote_TEST_fold_8.csv ...</item>
<item created='11/30/2019 13:44:20' severity='0'>Loading run file... vote_1_4_8\vote_template_classification_000001.gep</item>
<item created='11/30/2019 13:44:20' severity='0'>Initializing run...</item>
<item created='11/30/2019 13:44:20' severity='0'>Training Set size: 392</item>
<item created='11/30/2019 13:44:20' severity='0'>Dataset loaded.</item>
<item created='11/30/2019 13:44:20' severity='0'>Starting...</item>
<item created='11/30/2019 13:44:20' severity='0'>Generation: 0 (565.01021102791, 84.69% (332))</item>
<item created='11/30/2019 13:44:22' severity='0'>Generation: 749 (912.19512195122, 95.41% (374))</item>
<item created='11/30/2019 13:44:24' severity='0'>Generation: 1691 (935.802469135802, 96.68% (379))</item>
<item created='11/30/2019 13:44:26' severity='0'>Generation: 2586 (940.594059405941, 96.94% (380))</item>
<item created='11/30/2019 13:44:28' severity='0'>Generation: 3458 (945.409429280397, 97.19% (381))</item>
<item created='11/30/2019 13:44:30' severity='0'>Generation: 4343 (945.409429280397, 97.19% (381))</item>
<item created='11/30/2019 13:44:32' severity='0'>Generation: 5213 (945.409429280397, 97.19% (381))</item>
<item created='11/30/2019 13:44:34' severity='0'>Generation: 6098 (945.409429280397, 97.19% (381))</item>
<item created='11/30/2019 13:44:36' severity='0'>Generation: 6975 (945.409429280397, 97.19% (381))</item>
<item created='11/30/2019 13:44:38' severity='0'>Generation: 7850 (945.409429280397, 97.19% (381))</item>
<item created='11/30/2019 13:44:40' severity='0'>Generation: 8726 (945.409429280397, 97.19% (381))</item>
<item created='11/30/2019 13:44:42' severity='0'>Generation: 9625 (945.409429280397, 97.19% (381))</item>
<item created='11/30/2019 13:44:44' severity='0'>Generation: 10496 (945.409429280397, 97.19% (381))</item>
<item created='11/30/2019 13:44:46' severity='0'>Generation: 11377 (950.248756218905, 97.45% (382))</item>
<item created='11/30/2019 13:44:48' severity='0'>Generation: 12271 (950.248756218905, 97.45% (382))</item>
<item created='11/30/2019 13:44:50' severity='0'>Generation: 13125 (950.248756218905, 97.45% (382))</item>
<item created='11/30/2019 13:44:52' severity='0'>Generation: 13993 (950.248756218905, 97.45% (382))</item>
<item created='11/30/2019 13:44:54' severity='0'>Generation: 14880 (950.248756218905, 97.45% (382))</item>
<item created='11/30/2019 13:44:56' severity='0'>Generation: 15698 (950.248756218905, 97.45% (382))</item>
<item created='11/30/2019 13:44:58' severity='0'>Generation: 16600 (950.248756218905, 97.45% (382))</item>
<item created='11/30/2019 13:45:00' severity='0'>Generation: 17452 (950.248756218905, 97.45% (382))</item>
<item created='11/30/2019 13:45:02' severity='0'>Generation: 18312 (950.248756218905, 97.45% (382))</item>
<item created='11/30/2019 13:45:04' severity='0'>Generation: 19095 (950.248756218905, 97.45% (382))</item>
<item created='11/30/2019 13:45:06' severity='0'>Generation: 19962 (950.248756218905, 97.45% (382))</item>
<item created='11/30/2019 13:45:06' severity='0'>Finished run.</item>
<item created='11/30/2019 13:45:06' severity='0'>Models created: 15</item>
<item created='11/30/2019 13:45:06' severity='0'>Models: 15</item>
<item created='11/30/2019 13:45:06' severity='0'>Last Model: 15</item>
<item created='11/30/2019 13:45:06' severity='0'>Generation: 10793</item>
<item created='11/30/2019 13:45:06' severity='0'>Training Fitness: 950.248756218905</item>
<item created='11/30/2019 13:45:06' severity='0'>Training Accuracy: 97.45%</item>
<item created='11/30/2019 13:45:06' severity='0'>Success</item>
<item created='11/30/2019 13:45:06' severity='0'>Loading run file... vote_1_4_8\vote_template_classification_000001.gep</item>
<item created='11/30/2019 13:45:06' severity='0'>Initializing tests for all models...</item>
<item created='11/30/2019 13:45:06' severity='0'>Testing model 1 on the Validation Set with 43 records.............</item>
<item created='11/30/2019 13:45:06' severity='0'>Testing model 2 on the Validation Set with 43 records.............</item>
<item created='11/30/2019 13:45:06' severity='0'>Testing model 3 on the Validation Set with 43 records.............</item>
<item created='11/30/2019 13:45:06' severity='0'>Testing model 4 on the Validation Set with 43 records.............</item>
<item created='11/30/2019 13:45:06' severity='0'>Testing model 5 on the Validation Set with 43 records.............</item>
<item created='11/30/2019 13:45:06' severity='0'>Testing model 6 on the Validation Set with 43 records.............</item>
<item created='11/30/2019 13:45:06' severity='0'>Testing model 7 on the Validation Set with 43 records.............</item>
<item created='11/30/2019 13:45:06' severity='0'>Testing model 8 on the Validation Set with 43 records.............</item>
<item created='11/30/2019 13:45:06' severity='0'>Testing model 9 on the Validation Set with 43 records.............</item>
<item created='11/30/2019 13:45:06' severity='0'>Testing model 10 on the Validation Set with 43 records.............</item>
<item created='11/30/2019 13:45:06' severity='0'>Testing model 11 on the Validation Set with 43 records.............</item>
<item created='11/30/2019 13:45:06' severity='0'>Testing model 12 on the Validation Set with 43 records.............</item>
<item created='11/30/2019 13:45:06' severity='0'>Testing model 13 on the Validation Set with 43 records.............</item>
<item created='11/30/2019 13:45:06' severity='0'>Testing model 14 on the Validation Set with 43 records.............</item>
<item created='11/30/2019 13:45:06' severity='0'>Testing model 15 on the Validation Set with 43 records.............</item>
<item created='11/30/2019 13:45:06' severity='0'>Success</item>
</log>
