<log created='11/30/2019 14:15:29' name='vote_template_classification_000001'>
<item created='11/30/2019 14:15:29' severity='0'>Processing run 1...</item>
<item created='11/30/2019 14:15:29' severity='0'>Applied setting Genes (1)</item>
<item created='11/30/2019 14:15:29' severity='0'>Applied setting HeadSize (2)</item>
<item created='11/30/2019 14:15:29' severity='0'>Applied setting FitnessFunction (11)</item>
<item created='11/30/2019 14:15:29' severity='0'>Applied setting RoundingThreshold (0.5)</item>
<item created='11/30/2019 14:15:29' severity='0'>Changed function * to weight 2.</item>
<item created='11/30/2019 14:15:29' severity='0'>Loading data from file vote_TRAIN_fold_10.csv ...</item>
<item created='11/30/2019 14:15:30' severity='0'>Loading data from file vote_TEST_fold_10.csv ...</item>
<item created='11/30/2019 14:15:31' severity='0'>Loading run file... vote_2_1_10\vote_template_classification_000001.gep</item>
<item created='11/30/2019 14:15:31' severity='0'>Initializing run...</item>
<item created='11/30/2019 14:15:31' severity='0'>Training Set size: 393</item>
<item created='11/30/2019 14:15:31' severity='0'>Dataset loaded.</item>
<item created='11/30/2019 14:15:31' severity='0'>Starting...</item>
<item created='11/30/2019 14:15:31' severity='0'>Generation: 0 (668.272125225768, 84.73% (333))</item>
<item created='11/30/2019 14:15:33' severity='0'>Generation: 982 (912.408759124088, 95.42% (375))</item>
<item created='11/30/2019 14:15:35' severity='0'>Generation: 3010 (912.408759124088, 95.42% (375))</item>
<item created='11/30/2019 14:15:37' severity='0'>Generation: 5129 (912.408759124088, 95.42% (375))</item>
<item created='11/30/2019 14:15:39' severity='0'>Generation: 7148 (912.408759124088, 95.42% (375))</item>
<item created='11/30/2019 14:15:41' severity='0'>Generation: 9237 (912.408759124088, 95.42% (375))</item>
<item created='11/30/2019 14:15:43' severity='0'>Generation: 11284 (912.408759124088, 95.42% (375))</item>
<item created='11/30/2019 14:15:45' severity='0'>Generation: 13294 (912.408759124088, 95.42% (375))</item>
<item created='11/30/2019 14:15:47' severity='0'>Generation: 15316 (912.408759124088, 95.42% (375))</item>
<item created='11/30/2019 14:15:49' severity='0'>Generation: 17209 (912.408759124088, 95.42% (375))</item>
<item created='11/30/2019 14:15:51' severity='0'>Generation: 19264 (912.408759124088, 95.42% (375))</item>
<item created='11/30/2019 14:15:51' severity='0'>Finished run.</item>
<item created='11/30/2019 14:15:51' severity='0'>Models created: 4</item>
<item created='11/30/2019 14:15:51' severity='0'>Models: 4</item>
<item created='11/30/2019 14:15:51' severity='0'>Last Model: 4</item>
<item created='11/30/2019 14:15:51' severity='0'>Generation: 162</item>
<item created='11/30/2019 14:15:51' severity='0'>Training Fitness: 912.408759124088</item>
<item created='11/30/2019 14:15:51' severity='0'>Training Accuracy: 95.42%</item>
<item created='11/30/2019 14:15:51' severity='0'>Success</item>
<item created='11/30/2019 14:15:52' severity='0'>Loading run file... vote_2_1_10\vote_template_classification_000001.gep</item>
<item created='11/30/2019 14:15:52' severity='0'>Initializing tests for all models...</item>
<item created='11/30/2019 14:15:52' severity='0'>Testing model 1 on the Validation Set with 42 records.............</item>
<item created='11/30/2019 14:15:52' severity='0'>Testing model 2 on the Validation Set with 42 records.............</item>
<item created='11/30/2019 14:15:52' severity='0'>Testing model 3 on the Validation Set with 42 records.............</item>
<item created='11/30/2019 14:15:52' severity='0'>Testing model 4 on the Validation Set with 42 records.............</item>
<item created='11/30/2019 14:15:52' severity='0'>Success</item>
</log>
