<report id="0"><run id="1" name="vote_template_classification_000001.gep"><value key="HasTestingSet" datatype="3" valuetype="0">1</value><value key="TrainFitness" datatype="5" valuetype="1" ModelId="1">668.272125225768</value><value key="TrainFitness" datatype="5" valuetype="1" ModelId="2">714.876033057851</value><value key="TrainFitness" datatype="5" valuetype="1" ModelId="3">898.550724637681</value><value key="TrainFitness" datatype="5" valuetype="1" ModelId="4">912.408759124088</value><value key="TrainAccuracy" datatype="5" valuetype="1" ModelId="1">84.73</value><value key="TrainAccuracy" datatype="5" valuetype="1" ModelId="2">88.04</value><value key="TrainAccuracy" datatype="5" valuetype="1" ModelId="3">94.66</value><value key="TrainAccuracy" datatype="5" valuetype="1" ModelId="4">95.42</value><value key="TestFitness" datatype="5" valuetype="1" ModelId="1">595.238095238095</value><value key="TestFitness" datatype="5" valuetype="1" ModelId="2">523.076923076923</value><value key="TestFitness" datatype="5" valuetype="1" ModelId="3">787.878787878788</value><value key="TestFitness" datatype="5" valuetype="1" ModelId="4">953.488372093023</value><value key="TestAccuracy" datatype="5" valuetype="1" ModelId="1">83.33</value><value key="TestAccuracy" datatype="5" valuetype="1" ModelId="2">80.95</value><value key="TestAccuracy" datatype="5" valuetype="1" ModelId="3">92.86</value><value key="TestAccuracy" datatype="5" valuetype="1" ModelId="4">97.62</value><value key="Size" datatype="3" valuetype="1" ModelId="1">5</value><value key="Size" datatype="3" valuetype="1" ModelId="2">5</value><value key="Size" datatype="3" valuetype="1" ModelId="3">5</value><value key="Size" datatype="3" valuetype="1" ModelId="4">5</value><value key="Generation" datatype="5" valuetype="1" ModelId="1">0</value><value key="Generation" datatype="5" valuetype="1" ModelId="2">23</value><value key="Generation" datatype="5" valuetype="1" ModelId="3">30</value><value key="Generation" datatype="5" valuetype="1" ModelId="4">162</value><value key="RunIndex" datatype="5" valuetype="1" ModelId="1">1</value><value key="RunIndex" datatype="5" valuetype="1" ModelId="2">1</value><value key="RunIndex" datatype="5" valuetype="1" ModelId="3">1</value><value key="RunIndex" datatype="5" valuetype="1" ModelId="4">1</value><value key="Literals" datatype="3" valuetype="-1" ModelId="1">2</value><value key="Variables" datatype="8" valuetype="-1" ModelId="1">mx-missile_y_min(1), el-salvador-aid_y_max(1)</value><value key="Literals" datatype="3" valuetype="-1" ModelId="2">2</value><value key="Variables" datatype="8" valuetype="-1" ModelId="2">mx-missile_y_min(1), adoption-of-the-budget-resolution_n_max(1)</value><value key="Literals" datatype="3" valuetype="-1" ModelId="3">2</value><value key="Variables" datatype="8" valuetype="-1" ModelId="3">physician-fee-freeze_n_min(1), mx-missile_y_min(1)</value><value key="Literals" datatype="3" valuetype="-1" ModelId="4">1</value><value key="Variables" datatype="8" valuetype="-1" ModelId="4">physician-fee-freeze_y_max(1)</value><value key="VariableImportance" datatype="8" valuetype="-1" ModelId="4">physician-fee-freeze_y_max(1)</value></run></report>
