<report id="0"><run id="1" name="vote_template_classification_000001.gep"><value key="HasTestingSet" datatype="3" valuetype="0">1</value><value key="TrainFitness" datatype="5" valuetype="1" ModelId="1">675.154320987654</value><value key="TrainFitness" datatype="5" valuetype="1" ModelId="2">678.654292343388</value><value key="TrainFitness" datatype="5" valuetype="1" ModelId="3">751.911639762107</value><value key="TrainFitness" datatype="5" valuetype="1" ModelId="4">884.33734939759</value><value key="TrainFitness" datatype="5" valuetype="1" ModelId="5">902.676399026764</value><value key="TrainFitness" datatype="5" valuetype="1" ModelId="6">926.108374384236</value><value key="TrainFitness" datatype="5" valuetype="1" ModelId="7">930.864197530864</value><value key="TrainFitness" datatype="5" valuetype="1" ModelId="8">935.643564356436</value><value key="TrainFitness" datatype="5" valuetype="1" ModelId="9">940.446650124069</value><value key="TrainFitness" datatype="5" valuetype="1" ModelId="10">945.273631840796</value><value key="TrainAccuracy" datatype="5" valuetype="1" ModelId="1">89.51</value><value key="TrainAccuracy" datatype="5" valuetype="1" ModelId="2">89.77</value><value key="TrainAccuracy" datatype="5" valuetype="1" ModelId="3">90.54</value><value key="TrainAccuracy" datatype="5" valuetype="1" ModelId="4">93.86</value><value key="TrainAccuracy" datatype="5" valuetype="1" ModelId="5">94.88</value><value key="TrainAccuracy" datatype="5" valuetype="1" ModelId="6">96.16</value><value key="TrainAccuracy" datatype="5" valuetype="1" ModelId="7">96.42</value><value key="TrainAccuracy" datatype="5" valuetype="1" ModelId="8">96.68</value><value key="TrainAccuracy" datatype="5" valuetype="1" ModelId="9">96.93</value><value key="TrainAccuracy" datatype="5" valuetype="1" ModelId="10">97.19</value><value key="TestFitness" datatype="5" valuetype="1" ModelId="1">694.444444444444</value><value key="TestFitness" datatype="5" valuetype="1" ModelId="2">694.444444444444</value><value key="TestFitness" datatype="5" valuetype="1" ModelId="3">694.444444444444</value><value key="TestFitness" datatype="5" valuetype="1" ModelId="4">694.444444444444</value><value key="TestFitness" datatype="5" valuetype="1" ModelId="5">694.444444444444</value><value key="TestFitness" datatype="5" valuetype="1" ModelId="6">694.444444444444</value><value key="TestFitness" datatype="5" valuetype="1" ModelId="7">694.444444444444</value><value key="TestFitness" datatype="5" valuetype="1" ModelId="8">694.444444444444</value><value key="TestFitness" datatype="5" valuetype="1" ModelId="9">694.444444444444</value><value key="TestFitness" datatype="5" valuetype="1" ModelId="10">694.444444444444</value><value key="TestAccuracy" datatype="5" valuetype="1" ModelId="1">90.91</value><value key="TestAccuracy" datatype="5" valuetype="1" ModelId="2">90.91</value><value key="TestAccuracy" datatype="5" valuetype="1" ModelId="3">90.91</value><value key="TestAccuracy" datatype="5" valuetype="1" ModelId="4">90.91</value><value key="TestAccuracy" datatype="5" valuetype="1" ModelId="5">90.91</value><value key="TestAccuracy" datatype="5" valuetype="1" ModelId="6">90.91</value><value key="TestAccuracy" datatype="5" valuetype="1" ModelId="7">90.91</value><value key="TestAccuracy" datatype="5" valuetype="1" ModelId="8">90.91</value><value key="TestAccuracy" datatype="5" valuetype="1" ModelId="9">90.91</value><value key="TestAccuracy" datatype="5" valuetype="1" ModelId="10">90.91</value><value key="Size" datatype="3" valuetype="1" ModelId="1">8</value><value key="Size" datatype="3" valuetype="1" ModelId="2">8</value><value key="Size" datatype="3" valuetype="1" ModelId="3">8</value><value key="Size" datatype="3" valuetype="1" ModelId="4">9</value><value key="Size" datatype="3" valuetype="1" ModelId="5">8</value><value key="Size" datatype="3" valuetype="1" ModelId="6">8</value><value key="Size" datatype="3" valuetype="1" ModelId="7">8</value><value key="Size" datatype="3" valuetype="1" ModelId="8">8</value><value key="Size" datatype="3" valuetype="1" ModelId="9">9</value><value key="Size" datatype="3" valuetype="1" ModelId="10">8</value><value key="Generation" datatype="5" valuetype="1" ModelId="1">0</value><value key="Generation" datatype="5" valuetype="1" ModelId="2">2</value><value key="Generation" datatype="5" valuetype="1" ModelId="3">3</value><value key="Generation" datatype="5" valuetype="1" ModelId="4">7</value><value key="Generation" datatype="5" valuetype="1" ModelId="5">11</value><value key="Generation" datatype="5" valuetype="1" ModelId="6">43</value><value key="Generation" datatype="5" valuetype="1" ModelId="7">57</value><value key="Generation" datatype="5" valuetype="1" ModelId="8">70</value><value key="Generation" datatype="5" valuetype="1" ModelId="9">3945</value><value key="Generation" datatype="5" valuetype="1" ModelId="10">8361</value><value key="RunIndex" datatype="5" valuetype="1" ModelId="1">1</value><value key="RunIndex" datatype="5" valuetype="1" ModelId="2">1</value><value key="RunIndex" datatype="5" valuetype="1" ModelId="3">1</value><value key="RunIndex" datatype="5" valuetype="1" ModelId="4">1</value><value key="RunIndex" datatype="5" valuetype="1" ModelId="5">1</value><value key="RunIndex" datatype="5" valuetype="1" ModelId="6">1</value><value key="RunIndex" datatype="5" valuetype="1" ModelId="7">1</value><value key="RunIndex" datatype="5" valuetype="1" ModelId="8">1</value><value key="RunIndex" datatype="5" valuetype="1" ModelId="9">1</value><value key="RunIndex" datatype="5" valuetype="1" ModelId="10">1</value><value key="Literals" datatype="3" valuetype="-1" ModelId="1">3</value><value key="Variables" datatype="8" valuetype="-1" ModelId="1">water-project-cost-sharing_u_min(1), physician-fee-freeze_n_min(1), crime_y_max(1)</value><value key="Literals" datatype="3" valuetype="-1" ModelId="2">4</value><value key="Variables" datatype="8" valuetype="-1" ModelId="2">water-project-cost-sharing_u_min(1), adoption-of-the-budget-resolution_u_min(1), physician-fee-freeze_n_min(1), crime_y_max(1)</value><value key="Literals" datatype="3" valuetype="-1" ModelId="3">2</value><value key="Variables" datatype="8" valuetype="-1" ModelId="3">water-project-cost-sharing_u_min(1), physician-fee-freeze_n_min(1)</value><value key="Literals" datatype="3" valuetype="-1" ModelId="4">3</value><value key="Variables" datatype="8" valuetype="-1" ModelId="4">physician-fee-freeze_n_min(1), religious-groups-in-schools_y_min(1), crime_y_max(1)</value><value key="Literals" datatype="3" valuetype="-1" ModelId="5">2</value><value key="Variables" datatype="8" valuetype="-1" ModelId="5">physician-fee-freeze_n_min(1), adoption-of-the-budget-resolution_u_max(1)</value><value key="Literals" datatype="3" valuetype="-1" ModelId="6">3</value><value key="Variables" datatype="8" valuetype="-1" ModelId="6">physician-fee-freeze_n_min(1), adoption-of-the-budget-resolution_u_max(1), physician-fee-freeze_y_max(1)</value><value key="Literals" datatype="3" valuetype="-1" ModelId="7">4</value><value key="Variables" datatype="8" valuetype="-1" ModelId="7">physician-fee-freeze_n_min(1), adoption-of-the-budget-resolution_u_max(1), physician-fee-freeze_y_max(1), education-spending_y_max(1)</value><value key="Literals" datatype="3" valuetype="-1" ModelId="8">4</value><value key="Variables" datatype="8" valuetype="-1" ModelId="8">physician-fee-freeze_n_min(1), physician-fee-freeze_y_max(1), synfuels-corporation-cutback_y_max(1), education-spending_y_max(1)</value><value key="Literals" datatype="3" valuetype="-1" ModelId="9">5</value><value key="Variables" datatype="8" valuetype="-1" ModelId="9">physician-fee-freeze_n_min(1), physician-fee-freeze_y_min(1), education-spending_n_min(1), superfund-right-to-sue_u_min(1), synfuels-corporation-cutback_y_max(1)</value><value key="Literals" datatype="3" valuetype="-1" ModelId="10">4</value><value key="Variables" datatype="8" valuetype="-1" ModelId="10">export-administration-act-south-africa_u_min(1), physician-fee-freeze_y_max(1), mx-missile_n_max(1), synfuels-corporation-cutback_y_max(1)</value><value key="VariableImportance" datatype="8" valuetype="-1" ModelId="10">export-administration-act-south-africa_u_min(9.68993126608832E-03), physician-fee-freeze_y_max(0.854262274844949), mx-missile_n_max(0.111694284100961), synfuels-corporation-cutback_y_max(2.43535097880018E-02)</value></run></report>
