<log created='11/30/2019 13:34:01' name='vote_template_classification_000001'>
<item created='11/30/2019 13:34:01' severity='0'>Processing run 1...</item>
<item created='11/30/2019 13:34:01' severity='0'>Applied setting Genes (3)</item>
<item created='11/30/2019 13:34:01' severity='0'>Applied setting HeadSize (1)</item>
<item created='11/30/2019 13:34:01' severity='0'>Applied setting FitnessFunction (11)</item>
<item created='11/30/2019 13:34:01' severity='0'>Applied setting RoundingThreshold (0.5)</item>
<item created='11/30/2019 13:34:01' severity='0'>Changed function * to weight 2.</item>
<item created='11/30/2019 13:34:01' severity='0'>Loading data from file vote_TRAIN_fold_6.csv ...</item>
<item created='11/30/2019 13:34:02' severity='0'>Loading data from file vote_TEST_fold_6.csv ...</item>
<item created='11/30/2019 13:34:03' severity='0'>Loading run file... vote_1_3_6\vote_template_classification_000001.gep</item>
<item created='11/30/2019 13:34:03' severity='0'>Initializing run...</item>
<item created='11/30/2019 13:34:03' severity='0'>Training Set size: 391</item>
<item created='11/30/2019 13:34:03' severity='0'>Dataset loaded.</item>
<item created='11/30/2019 13:34:03' severity='0'>Starting...</item>
<item created='11/30/2019 13:34:03' severity='0'>Generation: 0 (675.154320987654, 89.51% (350))</item>
<item created='11/30/2019 13:34:05' severity='0'>Generation: 622 (935.643564356436, 96.68% (378))</item>
<item created='11/30/2019 13:34:07' severity='0'>Generation: 1634 (935.643564356436, 96.68% (378))</item>
<item created='11/30/2019 13:34:09' severity='0'>Generation: 2534 (935.643564356436, 96.68% (378))</item>
<item created='11/30/2019 13:34:11' severity='0'>Generation: 3520 (935.643564356436, 96.68% (378))</item>
<item created='11/30/2019 13:34:13' severity='0'>Generation: 4398 (940.446650124069, 96.93% (379))</item>
<item created='11/30/2019 13:34:15' severity='0'>Generation: 5287 (940.446650124069, 96.93% (379))</item>
<item created='11/30/2019 13:34:17' severity='0'>Generation: 6140 (940.446650124069, 96.93% (379))</item>
<item created='11/30/2019 13:34:19' severity='0'>Generation: 6975 (940.446650124069, 96.93% (379))</item>
<item created='11/30/2019 13:34:21' severity='0'>Generation: 7774 (940.446650124069, 96.93% (379))</item>
<item created='11/30/2019 13:34:23' severity='0'>Generation: 8627 (945.273631840796, 97.19% (380))</item>
<item created='11/30/2019 13:34:25' severity='0'>Generation: 9471 (945.273631840796, 97.19% (380))</item>
<item created='11/30/2019 13:34:27' severity='0'>Generation: 10360 (945.273631840796, 97.19% (380))</item>
<item created='11/30/2019 13:34:29' severity='0'>Generation: 11252 (945.273631840796, 97.19% (380))</item>
<item created='11/30/2019 13:34:31' severity='0'>Generation: 12104 (945.273631840796, 97.19% (380))</item>
<item created='11/30/2019 13:34:33' severity='0'>Generation: 12962 (945.273631840796, 97.19% (380))</item>
<item created='11/30/2019 13:34:35' severity='0'>Generation: 13880 (945.273631840796, 97.19% (380))</item>
<item created='11/30/2019 13:34:37' severity='0'>Generation: 14752 (945.273631840796, 97.19% (380))</item>
<item created='11/30/2019 13:34:39' severity='0'>Generation: 15639 (945.273631840796, 97.19% (380))</item>
<item created='11/30/2019 13:34:41' severity='0'>Generation: 16536 (945.273631840796, 97.19% (380))</item>
<item created='11/30/2019 13:34:43' severity='0'>Generation: 17391 (945.273631840796, 97.19% (380))</item>
<item created='11/30/2019 13:34:45' severity='0'>Generation: 18164 (945.273631840796, 97.19% (380))</item>
<item created='11/30/2019 13:34:47' severity='0'>Generation: 18940 (945.273631840796, 97.19% (380))</item>
<item created='11/30/2019 13:34:49' severity='0'>Generation: 19706 (945.273631840796, 97.19% (380))</item>
<item created='11/30/2019 13:34:49' severity='0'>Finished run.</item>
<item created='11/30/2019 13:34:49' severity='0'>Models created: 10</item>
<item created='11/30/2019 13:34:49' severity='0'>Models: 10</item>
<item created='11/30/2019 13:34:49' severity='0'>Last Model: 10</item>
<item created='11/30/2019 13:34:49' severity='0'>Generation: 8361</item>
<item created='11/30/2019 13:34:49' severity='0'>Training Fitness: 945.273631840796</item>
<item created='11/30/2019 13:34:49' severity='0'>Training Accuracy: 97.19%</item>
<item created='11/30/2019 13:34:49' severity='0'>Success</item>
<item created='11/30/2019 13:34:49' severity='0'>Loading run file... vote_1_3_6\vote_template_classification_000001.gep</item>
<item created='11/30/2019 13:34:50' severity='0'>Initializing tests for all models...</item>
<item created='11/30/2019 13:34:50' severity='0'>Testing model 1 on the Validation Set with 44 records..............</item>
<item created='11/30/2019 13:34:50' severity='0'>Testing model 2 on the Validation Set with 44 records..............</item>
<item created='11/30/2019 13:34:50' severity='0'>Testing model 3 on the Validation Set with 44 records..............</item>
<item created='11/30/2019 13:34:50' severity='0'>Testing model 4 on the Validation Set with 44 records..............</item>
<item created='11/30/2019 13:34:50' severity='0'>Testing model 5 on the Validation Set with 44 records..............</item>
<item created='11/30/2019 13:34:50' severity='0'>Testing model 6 on the Validation Set with 44 records..............</item>
<item created='11/30/2019 13:34:50' severity='0'>Testing model 7 on the Validation Set with 44 records..............</item>
<item created='11/30/2019 13:34:50' severity='0'>Testing model 8 on the Validation Set with 44 records..............</item>
<item created='11/30/2019 13:34:50' severity='0'>Testing model 9 on the Validation Set with 44 records..............</item>
<item created='11/30/2019 13:34:50' severity='0'>Testing model 10 on the Validation Set with 44 records..............</item>
<item created='11/30/2019 13:34:50' severity='0'>Success</item>
</log>
