<report id="0"><run id="1" name="vote_template_classification_000001.gep"><value key="HasTestingSet" datatype="3" valuetype="0">1</value><value key="TrainFitness" datatype="5" valuetype="1" ModelId="1">662.100456621005</value><value key="TrainFitness" datatype="5" valuetype="1" ModelId="2">744.949494949495</value><value key="TrainFitness" datatype="5" valuetype="1" ModelId="3">796.268170969842</value><value key="TrainFitness" datatype="5" valuetype="1" ModelId="4">884.892086330935</value><value key="TrainFitness" datatype="5" valuetype="1" ModelId="5">903.147699757869</value><value key="TrainFitness" datatype="5" valuetype="1" ModelId="6">912.408759124088</value><value key="TrainFitness" datatype="5" valuetype="1" ModelId="7">917.073170731707</value><value key="TrainFitness" datatype="5" valuetype="1" ModelId="8">921.760391198044</value><value key="TrainFitness" datatype="5" valuetype="1" ModelId="9">926.470588235294</value><value key="TrainFitness" datatype="5" valuetype="1" ModelId="10">931.203931203931</value><value key="TrainFitness" datatype="5" valuetype="1" ModelId="11">935.960591133005</value><value key="TrainFitness" datatype="5" valuetype="1" ModelId="12">945.544554455446</value><value key="TrainFitness" datatype="5" valuetype="1" ModelId="13">950.372208436725</value><value key="TrainFitness" datatype="5" valuetype="1" ModelId="14">955.223880597015</value><value key="TrainFitness" datatype="5" valuetype="1" ModelId="15">960.099750623441</value><value key="TrainAccuracy" datatype="5" valuetype="1" ModelId="1">88.55</value><value key="TrainAccuracy" datatype="5" valuetype="1" ModelId="2">90.08</value><value key="TrainAccuracy" datatype="5" valuetype="1" ModelId="3">93.38</value><value key="TrainAccuracy" datatype="5" valuetype="1" ModelId="4">93.89</value><value key="TrainAccuracy" datatype="5" valuetype="1" ModelId="5">94.91</value><value key="TrainAccuracy" datatype="5" valuetype="1" ModelId="6">95.42</value><value key="TrainAccuracy" datatype="5" valuetype="1" ModelId="7">95.67</value><value key="TrainAccuracy" datatype="5" valuetype="1" ModelId="8">95.93</value><value key="TrainAccuracy" datatype="5" valuetype="1" ModelId="9">96.18</value><value key="TrainAccuracy" datatype="5" valuetype="1" ModelId="10">96.44</value><value key="TrainAccuracy" datatype="5" valuetype="1" ModelId="11">96.69</value><value key="TrainAccuracy" datatype="5" valuetype="1" ModelId="12">97.2</value><value key="TrainAccuracy" datatype="5" valuetype="1" ModelId="13">97.46</value><value key="TrainAccuracy" datatype="5" valuetype="1" ModelId="14">97.71</value><value key="TrainAccuracy" datatype="5" valuetype="1" ModelId="15">97.96</value><value key="TestFitness" datatype="5" valuetype="1" ModelId="1">576.923076923077</value><value key="TestFitness" datatype="5" valuetype="1" ModelId="2">909.090909090909</value><value key="TestFitness" datatype="5" valuetype="1" ModelId="3">787.878787878788</value><value key="TestFitness" datatype="5" valuetype="1" ModelId="4">866.666666666667</value><value key="TestFitness" datatype="5" valuetype="1" ModelId="5">909.090909090909</value><value key="TestFitness" datatype="5" valuetype="1" ModelId="6">953.488372093023</value><value key="TestFitness" datatype="5" valuetype="1" ModelId="7">953.488372093023</value><value key="TestFitness" datatype="5" valuetype="1" ModelId="8">953.488372093023</value><value key="TestFitness" datatype="5" valuetype="1" ModelId="9">953.488372093023</value><value key="TestFitness" datatype="5" valuetype="1" ModelId="10">953.488372093023</value><value key="TestFitness" datatype="5" valuetype="1" ModelId="11">953.488372093023</value><value key="TestFitness" datatype="5" valuetype="1" ModelId="12">953.488372093023</value><value key="TestFitness" datatype="5" valuetype="1" ModelId="13">909.090909090909</value><value key="TestFitness" datatype="5" valuetype="1" ModelId="14">953.488372093023</value><value key="TestFitness" datatype="5" valuetype="1" ModelId="15">953.488372093023</value><value key="TestAccuracy" datatype="5" valuetype="1" ModelId="1">85.71</value><value key="TestAccuracy" datatype="5" valuetype="1" ModelId="2">95.24</value><value key="TestAccuracy" datatype="5" valuetype="1" ModelId="3">92.86</value><value key="TestAccuracy" datatype="5" valuetype="1" ModelId="4">92.86</value><value key="TestAccuracy" datatype="5" valuetype="1" ModelId="5">95.24</value><value key="TestAccuracy" datatype="5" valuetype="1" ModelId="6">97.62</value><value key="TestAccuracy" datatype="5" valuetype="1" ModelId="7">97.62</value><value key="TestAccuracy" datatype="5" valuetype="1" ModelId="8">97.62</value><value key="TestAccuracy" datatype="5" valuetype="1" ModelId="9">97.62</value><value key="TestAccuracy" datatype="5" valuetype="1" ModelId="10">97.62</value><value key="TestAccuracy" datatype="5" valuetype="1" ModelId="11">97.62</value><value key="TestAccuracy" datatype="5" valuetype="1" ModelId="12">97.62</value><value key="TestAccuracy" datatype="5" valuetype="1" ModelId="13">95.24</value><value key="TestAccuracy" datatype="5" valuetype="1" ModelId="14">97.62</value><value key="TestAccuracy" datatype="5" valuetype="1" ModelId="15">97.62</value><value key="Size" datatype="3" valuetype="1" ModelId="1">13</value><value key="Size" datatype="3" valuetype="1" ModelId="2">13</value><value key="Size" datatype="3" valuetype="1" ModelId="3">13</value><value key="Size" datatype="3" valuetype="1" ModelId="4">14</value><value key="Size" datatype="3" valuetype="1" ModelId="5">13</value><value key="Size" datatype="3" valuetype="1" ModelId="6">14</value><value key="Size" datatype="3" valuetype="1" ModelId="7">14</value><value key="Size" datatype="3" valuetype="1" ModelId="8">13</value><value key="Size" datatype="3" valuetype="1" ModelId="9">15</value><value key="Size" datatype="3" valuetype="1" ModelId="10">15</value><value key="Size" datatype="3" valuetype="1" ModelId="11">14</value><value key="Size" datatype="3" valuetype="1" ModelId="12">13</value><value key="Size" datatype="3" valuetype="1" ModelId="13">14</value><value key="Size" datatype="3" valuetype="1" ModelId="14">14</value><value key="Size" datatype="3" valuetype="1" ModelId="15">14</value><value key="Generation" datatype="5" valuetype="1" ModelId="1">0</value><value key="Generation" datatype="5" valuetype="1" ModelId="2">3</value><value key="Generation" datatype="5" valuetype="1" ModelId="3">4</value><value key="Generation" datatype="5" valuetype="1" ModelId="4">9</value><value key="Generation" datatype="5" valuetype="1" ModelId="5">16</value><value key="Generation" datatype="5" valuetype="1" ModelId="6">54</value><value key="Generation" datatype="5" valuetype="1" ModelId="7">80</value><value key="Generation" datatype="5" valuetype="1" ModelId="8">256</value><value key="Generation" datatype="5" valuetype="1" ModelId="9">485</value><value key="Generation" datatype="5" valuetype="1" ModelId="10">525</value><value key="Generation" datatype="5" valuetype="1" ModelId="11">891</value><value key="Generation" datatype="5" valuetype="1" ModelId="12">1106</value><value key="Generation" datatype="5" valuetype="1" ModelId="13">4272</value><value key="Generation" datatype="5" valuetype="1" ModelId="14">8189</value><value key="Generation" datatype="5" valuetype="1" ModelId="15">8813</value><value key="RunIndex" datatype="5" valuetype="1" ModelId="1">1</value><value key="RunIndex" datatype="5" valuetype="1" ModelId="2">1</value><value key="RunIndex" datatype="5" valuetype="1" ModelId="3">1</value><value key="RunIndex" datatype="5" valuetype="1" ModelId="4">1</value><value key="RunIndex" datatype="5" valuetype="1" ModelId="5">1</value><value key="RunIndex" datatype="5" valuetype="1" ModelId="6">1</value><value key="RunIndex" datatype="5" valuetype="1" ModelId="7">1</value><value key="RunIndex" datatype="5" valuetype="1" ModelId="8">1</value><value key="RunIndex" datatype="5" valuetype="1" ModelId="9">1</value><value key="RunIndex" datatype="5" valuetype="1" ModelId="10">1</value><value key="RunIndex" datatype="5" valuetype="1" ModelId="11">1</value><value key="RunIndex" datatype="5" valuetype="1" ModelId="12">1</value><value key="RunIndex" datatype="5" valuetype="1" ModelId="13">1</value><value key="RunIndex" datatype="5" valuetype="1" ModelId="14">1</value><value key="RunIndex" datatype="5" valuetype="1" ModelId="15">1</value><value key="Literals" datatype="3" valuetype="-1" ModelId="1">5</value><value key="Variables" datatype="8" valuetype="-1" ModelId="1">adoption-of-the-budget-resolution_y_min(1), physician-fee-freeze_n_min(1), superfund-right-to-sue_n_min(1), anti-satellite-test-ban_u_max(1), duty-free-exports_u_max(1)</value><value key="Literals" datatype="3" valuetype="-1" ModelId="2">5</value><value key="Variables" datatype="8" valuetype="-1" ModelId="2">adoption-of-the-budget-resolution_u_min(1), physician-fee-freeze_n_min(1), superfund-right-to-sue_n_min(1), anti-satellite-test-ban_u_max(1), duty-free-exports_u_max(1)</value><value key="Literals" datatype="3" valuetype="-1" ModelId="3">4</value><value key="Variables" datatype="8" valuetype="-1" ModelId="3">adoption-of-the-budget-resolution_u_min(1), physician-fee-freeze_n_min(1), anti-satellite-test-ban_u_max(1), duty-free-exports_u_max(1)</value><value key="Literals" datatype="3" valuetype="-1" ModelId="4">4</value><value key="Variables" datatype="8" valuetype="-1" ModelId="4">adoption-of-the-budget-resolution_u_min(1), physician-fee-freeze_n_min(1), anti-satellite-test-ban_u_max(1), duty-free-exports_u_max(1)</value><value key="Literals" datatype="3" valuetype="-1" ModelId="5">5</value><value key="Variables" datatype="8" valuetype="-1" ModelId="5">adoption-of-the-budget-resolution_u_min(1), physician-fee-freeze_n_min(1), anti-satellite-test-ban_u_max(2), duty-free-exports_u_max(1)</value><value key="Literals" datatype="3" valuetype="-1" ModelId="6">5</value><value key="Variables" datatype="8" valuetype="-1" ModelId="6">physician-fee-freeze_n_min(1), duty-free-exports_u_min(2), physician-fee-freeze_y_max(1), anti-satellite-test-ban_u_max(1)</value><value key="Literals" datatype="3" valuetype="-1" ModelId="7">5</value><value key="Variables" datatype="8" valuetype="-1" ModelId="7">physician-fee-freeze_n_min(1), religious-groups-in-schools_n_min(1), religious-groups-in-schools_u_min(1), duty-free-exports_u_min(1), physician-fee-freeze_y_max(1)</value><value key="Literals" datatype="3" valuetype="-1" ModelId="8">8</value><value key="Variables" datatype="8" valuetype="-1" ModelId="8">adoption-of-the-budget-resolution_u_min(1), physician-fee-freeze_n_min(1), physician-fee-freeze_y_max(4), mx-missile_u_max(1), education-spending_u_max(1)</value><value key="Literals" datatype="3" valuetype="-1" ModelId="9">5</value><value key="Variables" datatype="8" valuetype="-1" ModelId="9">handicapped-infants_y_min(1), physician-fee-freeze_y_max(2), mx-missile_n_max(1), synfuels-corporation-cutback_y_max(1)</value><value key="Literals" datatype="3" valuetype="-1" ModelId="10">6</value><value key="Variables" datatype="8" valuetype="-1" ModelId="10">superfund-right-to-sue_u_min(1), physician-fee-freeze_y_max(2), mx-missile_n_max(1), synfuels-corporation-cutback_y_max(2)</value><value key="Literals" datatype="3" valuetype="-1" ModelId="11">7</value><value key="Variables" datatype="8" valuetype="-1" ModelId="11">adoption-of-the-budget-resolution_n_max(1), physician-fee-freeze_y_max(3), mx-missile_n_max(1), synfuels-corporation-cutback_y_max(2)</value><value key="Literals" datatype="3" valuetype="-1" ModelId="12">7</value><value key="Variables" datatype="8" valuetype="-1" ModelId="12">water-project-cost-sharing_n_max(1), adoption-of-the-budget-resolution_n_max(1), physician-fee-freeze_y_max(2), aid-to-nicaraguan-contras_u_max(1), mx-missile_n_max(1), synfuels-corporation-cutback_y_max(1)</value><value key="Literals" datatype="3" valuetype="-1" ModelId="13">9</value><value key="Variables" datatype="8" valuetype="-1" ModelId="13">water-project-cost-sharing_y_min(1), adoption-of-the-budget-resolution_y_min(1), synfuels-corporation-cutback_n_min(1), adoption-of-the-budget-resolution_y_max(1), physician-fee-freeze_y_max(3), mx-missile_n_max(1), superfund-right-to-sue_n_max(1)</value><value key="Literals" datatype="3" valuetype="-1" ModelId="14">7</value><value key="Variables" datatype="8" valuetype="-1" ModelId="14">adoption-of-the-budget-resolution_y_min(1), immigration_n_min(1), physician-fee-freeze_y_max(2), anti-satellite-test-ban_y_max(1), mx-missile_n_max(1), synfuels-corporation-cutback_y_max(1)</value><value key="Literals" datatype="3" valuetype="-1" ModelId="15">9</value><value key="Variables" datatype="8" valuetype="-1" ModelId="15">adoption-of-the-budget-resolution_y_min(1), immigration_n_min(1), physician-fee-freeze_y_max(2), anti-satellite-test-ban_y_max(1), aid-to-nicaraguan-contras_u_max(2), mx-missile_n_max(1), synfuels-corporation-cutback_y_max(1)</value><value key="VariableImportance" datatype="8" valuetype="-1" ModelId="15">adoption-of-the-budget-resolution_y_min(9.00420218714652E-02), immigration_n_min(2.28426126766785E-02), physician-fee-freeze_y_max(0.648965705063379), anti-satellite-test-ban_y_max(1.41707406287232E-02), aid-to-nicaraguan-contras_u_max(2.32666438945862E-02), mx-missile_n_max(7.81448719723205E-02), synfuels-corporation-cutback_y_max(0.122567403892848)</value></run></report>
