<summary><value key="AverageTrainFitness" datatype="5" valuetype="4">960.099750623441</value><value key="AverageTrainRSQuare" datatype="5" valuetype="4">0.768699863195712</value><value key="AverageTrainAccuracy" datatype="5" valuetype="4">97.96</value><value key="MaxTrainFitness" datatype="5" valuetype="4">1000</value><value key="MaxTestFitness" datatype="5" valuetype="4">1000</value><value key="TrainSuccessCount" datatype="3" valuetype="4">0</value><value key="TrainSuccessRate" datatype="5" valuetype="4">0</value><value key="BestTrainFitness" datatype="5" valuetype="4">960.099750623441</value><value key="BestTrainFitnessRun" datatype="3" valuetype="4">1</value><value key="BestTrainFitnessHistory" datatype="3" valuetype="4">1</value><value key="BestTrainFitnessModelId" datatype="3" valuetype="4">15</value><value key="BestTrainFitnessModelSize" datatype="3" valuetype="4">14</value><value key="BestTrainFitnessModelLiterals" datatype="3" valuetype="4">9</value><value key="BestTrainFitnessModelTerminals" datatype="8" valuetype="4">adoption-of-the-budget-resolution_y_min(1), immigration_n_min(1), physician-fee-freeze_y_max(2), anti-satellite-test-ban_y_max(1), aid-to-nicaraguan-contras_u_max(2), mx-missile_n_max(1), synfuels-corporation-cutback_y_max(1)</value><value key="BestTrainFitnessModelVariableImportance" datatype="8" valuetype="4">adoption-of-the-budget-resolution_y_min(8.72740632802701E-02), immigration_n_min(3.07667753778684E-02), physician-fee-freeze_y_max(0.672567421946364), anti-satellite-test-ban_y_max(5.76979442797561E-03), aid-to-nicaraguan-contras_u_max(1.26608133471218E-02), mx-missile_n_max(8.31496788492357E-02), synfuels-corporation-cutback_y_max(0.107811452771165)</value><value key="BestTrainAccuracy" datatype="5" valuetype="4">97.96</value><value key="BestTrainAccuracyRun" datatype="3" valuetype="4">1</value><value key="BestTrainAccuracyHistory" datatype="3" valuetype="4">1</value><value key="BestTrainAccuracyModelId" datatype="3" valuetype="4">15</value><value key="BestTrainAccuracyModelSize" datatype="3" valuetype="4">14</value><value key="BestTrainAccuracyModelLiterals" datatype="3" valuetype="4">9</value><value key="BestTrainAccuracyModelTerminals" datatype="8" valuetype="4">adoption-of-the-budget-resolution_y_min(1), immigration_n_min(1), physician-fee-freeze_y_max(2), anti-satellite-test-ban_y_max(1), aid-to-nicaraguan-contras_u_max(2), mx-missile_n_max(1), synfuels-corporation-cutback_y_max(1)</value><value key="BestTrainAccuracyModelVariableImportance" datatype="8" valuetype="4">adoption-of-the-budget-resolution_y_min(8.72740632802701E-02), immigration_n_min(3.07667753778684E-02), physician-fee-freeze_y_max(0.672567421946364), anti-satellite-test-ban_y_max(5.76979442797561E-03), aid-to-nicaraguan-contras_u_max(1.26608133471218E-02), mx-missile_n_max(8.31496788492357E-02), synfuels-corporation-cutback_y_max(0.107811452771165)</value><value key="BestTrainRSQuare" datatype="5" valuetype="4">0.768699863195712</value><value key="BestTrainRSQuareRun" datatype="3" valuetype="4">1</value><value key="BestTrainRSQuareHistory" datatype="3" valuetype="4">1</value><value key="BestTrainRSQuareModelId" datatype="3" valuetype="4">15</value><value key="BestTrainRSQuareModelSize" datatype="3" valuetype="4">14</value><value key="BestTrainRSQuareModelLiterals" datatype="3" valuetype="4">9</value><value key="BestTrainRSQuareModelTerminals" datatype="8" valuetype="4">adoption-of-the-budget-resolution_y_min(1), immigration_n_min(1), physician-fee-freeze_y_max(2), anti-satellite-test-ban_y_max(1), aid-to-nicaraguan-contras_u_max(2), mx-missile_n_max(1), synfuels-corporation-cutback_y_max(1)</value><value key="BestTrainRSQuareModelVariableImportance" datatype="8" valuetype="4">adoption-of-the-budget-resolution_y_min(8.72740632802701E-02), immigration_n_min(3.07667753778684E-02), physician-fee-freeze_y_max(0.672567421946364), anti-satellite-test-ban_y_max(5.76979442797561E-03), aid-to-nicaraguan-contras_u_max(1.26608133471218E-02), mx-missile_n_max(8.31496788492357E-02), synfuels-corporation-cutback_y_max(0.107811452771165)</value><value key="TestSuccessCount" datatype="3" valuetype="4">0</value><value key="TestSuccessRate" datatype="5" valuetype="4">0</value><value key="AverageTestFitness" datatype="5" valuetype="4">953.488372093023</value><value key="AverageTestRSQuare" datatype="5" valuetype="4">0.772475312821664</value><value key="AverageTestAccuracy" datatype="5" valuetype="4">97.62</value><value key="BestTestFitness" datatype="5" valuetype="4">953.488372093023</value><value key="BestTestFitnessRun" datatype="3" valuetype="4">1</value><value key="BestTestFitnessHistory" datatype="3" valuetype="4">1</value><value key="BestTestFitnessModelId" datatype="3" valuetype="4">15</value><value key="BestTestFitnessModelSize" datatype="3" valuetype="4">14</value><value key="BestTestFitnessModelLiterals" datatype="3" valuetype="4">9</value><value key="BestTestFitnessModelTerminals" datatype="8" valuetype="4">adoption-of-the-budget-resolution_y_min(1), immigration_n_min(1), physician-fee-freeze_y_max(2), anti-satellite-test-ban_y_max(1), aid-to-nicaraguan-contras_u_max(2), mx-missile_n_max(1), synfuels-corporation-cutback_y_max(1)</value><value key="BestTestFitnessModelVariableImportance" datatype="8" valuetype="4">adoption-of-the-budget-resolution_y_min(5.04355704298985E-02), immigration_n_min(1.92156161140773E-02), physician-fee-freeze_y_max(0.601775070192502), anti-satellite-test-ban_y_max(8.03861356409512E-04), aid-to-nicaraguan-contras_u_max(3.34761946827822E-03), mx-missile_n_max(0.105997701486901), synfuels-corporation-cutback_y_max(0.218424560951934)</value><value key="BestTestAccuracy" datatype="5" valuetype="4">97.62</value><value key="BestTestAccuracyRun" datatype="3" valuetype="4">1</value><value key="BestTestAccuracyHistory" datatype="3" valuetype="4">1</value><value key="BestTestAccuracyModelId" datatype="3" valuetype="4">15</value><value key="BestTestAccuracyModelSize" datatype="3" valuetype="4">14</value><value key="BestTestAccuracyModelLiterals" datatype="3" valuetype="4">9</value><value key="BestTestAccuracyModelTerminals" datatype="8" valuetype="4">adoption-of-the-budget-resolution_y_min(1), immigration_n_min(1), physician-fee-freeze_y_max(2), anti-satellite-test-ban_y_max(1), aid-to-nicaraguan-contras_u_max(2), mx-missile_n_max(1), synfuels-corporation-cutback_y_max(1)</value><value key="BestTestAccuracyModelVariableImportance" datatype="8" valuetype="4">adoption-of-the-budget-resolution_y_min(5.04355704298985E-02), immigration_n_min(1.92156161140773E-02), physician-fee-freeze_y_max(0.601775070192502), anti-satellite-test-ban_y_max(8.03861356409512E-04), aid-to-nicaraguan-contras_u_max(3.34761946827822E-03), mx-missile_n_max(0.105997701486901), synfuels-corporation-cutback_y_max(0.218424560951934)</value><value key="BestTestRSQuare" datatype="5" valuetype="4">0.772475312821664</value><value key="BestTestRSQuareRun" datatype="3" valuetype="4">1</value><value key="BestTestRSQuareHistory" datatype="3" valuetype="4">1</value><value key="BestTestRSQuareModelId" datatype="3" valuetype="4">15</value><value key="BestTestRSQuareModelSize" datatype="3" valuetype="4">14</value><value key="BestTestRSQuareModelLiterals" datatype="3" valuetype="4">9</value><value key="BestTestRSQuareModelTerminals" datatype="8" valuetype="4">adoption-of-the-budget-resolution_y_min(1), immigration_n_min(1), physician-fee-freeze_y_max(2), anti-satellite-test-ban_y_max(1), aid-to-nicaraguan-contras_u_max(2), mx-missile_n_max(1), synfuels-corporation-cutback_y_max(1)</value><value key="BestTestRSQuareModelVariableImportance" datatype="8" valuetype="4">adoption-of-the-budget-resolution_y_min(5.04355704298985E-02), immigration_n_min(1.92156161140773E-02), physician-fee-freeze_y_max(0.601775070192502), anti-satellite-test-ban_y_max(8.03861356409512E-04), aid-to-nicaraguan-contras_u_max(3.34761946827822E-03), mx-missile_n_max(0.105997701486901), synfuels-corporation-cutback_y_max(0.218424560951934)</value><value key="DefinitionFile" datatype="8" valuetype="4">../vote_1_5_10_jobdef.xml</value></summary>
