<log created='11/30/2019 13:57:33' name='vote_template_classification_000001'>
<item created='11/30/2019 13:57:33' severity='0'>Processing run 1...</item>
<item created='11/30/2019 13:57:34' severity='0'>Applied setting Genes (5)</item>
<item created='11/30/2019 13:57:34' severity='0'>Applied setting HeadSize (1)</item>
<item created='11/30/2019 13:57:34' severity='0'>Applied setting FitnessFunction (11)</item>
<item created='11/30/2019 13:57:34' severity='0'>Applied setting RoundingThreshold (0.5)</item>
<item created='11/30/2019 13:57:34' severity='0'>Changed function * to weight 2.</item>
<item created='11/30/2019 13:57:34' severity='0'>Loading data from file vote_TRAIN_fold_10.csv ...</item>
<item created='11/30/2019 13:57:35' severity='0'>Loading data from file vote_TEST_fold_10.csv ...</item>
<item created='11/30/2019 13:57:35' severity='0'>Loading run file... vote_1_5_10\vote_template_classification_000001.gep</item>
<item created='11/30/2019 13:57:36' severity='0'>Initializing run...</item>
<item created='11/30/2019 13:57:36' severity='0'>Training Set size: 393</item>
<item created='11/30/2019 13:57:36' severity='0'>Dataset loaded.</item>
<item created='11/30/2019 13:57:36' severity='0'>Starting...</item>
<item created='11/30/2019 13:57:36' severity='0'>Generation: 0 (662.100456621005, 88.55% (348))</item>
<item created='11/30/2019 13:57:38' severity='0'>Generation: 637 (931.203931203931, 96.44% (379))</item>
<item created='11/30/2019 13:57:40' severity='0'>Generation: 1339 (945.544554455446, 97.20% (382))</item>
<item created='11/30/2019 13:57:42' severity='0'>Generation: 2019 (945.544554455446, 97.20% (382))</item>
<item created='11/30/2019 13:57:44' severity='0'>Generation: 2685 (945.544554455446, 97.20% (382))</item>
<item created='11/30/2019 13:57:46' severity='0'>Generation: 3266 (945.544554455446, 97.20% (382))</item>
<item created='11/30/2019 13:57:48' severity='0'>Generation: 3910 (945.544554455446, 97.20% (382))</item>
<item created='11/30/2019 13:57:50' severity='0'>Generation: 4525 (950.372208436725, 97.46% (383))</item>
<item created='11/30/2019 13:57:52' severity='0'>Generation: 5164 (950.372208436725, 97.46% (383))</item>
<item created='11/30/2019 13:57:54' severity='0'>Generation: 5808 (950.372208436725, 97.46% (383))</item>
<item created='11/30/2019 13:57:56' severity='0'>Generation: 6427 (950.372208436725, 97.46% (383))</item>
<item created='11/30/2019 13:57:58' severity='0'>Generation: 7091 (950.372208436725, 97.46% (383))</item>
<item created='11/30/2019 13:58:00' severity='0'>Generation: 7699 (950.372208436725, 97.46% (383))</item>
<item created='11/30/2019 13:58:02' severity='0'>Generation: 8266 (955.223880597015, 97.71% (384))</item>
<item created='11/30/2019 13:58:04' severity='0'>Generation: 8828 (960.099750623441, 97.96% (385))</item>
<item created='11/30/2019 13:58:06' severity='0'>Generation: 9427 (960.099750623441, 97.96% (385))</item>
<item created='11/30/2019 13:58:08' severity='0'>Generation: 10050 (960.099750623441, 97.96% (385))</item>
<item created='11/30/2019 13:58:10' severity='0'>Generation: 10662 (960.099750623441, 97.96% (385))</item>
<item created='11/30/2019 13:58:12' severity='0'>Generation: 11280 (960.099750623441, 97.96% (385))</item>
<item created='11/30/2019 13:58:14' severity='0'>Generation: 11877 (960.099750623441, 97.96% (385))</item>
<item created='11/30/2019 13:58:16' severity='0'>Generation: 12485 (960.099750623441, 97.96% (385))</item>
<item created='11/30/2019 13:58:18' severity='0'>Generation: 13104 (960.099750623441, 97.96% (385))</item>
<item created='11/30/2019 13:58:20' severity='0'>Generation: 13704 (960.099750623441, 97.96% (385))</item>
<item created='11/30/2019 13:58:22' severity='0'>Generation: 14323 (960.099750623441, 97.96% (385))</item>
<item created='11/30/2019 13:58:24' severity='0'>Generation: 14948 (960.099750623441, 97.96% (385))</item>
<item created='11/30/2019 13:58:26' severity='0'>Generation: 15565 (960.099750623441, 97.96% (385))</item>
<item created='11/30/2019 13:58:28' severity='0'>Generation: 16161 (960.099750623441, 97.96% (385))</item>
<item created='11/30/2019 13:58:30' severity='0'>Generation: 16773 (960.099750623441, 97.96% (385))</item>
<item created='11/30/2019 13:58:32' severity='0'>Generation: 17393 (960.099750623441, 97.96% (385))</item>
<item created='11/30/2019 13:58:34' severity='0'>Generation: 17988 (960.099750623441, 97.96% (385))</item>
<item created='11/30/2019 13:58:36' severity='0'>Generation: 18613 (960.099750623441, 97.96% (385))</item>
<item created='11/30/2019 13:58:38' severity='0'>Generation: 19210 (960.099750623441, 97.96% (385))</item>
<item created='11/30/2019 13:58:40' severity='0'>Generation: 19821 (960.099750623441, 97.96% (385))</item>
<item created='11/30/2019 13:58:40' severity='0'>Finished run.</item>
<item created='11/30/2019 13:58:40' severity='0'>Models created: 15</item>
<item created='11/30/2019 13:58:40' severity='0'>Models: 15</item>
<item created='11/30/2019 13:58:40' severity='0'>Last Model: 15</item>
<item created='11/30/2019 13:58:40' severity='0'>Generation: 8813</item>
<item created='11/30/2019 13:58:40' severity='0'>Training Fitness: 960.099750623441</item>
<item created='11/30/2019 13:58:40' severity='0'>Training Accuracy: 97.96%</item>
<item created='11/30/2019 13:58:40' severity='0'>Success</item>
<item created='11/30/2019 13:58:40' severity='0'>Loading run file... vote_1_5_10\vote_template_classification_000001.gep</item>
<item created='11/30/2019 13:58:41' severity='0'>Initializing tests for all models...</item>
<item created='11/30/2019 13:58:41' severity='0'>Testing model 1 on the Validation Set with 42 records.............</item>
<item created='11/30/2019 13:58:41' severity='0'>Testing model 2 on the Validation Set with 42 records.............</item>
<item created='11/30/2019 13:58:41' severity='0'>Testing model 3 on the Validation Set with 42 records.............</item>
<item created='11/30/2019 13:58:41' severity='0'>Testing model 4 on the Validation Set with 42 records.............</item>
<item created='11/30/2019 13:58:41' severity='0'>Testing model 5 on the Validation Set with 42 records.............</item>
<item created='11/30/2019 13:58:41' severity='0'>Testing model 6 on the Validation Set with 42 records.............</item>
<item created='11/30/2019 13:58:41' severity='0'>Testing model 7 on the Validation Set with 42 records.............</item>
<item created='11/30/2019 13:58:41' severity='0'>Testing model 8 on the Validation Set with 42 records.............</item>
<item created='11/30/2019 13:58:41' severity='0'>Testing model 9 on the Validation Set with 42 records.............</item>
<item created='11/30/2019 13:58:41' severity='0'>Testing model 10 on the Validation Set with 42 records.............</item>
<item created='11/30/2019 13:58:41' severity='0'>Testing model 11 on the Validation Set with 42 records.............</item>
<item created='11/30/2019 13:58:41' severity='0'>Testing model 12 on the Validation Set with 42 records.............</item>
<item created='11/30/2019 13:58:41' severity='0'>Testing model 13 on the Validation Set with 42 records.............</item>
<item created='11/30/2019 13:58:41' severity='0'>Testing model 14 on the Validation Set with 42 records.............</item>
<item created='11/30/2019 13:58:41' severity='0'>Testing model 15 on the Validation Set with 42 records.............</item>
<item created='11/30/2019 13:58:41' severity='0'>Success</item>
</log>
