<log created='11/30/2019 13:38:51' name='vote_template_classification_000001'>
<item created='11/30/2019 13:38:51' severity='0'>Processing run 1...</item>
<item created='11/30/2019 13:38:51' severity='0'>Applied setting Genes (4)</item>
<item created='11/30/2019 13:38:51' severity='0'>Applied setting HeadSize (1)</item>
<item created='11/30/2019 13:38:51' severity='0'>Applied setting FitnessFunction (11)</item>
<item created='11/30/2019 13:38:51' severity='0'>Applied setting RoundingThreshold (0.5)</item>
<item created='11/30/2019 13:38:51' severity='0'>Changed function * to weight 2.</item>
<item created='11/30/2019 13:38:51' severity='0'>Loading data from file vote_TRAIN_fold_2.csv ...</item>
<item created='11/30/2019 13:38:52' severity='0'>Loading data from file vote_TEST_fold_2.csv ...</item>
<item created='11/30/2019 13:38:53' severity='0'>Loading run file... vote_1_4_2\vote_template_classification_000001.gep</item>
<item created='11/30/2019 13:38:53' severity='0'>Initializing run...</item>
<item created='11/30/2019 13:38:53' severity='0'>Training Set size: 391</item>
<item created='11/30/2019 13:38:53' severity='0'>Dataset loaded.</item>
<item created='11/30/2019 13:38:53' severity='0'>Starting...</item>
<item created='11/30/2019 13:38:53' severity='0'>Generation: 0 (759.709773794281, 91.05% (356))</item>
<item created='11/30/2019 13:38:55' severity='0'>Generation: 405 (955, 97.70% (382))</item>
<item created='11/30/2019 13:38:57' severity='0'>Generation: 1111 (955, 97.70% (382))</item>
<item created='11/30/2019 13:38:59' severity='0'>Generation: 1750 (955, 97.70% (382))</item>
<item created='11/30/2019 13:39:01' severity='0'>Generation: 2545 (955, 97.70% (382))</item>
<item created='11/30/2019 13:39:03' severity='0'>Generation: 3283 (955, 97.70% (382))</item>
<item created='11/30/2019 13:39:05' severity='0'>Generation: 3930 (955, 97.70% (382))</item>
<item created='11/30/2019 13:39:07' severity='0'>Generation: 4677 (955, 97.70% (382))</item>
<item created='11/30/2019 13:39:09' severity='0'>Generation: 5438 (955, 97.70% (382))</item>
<item created='11/30/2019 13:39:11' severity='0'>Generation: 6192 (955, 97.70% (382))</item>
<item created='11/30/2019 13:39:13' severity='0'>Generation: 6905 (955, 97.70% (382))</item>
<item created='11/30/2019 13:39:15' severity='0'>Generation: 7648 (955, 97.70% (382))</item>
<item created='11/30/2019 13:39:17' severity='0'>Generation: 8390 (955, 97.70% (382))</item>
<item created='11/30/2019 13:39:19' severity='0'>Generation: 9116 (955, 97.70% (382))</item>
<item created='11/30/2019 13:39:21' severity='0'>Generation: 9843 (955, 97.70% (382))</item>
<item created='11/30/2019 13:39:23' severity='0'>Generation: 10575 (955, 97.70% (382))</item>
<item created='11/30/2019 13:39:25' severity='0'>Generation: 11299 (955, 97.70% (382))</item>
<item created='11/30/2019 13:39:27' severity='0'>Generation: 12039 (955, 97.70% (382))</item>
<item created='11/30/2019 13:39:29' severity='0'>Generation: 12786 (955, 97.70% (382))</item>
<item created='11/30/2019 13:39:31' severity='0'>Generation: 13477 (955, 97.70% (382))</item>
<item created='11/30/2019 13:39:33' severity='0'>Generation: 14193 (955, 97.70% (382))</item>
<item created='11/30/2019 13:39:35' severity='0'>Generation: 14952 (955, 97.70% (382))</item>
<item created='11/30/2019 13:39:37' severity='0'>Generation: 15706 (955, 97.70% (382))</item>
<item created='11/30/2019 13:39:39' severity='0'>Generation: 16433 (955, 97.70% (382))</item>
<item created='11/30/2019 13:39:41' severity='0'>Generation: 17143 (955, 97.70% (382))</item>
<item created='11/30/2019 13:39:43' severity='0'>Generation: 17876 (955, 97.70% (382))</item>
<item created='11/30/2019 13:39:45' severity='0'>Generation: 18618 (955, 97.70% (382))</item>
<item created='11/30/2019 13:39:47' severity='0'>Generation: 19383 (955, 97.70% (382))</item>
<item created='11/30/2019 13:39:48' severity='0'>Finished run.</item>
<item created='11/30/2019 13:39:48' severity='0'>Models created: 12</item>
<item created='11/30/2019 13:39:48' severity='0'>Models: 12</item>
<item created='11/30/2019 13:39:48' severity='0'>Last Model: 12</item>
<item created='11/30/2019 13:39:48' severity='0'>Generation: 338</item>
<item created='11/30/2019 13:39:48' severity='0'>Training Fitness: 955</item>
<item created='11/30/2019 13:39:48' severity='0'>Training Accuracy: 97.70%</item>
<item created='11/30/2019 13:39:48' severity='0'>Success</item>
<item created='11/30/2019 13:39:49' severity='0'>Loading run file... vote_1_4_2\vote_template_classification_000001.gep</item>
<item created='11/30/2019 13:39:49' severity='0'>Initializing tests for all models...</item>
<item created='11/30/2019 13:39:49' severity='0'>Testing model 1 on the Validation Set with 44 records..............</item>
<item created='11/30/2019 13:39:49' severity='0'>Testing model 2 on the Validation Set with 44 records..............</item>
<item created='11/30/2019 13:39:49' severity='0'>Testing model 3 on the Validation Set with 44 records..............</item>
<item created='11/30/2019 13:39:49' severity='0'>Testing model 4 on the Validation Set with 44 records..............</item>
<item created='11/30/2019 13:39:49' severity='0'>Testing model 5 on the Validation Set with 44 records..............</item>
<item created='11/30/2019 13:39:49' severity='0'>Testing model 6 on the Validation Set with 44 records..............</item>
<item created='11/30/2019 13:39:49' severity='0'>Testing model 7 on the Validation Set with 44 records..............</item>
<item created='11/30/2019 13:39:49' severity='0'>Testing model 8 on the Validation Set with 44 records..............</item>
<item created='11/30/2019 13:39:49' severity='0'>Testing model 9 on the Validation Set with 44 records..............</item>
<item created='11/30/2019 13:39:49' severity='0'>Testing model 10 on the Validation Set with 44 records..............</item>
<item created='11/30/2019 13:39:49' severity='0'>Testing model 11 on the Validation Set with 44 records..............</item>
<item created='11/30/2019 13:39:49' severity='0'>Testing model 12 on the Validation Set with 44 records..............</item>
<item created='11/30/2019 13:39:49' severity='0'>Success</item>
</log>
