<report id="0"><run id="1" name="vote_template_classification_000001.gep"><value key="HasTestingSet" datatype="3" valuetype="0">1</value><value key="TrainFitness" datatype="5" valuetype="1" ModelId="1">759.709773794281</value><value key="TrainFitness" datatype="5" valuetype="1" ModelId="2">779.529259339236</value><value key="TrainFitness" datatype="5" valuetype="1" ModelId="3">791.648542844715</value><value key="TrainFitness" datatype="5" valuetype="1" ModelId="4">857.482185273159</value><value key="TrainFitness" datatype="5" valuetype="1" ModelId="5">861.904761904762</value><value key="TrainFitness" datatype="5" valuetype="1" ModelId="6">893.462469733656</value><value key="TrainFitness" datatype="5" valuetype="1" ModelId="7">902.676399026764</value><value key="TrainFitness" datatype="5" valuetype="1" ModelId="8">926.108374384236</value><value key="TrainFitness" datatype="5" valuetype="1" ModelId="9">935.643564356436</value><value key="TrainFitness" datatype="5" valuetype="1" ModelId="10">940.446650124069</value><value key="TrainFitness" datatype="5" valuetype="1" ModelId="11">945.273631840796</value><value key="TrainFitness" datatype="5" valuetype="1" ModelId="12">955</value><value key="TrainAccuracy" datatype="5" valuetype="1" ModelId="1">91.05</value><value key="TrainAccuracy" datatype="5" valuetype="1" ModelId="2">92.33</value><value key="TrainAccuracy" datatype="5" valuetype="1" ModelId="3">93.09</value><value key="TrainAccuracy" datatype="5" valuetype="1" ModelId="4">92.33</value><value key="TrainAccuracy" datatype="5" valuetype="1" ModelId="5">92.58</value><value key="TrainAccuracy" datatype="5" valuetype="1" ModelId="6">94.37</value><value key="TrainAccuracy" datatype="5" valuetype="1" ModelId="7">94.88</value><value key="TrainAccuracy" datatype="5" valuetype="1" ModelId="8">96.16</value><value key="TrainAccuracy" datatype="5" valuetype="1" ModelId="9">96.68</value><value key="TrainAccuracy" datatype="5" valuetype="1" ModelId="10">96.93</value><value key="TrainAccuracy" datatype="5" valuetype="1" ModelId="11">97.19</value><value key="TrainAccuracy" datatype="5" valuetype="1" ModelId="12">97.7</value><value key="TestFitness" datatype="5" valuetype="1" ModelId="1">641.025641025641</value><value key="TestFitness" datatype="5" valuetype="1" ModelId="2">726.950354609929</value><value key="TestFitness" datatype="5" valuetype="1" ModelId="3">641.025641025641</value><value key="TestFitness" datatype="5" valuetype="1" ModelId="4">913.04347826087</value><value key="TestFitness" datatype="5" valuetype="1" ModelId="5">913.04347826087</value><value key="TestFitness" datatype="5" valuetype="1" ModelId="6">872.340425531915</value><value key="TestFitness" datatype="5" valuetype="1" ModelId="7">872.340425531915</value><value key="TestFitness" datatype="5" valuetype="1" ModelId="8">955.555555555556</value><value key="TestFitness" datatype="5" valuetype="1" ModelId="9">955.555555555556</value><value key="TestFitness" datatype="5" valuetype="1" ModelId="10">955.555555555556</value><value key="TestFitness" datatype="5" valuetype="1" ModelId="11">955.555555555556</value><value key="TestFitness" datatype="5" valuetype="1" ModelId="12">955.555555555556</value><value key="TestAccuracy" datatype="5" valuetype="1" ModelId="1">90.91</value><value key="TestAccuracy" datatype="5" valuetype="1" ModelId="2">93.18</value><value key="TestAccuracy" datatype="5" valuetype="1" ModelId="3">90.91</value><value key="TestAccuracy" datatype="5" valuetype="1" ModelId="4">95.45</value><value key="TestAccuracy" datatype="5" valuetype="1" ModelId="5">95.45</value><value key="TestAccuracy" datatype="5" valuetype="1" ModelId="6">93.18</value><value key="TestAccuracy" datatype="5" valuetype="1" ModelId="7">93.18</value><value key="TestAccuracy" datatype="5" valuetype="1" ModelId="8">97.73</value><value key="TestAccuracy" datatype="5" valuetype="1" ModelId="9">97.73</value><value key="TestAccuracy" datatype="5" valuetype="1" ModelId="10">97.73</value><value key="TestAccuracy" datatype="5" valuetype="1" ModelId="11">97.73</value><value key="TestAccuracy" datatype="5" valuetype="1" ModelId="12">97.73</value><value key="Size" datatype="3" valuetype="1" ModelId="1">11</value><value key="Size" datatype="3" valuetype="1" ModelId="2">11</value><value key="Size" datatype="3" valuetype="1" ModelId="3">11</value><value key="Size" datatype="3" valuetype="1" ModelId="4">12</value><value key="Size" datatype="3" valuetype="1" ModelId="5">11</value><value key="Size" datatype="3" valuetype="1" ModelId="6">11</value><value key="Size" datatype="3" valuetype="1" ModelId="7">12</value><value key="Size" datatype="3" valuetype="1" ModelId="8">12</value><value key="Size" datatype="3" valuetype="1" ModelId="9">12</value><value key="Size" datatype="3" valuetype="1" ModelId="10">12</value><value key="Size" datatype="3" valuetype="1" ModelId="11">12</value><value key="Size" datatype="3" valuetype="1" ModelId="12">12</value><value key="Generation" datatype="5" valuetype="1" ModelId="1">0</value><value key="Generation" datatype="5" valuetype="1" ModelId="2">2</value><value key="Generation" datatype="5" valuetype="1" ModelId="3">3</value><value key="Generation" datatype="5" valuetype="1" ModelId="4">9</value><value key="Generation" datatype="5" valuetype="1" ModelId="5">11</value><value key="Generation" datatype="5" valuetype="1" ModelId="6">13</value><value key="Generation" datatype="5" valuetype="1" ModelId="7">18</value><value key="Generation" datatype="5" valuetype="1" ModelId="8">26</value><value key="Generation" datatype="5" valuetype="1" ModelId="9">85</value><value key="Generation" datatype="5" valuetype="1" ModelId="10">90</value><value key="Generation" datatype="5" valuetype="1" ModelId="11">199</value><value key="Generation" datatype="5" valuetype="1" ModelId="12">338</value><value key="RunIndex" datatype="5" valuetype="1" ModelId="1">1</value><value key="RunIndex" datatype="5" valuetype="1" ModelId="2">1</value><value key="RunIndex" datatype="5" valuetype="1" ModelId="3">1</value><value key="RunIndex" datatype="5" valuetype="1" ModelId="4">1</value><value key="RunIndex" datatype="5" valuetype="1" ModelId="5">1</value><value key="RunIndex" datatype="5" valuetype="1" ModelId="6">1</value><value key="RunIndex" datatype="5" valuetype="1" ModelId="7">1</value><value key="RunIndex" datatype="5" valuetype="1" ModelId="8">1</value><value key="RunIndex" datatype="5" valuetype="1" ModelId="9">1</value><value key="RunIndex" datatype="5" valuetype="1" ModelId="10">1</value><value key="RunIndex" datatype="5" valuetype="1" ModelId="11">1</value><value key="RunIndex" datatype="5" valuetype="1" ModelId="12">1</value><value key="Literals" datatype="3" valuetype="-1" ModelId="1">5</value><value key="Variables" datatype="8" valuetype="-1" ModelId="1">physician-fee-freeze_n_min(1), synfuels-corporation-cutback_y_min(1), export-administration-act-south-africa_n_min(1), immigration_u_max(1), superfund-right-to-sue_u_max(1)</value><value key="Literals" datatype="3" valuetype="-1" ModelId="2">5</value><value key="Variables" datatype="8" valuetype="-1" ModelId="2">physician-fee-freeze_n_min(1), synfuels-corporation-cutback_y_min(1), export-administration-act-south-africa_n_min(1), religious-groups-in-schools_n_max(1), immigration_u_max(1)</value><value key="Literals" datatype="3" valuetype="-1" ModelId="3">4</value><value key="Variables" datatype="8" valuetype="-1" ModelId="3">physician-fee-freeze_n_min(1), synfuels-corporation-cutback_y_min(1), immigration_u_max(1), superfund-right-to-sue_u_max(1)</value><value key="Literals" datatype="3" valuetype="-1" ModelId="4">4</value><value key="Variables" datatype="8" valuetype="-1" ModelId="4">physician-fee-freeze_n_min(1), mx-missile_y_max(1), immigration_u_max(1), superfund-right-to-sue_u_max(1)</value><value key="Literals" datatype="3" valuetype="-1" ModelId="5">4</value><value key="Variables" datatype="8" valuetype="-1" ModelId="5">physician-fee-freeze_n_min(1), synfuels-corporation-cutback_y_min(1), immigration_u_max(1), superfund-right-to-sue_u_max(1)</value><value key="Literals" datatype="3" valuetype="-1" ModelId="6">3</value><value key="Variables" datatype="8" valuetype="-1" ModelId="6">physician-fee-freeze_n_min(1), el-salvador-aid_y_max(1), immigration_u_max(1)</value><value key="Literals" datatype="3" valuetype="-1" ModelId="7">4</value><value key="Variables" datatype="8" valuetype="-1" ModelId="7">physician-fee-freeze_n_min(1), handicapped-infants_n_max(1), synfuels-corporation-cutback_n_max(1), superfund-right-to-sue_u_max(1)</value><value key="Literals" datatype="3" valuetype="-1" ModelId="8">5</value><value key="Variables" datatype="8" valuetype="-1" ModelId="8">physician-fee-freeze_n_min(1), handicapped-infants_n_max(1), adoption-of-the-budget-resolution_n_max(1), synfuels-corporation-cutback_n_max(1), superfund-right-to-sue_u_max(1)</value><value key="Literals" datatype="3" valuetype="-1" ModelId="9">5</value><value key="Variables" datatype="8" valuetype="-1" ModelId="9">physician-fee-freeze_n_min(1), adoption-of-the-budget-resolution_n_max(1), mx-missile_n_max(1), synfuels-corporation-cutback_n_max(1), superfund-right-to-sue_u_max(1)</value><value key="Literals" datatype="3" valuetype="-1" ModelId="10">5</value><value key="Variables" datatype="8" valuetype="-1" ModelId="10">physician-fee-freeze_n_min(1), anti-satellite-test-ban_n_min(1), adoption-of-the-budget-resolution_n_max(1), mx-missile_n_max(1), synfuels-corporation-cutback_n_max(1)</value><value key="Literals" datatype="3" valuetype="-1" ModelId="11">5</value><value key="Variables" datatype="8" valuetype="-1" ModelId="11">water-project-cost-sharing_y_min(1), physician-fee-freeze_n_min(1), adoption-of-the-budget-resolution_n_max(1), mx-missile_n_max(1), synfuels-corporation-cutback_n_max(1)</value><value key="Literals" datatype="3" valuetype="-1" ModelId="12">5</value><value key="Variables" datatype="8" valuetype="-1" ModelId="12">water-project-cost-sharing_y_min(1), physician-fee-freeze_n_min(1), mx-missile_y_min(1), adoption-of-the-budget-resolution_n_max(1), synfuels-corporation-cutback_n_max(1)</value><value key="VariableImportance" datatype="8" valuetype="-1" ModelId="12">water-project-cost-sharing_y_min(2.09746964709512E-02), physician-fee-freeze_n_min(0.751225002033164), mx-missile_y_min(0.056648592321885), adoption-of-the-budget-resolution_n_max(0.076904554251419), synfuels-corporation-cutback_n_max(9.42471549225805E-02)</value></run></report>
