<report id="0"><run id="1" name="vote_template_classification_000001.gep"><value key="HasTestingSet" datatype="3" valuetype="0">1</value><value key="TrainFitness" datatype="5" valuetype="1" ModelId="1">706.611570247934</value><value key="TrainFitness" datatype="5" valuetype="1" ModelId="2">907.317073170732</value><value key="TrainFitness" datatype="5" valuetype="1" ModelId="3">916.666666666667</value><value key="TrainAccuracy" datatype="5" valuetype="1" ModelId="1">87.47</value><value key="TrainAccuracy" datatype="5" valuetype="1" ModelId="2">95.14</value><value key="TrainAccuracy" datatype="5" valuetype="1" ModelId="3">95.65</value><value key="TestFitness" datatype="5" valuetype="1" ModelId="1">633.333333333333</value><value key="TestFitness" datatype="5" valuetype="1" ModelId="2">872.340425531915</value><value key="TestFitness" datatype="5" valuetype="1" ModelId="3">830.0395256917</value><value key="TestAccuracy" datatype="5" valuetype="1" ModelId="1">86.36</value><value key="TestAccuracy" datatype="5" valuetype="1" ModelId="2">93.18</value><value key="TestAccuracy" datatype="5" valuetype="1" ModelId="3">95.45</value><value key="Size" datatype="3" valuetype="1" ModelId="1">3</value><value key="Size" datatype="3" valuetype="1" ModelId="2">3</value><value key="Size" datatype="3" valuetype="1" ModelId="3">3</value><value key="Generation" datatype="5" valuetype="1" ModelId="1">0</value><value key="Generation" datatype="5" valuetype="1" ModelId="2">26</value><value key="Generation" datatype="5" valuetype="1" ModelId="3">37</value><value key="RunIndex" datatype="5" valuetype="1" ModelId="1">1</value><value key="RunIndex" datatype="5" valuetype="1" ModelId="2">1</value><value key="RunIndex" datatype="5" valuetype="1" ModelId="3">1</value><value key="Literals" datatype="3" valuetype="-1" ModelId="1">2</value><value key="Variables" datatype="8" valuetype="-1" ModelId="1">adoption-of-the-budget-resolution_u_min(1), adoption-of-the-budget-resolution_y_max(1)</value><value key="Literals" datatype="3" valuetype="-1" ModelId="2">2</value><value key="Variables" datatype="8" valuetype="-1" ModelId="2">adoption-of-the-budget-resolution_u_min(1), physician-fee-freeze_y_min(1)</value><value key="Literals" datatype="3" valuetype="-1" ModelId="3">2</value><value key="Variables" datatype="8" valuetype="-1" ModelId="3">adoption-of-the-budget-resolution_u_min(1), physician-fee-freeze_y_min(1)</value><value key="VariableImportance" datatype="8" valuetype="-1" ModelId="3">adoption-of-the-budget-resolution_u_min(0.17674469251553), physician-fee-freeze_y_min(0.82325530748447)</value></run></report>
