<log created='11/30/2019 13:21:31' name='vote_template_classification_000001'>
<item created='11/30/2019 13:21:31' severity='0'>Processing run 1...</item>
<item created='11/30/2019 13:21:31' severity='0'>Applied setting Genes (1)</item>
<item created='11/30/2019 13:21:31' severity='0'>Applied setting HeadSize (1)</item>
<item created='11/30/2019 13:21:31' severity='0'>Applied setting FitnessFunction (11)</item>
<item created='11/30/2019 13:21:31' severity='0'>Applied setting RoundingThreshold (0.5)</item>
<item created='11/30/2019 13:21:31' severity='0'>Changed function * to weight 2.</item>
<item created='11/30/2019 13:21:31' severity='0'>Loading data from file vote_TRAIN_fold_3.csv ...</item>
<item created='11/30/2019 13:21:32' severity='0'>Loading data from file vote_TEST_fold_3.csv ...</item>
<item created='11/30/2019 13:21:33' severity='0'>Loading run file... vote_1_1_3\vote_template_classification_000001.gep</item>
<item created='11/30/2019 13:21:33' severity='0'>Initializing run...</item>
<item created='11/30/2019 13:21:33' severity='0'>Training Set size: 391</item>
<item created='11/30/2019 13:21:33' severity='0'>Dataset loaded.</item>
<item created='11/30/2019 13:21:33' severity='0'>Starting...</item>
<item created='11/30/2019 13:21:33' severity='0'>Generation: 0 (706.611570247934, 87.47% (342))</item>
<item created='11/30/2019 13:21:35' severity='0'>Generation: 1068 (916.666666666667, 95.65% (374))</item>
<item created='11/30/2019 13:21:37' severity='0'>Generation: 2585 (916.666666666667, 95.65% (374))</item>
<item created='11/30/2019 13:21:39' severity='0'>Generation: 4023 (916.666666666667, 95.65% (374))</item>
<item created='11/30/2019 13:21:41' severity='0'>Generation: 5443 (916.666666666667, 95.65% (374))</item>
<item created='11/30/2019 13:21:43' severity='0'>Generation: 6837 (916.666666666667, 95.65% (374))</item>
<item created='11/30/2019 13:21:45' severity='0'>Generation: 8463 (916.666666666667, 95.65% (374))</item>
<item created='11/30/2019 13:21:47' severity='0'>Generation: 9966 (916.666666666667, 95.65% (374))</item>
<item created='11/30/2019 13:21:49' severity='0'>Generation: 11472 (916.666666666667, 95.65% (374))</item>
<item created='11/30/2019 13:21:51' severity='0'>Generation: 13276 (916.666666666667, 95.65% (374))</item>
<item created='11/30/2019 13:21:53' severity='0'>Generation: 15116 (916.666666666667, 95.65% (374))</item>
<item created='11/30/2019 13:21:55' severity='0'>Generation: 16914 (916.666666666667, 95.65% (374))</item>
<item created='11/30/2019 13:21:57' severity='0'>Generation: 18673 (916.666666666667, 95.65% (374))</item>
<item created='11/30/2019 13:21:58' severity='0'>Finished run.</item>
<item created='11/30/2019 13:21:58' severity='0'>Models created: 3</item>
<item created='11/30/2019 13:21:58' severity='0'>Models: 3</item>
<item created='11/30/2019 13:21:58' severity='0'>Last Model: 3</item>
<item created='11/30/2019 13:21:58' severity='0'>Generation: 37</item>
<item created='11/30/2019 13:21:58' severity='0'>Training Fitness: 916.666666666667</item>
<item created='11/30/2019 13:21:58' severity='0'>Training Accuracy: 95.65%</item>
<item created='11/30/2019 13:21:58' severity='0'>Success</item>
<item created='11/30/2019 13:21:58' severity='0'>Loading run file... vote_1_1_3\vote_template_classification_000001.gep</item>
<item created='11/30/2019 13:21:58' severity='0'>Initializing tests for all models...</item>
<item created='11/30/2019 13:21:58' severity='0'>Testing model 1 on the Validation Set with 44 records..............</item>
<item created='11/30/2019 13:21:58' severity='0'>Testing model 2 on the Validation Set with 44 records..............</item>
<item created='11/30/2019 13:21:58' severity='0'>Testing model 3 on the Validation Set with 44 records..............</item>
<item created='11/30/2019 13:21:58' severity='0'>Success</item>
</log>
