<report id="0"><run id="1" name="vote_template_classification_000001.gep"><value key="HasTestingSet" datatype="3" valuetype="0">1</value><value key="TrainFitness" datatype="5" valuetype="1" ModelId="1">519.39513477975</value><value key="TrainFitness" datatype="5" valuetype="1" ModelId="2">568.669527896996</value><value key="TrainFitness" datatype="5" valuetype="1" ModelId="3">912.19512195122</value><value key="TrainAccuracy" datatype="5" valuetype="1" ModelId="1">80.61</value><value key="TrainAccuracy" datatype="5" valuetype="1" ModelId="2">81.12</value><value key="TrainAccuracy" datatype="5" valuetype="1" ModelId="3">95.41</value><value key="TestFitness" datatype="5" valuetype="1" ModelId="1">629.251700680272</value><value key="TestFitness" datatype="5" valuetype="1" ModelId="2">580.847723704867</value><value key="TestFitness" datatype="5" valuetype="1" ModelId="3">954.545454545455</value><value key="TestAccuracy" datatype="5" valuetype="1" ModelId="1">86.05</value><value key="TestAccuracy" datatype="5" valuetype="1" ModelId="2">86.05</value><value key="TestAccuracy" datatype="5" valuetype="1" ModelId="3">97.67</value><value key="Size" datatype="3" valuetype="1" ModelId="1">2</value><value key="Size" datatype="3" valuetype="1" ModelId="2">2</value><value key="Size" datatype="3" valuetype="1" ModelId="3">1</value><value key="Generation" datatype="5" valuetype="1" ModelId="1">0</value><value key="Generation" datatype="5" valuetype="1" ModelId="2">6</value><value key="Generation" datatype="5" valuetype="1" ModelId="3">13</value><value key="RunIndex" datatype="5" valuetype="1" ModelId="1">1</value><value key="RunIndex" datatype="5" valuetype="1" ModelId="2">1</value><value key="RunIndex" datatype="5" valuetype="1" ModelId="3">1</value><value key="Literals" datatype="3" valuetype="-1" ModelId="1">1</value><value key="Variables" datatype="8" valuetype="-1" ModelId="1">mx-missile_n_max(1)</value><value key="Literals" datatype="3" valuetype="-1" ModelId="2">1</value><value key="Variables" datatype="8" valuetype="-1" ModelId="2">aid-to-nicaraguan-contras_n_max(1)</value><value key="Literals" datatype="3" valuetype="-1" ModelId="3">1</value><value key="Variables" datatype="8" valuetype="-1" ModelId="3">physician-fee-freeze_y_max(1)</value><value key="VariableImportance" datatype="8" valuetype="-1" ModelId="3">physician-fee-freeze_y_max(1)</value></run></report>
