<log created='11/30/2019 13:23:35' name='vote_template_classification_000001'>
<item created='11/30/2019 13:23:35' severity='0'>Processing run 1...</item>
<item created='11/30/2019 13:23:35' severity='0'>Applied setting Genes (1)</item>
<item created='11/30/2019 13:23:35' severity='0'>Applied setting HeadSize (1)</item>
<item created='11/30/2019 13:23:35' severity='0'>Applied setting FitnessFunction (11)</item>
<item created='11/30/2019 13:23:35' severity='0'>Applied setting RoundingThreshold (0.5)</item>
<item created='11/30/2019 13:23:35' severity='0'>Changed function * to weight 2.</item>
<item created='11/30/2019 13:23:35' severity='0'>Loading data from file vote_TRAIN_fold_8.csv ...</item>
<item created='11/30/2019 13:23:36' severity='0'>Loading data from file vote_TEST_fold_8.csv ...</item>
<item created='11/30/2019 13:23:37' severity='0'>Loading run file... vote_1_1_8\vote_template_classification_000001.gep</item>
<item created='11/30/2019 13:23:37' severity='0'>Initializing run...</item>
<item created='11/30/2019 13:23:37' severity='0'>Training Set size: 392</item>
<item created='11/30/2019 13:23:37' severity='0'>Dataset loaded.</item>
<item created='11/30/2019 13:23:37' severity='0'>Starting...</item>
<item created='11/30/2019 13:23:37' severity='0'>Generation: 0 (519.39513477975, 80.61% (316))</item>
<item created='11/30/2019 13:23:39' severity='0'>Generation: 1552 (912.19512195122, 95.41% (374))</item>
<item created='11/30/2019 13:23:41' severity='0'>Generation: 3750 (912.19512195122, 95.41% (374))</item>
<item created='11/30/2019 13:23:43' severity='0'>Generation: 5831 (912.19512195122, 95.41% (374))</item>
<item created='11/30/2019 13:23:45' severity='0'>Generation: 7261 (912.19512195122, 95.41% (374))</item>
<item created='11/30/2019 13:23:47' severity='0'>Generation: 9044 (912.19512195122, 95.41% (374))</item>
<item created='11/30/2019 13:23:49' severity='0'>Generation: 10822 (912.19512195122, 95.41% (374))</item>
<item created='11/30/2019 13:23:51' severity='0'>Generation: 12985 (912.19512195122, 95.41% (374))</item>
<item created='11/30/2019 13:23:53' severity='0'>Generation: 15183 (912.19512195122, 95.41% (374))</item>
<item created='11/30/2019 13:23:55' severity='0'>Generation: 17359 (912.19512195122, 95.41% (374))</item>
<item created='11/30/2019 13:23:57' severity='0'>Generation: 19562 (912.19512195122, 95.41% (374))</item>
<item created='11/30/2019 13:23:57' severity='0'>Finished run.</item>
<item created='11/30/2019 13:23:57' severity='0'>Models created: 3</item>
<item created='11/30/2019 13:23:57' severity='0'>Models: 3</item>
<item created='11/30/2019 13:23:57' severity='0'>Last Model: 3</item>
<item created='11/30/2019 13:23:57' severity='0'>Generation: 13</item>
<item created='11/30/2019 13:23:57' severity='0'>Training Fitness: 912.19512195122</item>
<item created='11/30/2019 13:23:57' severity='0'>Training Accuracy: 95.41%</item>
<item created='11/30/2019 13:23:57' severity='0'>Success</item>
<item created='11/30/2019 13:23:57' severity='0'>Loading run file... vote_1_1_8\vote_template_classification_000001.gep</item>
<item created='11/30/2019 13:23:57' severity='0'>Initializing tests for all models...</item>
<item created='11/30/2019 13:23:57' severity='0'>Testing model 1 on the Validation Set with 43 records.............</item>
<item created='11/30/2019 13:23:57' severity='0'>Testing model 2 on the Validation Set with 43 records.............</item>
<item created='11/30/2019 13:23:57' severity='0'>Testing model 3 on the Validation Set with 43 records.............</item>
<item created='11/30/2019 13:23:57' severity='0'>Success</item>
</log>
