<log created='11/30/2019 13:43:17' name='vote_template_classification_000001'>
<item created='11/30/2019 13:43:17' severity='0'>Processing run 1...</item>
<item created='11/30/2019 13:43:17' severity='0'>Applied setting Genes (4)</item>
<item created='11/30/2019 13:43:17' severity='0'>Applied setting HeadSize (1)</item>
<item created='11/30/2019 13:43:17' severity='0'>Applied setting FitnessFunction (11)</item>
<item created='11/30/2019 13:43:17' severity='0'>Applied setting RoundingThreshold (0.5)</item>
<item created='11/30/2019 13:43:17' severity='0'>Changed function * to weight 2.</item>
<item created='11/30/2019 13:43:17' severity='0'>Loading data from file vote_TRAIN_fold_7.csv ...</item>
<item created='11/30/2019 13:43:18' severity='0'>Loading data from file vote_TEST_fold_7.csv ...</item>
<item created='11/30/2019 13:43:19' severity='0'>Loading run file... vote_1_4_7\vote_template_classification_000001.gep</item>
<item created='11/30/2019 13:43:19' severity='0'>Initializing run...</item>
<item created='11/30/2019 13:43:19' severity='0'>Training Set size: 391</item>
<item created='11/30/2019 13:43:19' severity='0'>Dataset loaded.</item>
<item created='11/30/2019 13:43:19' severity='0'>Starting...</item>
<item created='11/30/2019 13:43:19' severity='0'>Generation: 0 (518.763796909492, 84.14% (329))</item>
<item created='11/30/2019 13:43:21' severity='0'>Generation: 439 (911.980440097799, 95.40% (373))</item>
<item created='11/30/2019 13:43:23' severity='0'>Generation: 1105 (911.980440097799, 95.40% (373))</item>
<item created='11/30/2019 13:43:25' severity='0'>Generation: 1939 (916.666666666667, 95.65% (374))</item>
<item created='11/30/2019 13:43:27' severity='0'>Generation: 2697 (945.273631840796, 97.19% (380))</item>
<item created='11/30/2019 13:43:29' severity='0'>Generation: 3433 (950.124688279302, 97.44% (381))</item>
<item created='11/30/2019 13:43:31' severity='0'>Generation: 4156 (950.124688279302, 97.44% (381))</item>
<item created='11/30/2019 13:43:33' severity='0'>Generation: 4890 (950.124688279302, 97.44% (381))</item>
<item created='11/30/2019 13:43:35' severity='0'>Generation: 5599 (950.124688279302, 97.44% (381))</item>
<item created='11/30/2019 13:43:37' severity='0'>Generation: 6306 (950.124688279302, 97.44% (381))</item>
<item created='11/30/2019 13:43:39' severity='0'>Generation: 7016 (950.124688279302, 97.44% (381))</item>
<item created='11/30/2019 13:43:41' severity='0'>Generation: 7714 (950.124688279302, 97.44% (381))</item>
<item created='11/30/2019 13:43:43' severity='0'>Generation: 8432 (950.124688279302, 97.44% (381))</item>
<item created='11/30/2019 13:43:45' severity='0'>Generation: 9146 (950.124688279302, 97.44% (381))</item>
<item created='11/30/2019 13:43:47' severity='0'>Generation: 9880 (950.124688279302, 97.44% (381))</item>
<item created='11/30/2019 13:43:49' severity='0'>Generation: 10574 (950.124688279302, 97.44% (381))</item>
<item created='11/30/2019 13:43:51' severity='0'>Generation: 11297 (950.124688279302, 97.44% (381))</item>
<item created='11/30/2019 13:43:53' severity='0'>Generation: 12007 (950.124688279302, 97.44% (381))</item>
<item created='11/30/2019 13:43:55' severity='0'>Generation: 12708 (950.124688279302, 97.44% (381))</item>
<item created='11/30/2019 13:43:57' severity='0'>Generation: 13404 (950.124688279302, 97.44% (381))</item>
<item created='11/30/2019 13:43:59' severity='0'>Generation: 14114 (950.124688279302, 97.44% (381))</item>
<item created='11/30/2019 13:44:01' severity='0'>Generation: 14814 (950.124688279302, 97.44% (381))</item>
<item created='11/30/2019 13:44:03' severity='0'>Generation: 15545 (950.124688279302, 97.44% (381))</item>
<item created='11/30/2019 13:44:05' severity='0'>Generation: 16264 (950.124688279302, 97.44% (381))</item>
<item created='11/30/2019 13:44:07' severity='0'>Generation: 16994 (950.124688279302, 97.44% (381))</item>
<item created='11/30/2019 13:44:09' severity='0'>Generation: 17726 (950.124688279302, 97.44% (381))</item>
<item created='11/30/2019 13:44:11' severity='0'>Generation: 18426 (950.124688279302, 97.44% (381))</item>
<item created='11/30/2019 13:44:13' severity='0'>Generation: 19146 (950.124688279302, 97.44% (381))</item>
<item created='11/30/2019 13:44:15' severity='0'>Generation: 19861 (950.124688279302, 97.44% (381))</item>
<item created='11/30/2019 13:44:15' severity='0'>Finished run.</item>
<item created='11/30/2019 13:44:15' severity='0'>Models created: 16</item>
<item created='11/30/2019 13:44:15' severity='0'>Models: 16</item>
<item created='11/30/2019 13:44:15' severity='0'>Last Model: 16</item>
<item created='11/30/2019 13:44:15' severity='0'>Generation: 2783</item>
<item created='11/30/2019 13:44:15' severity='0'>Training Fitness: 950.124688279302</item>
<item created='11/30/2019 13:44:15' severity='0'>Training Accuracy: 97.44%</item>
<item created='11/30/2019 13:44:15' severity='0'>Success</item>
<item created='11/30/2019 13:44:15' severity='0'>Loading run file... vote_1_4_7\vote_template_classification_000001.gep</item>
<item created='11/30/2019 13:44:15' severity='0'>Initializing tests for all models...</item>
<item created='11/30/2019 13:44:15' severity='0'>Testing model 1 on the Validation Set with 44 records..............</item>
<item created='11/30/2019 13:44:15' severity='0'>Testing model 2 on the Validation Set with 44 records..............</item>
<item created='11/30/2019 13:44:15' severity='0'>Testing model 3 on the Validation Set with 44 records..............</item>
<item created='11/30/2019 13:44:15' severity='0'>Testing model 4 on the Validation Set with 44 records..............</item>
<item created='11/30/2019 13:44:16' severity='0'>Testing model 5 on the Validation Set with 44 records..............</item>
<item created='11/30/2019 13:44:16' severity='0'>Testing model 6 on the Validation Set with 44 records..............</item>
<item created='11/30/2019 13:44:16' severity='0'>Testing model 7 on the Validation Set with 44 records..............</item>
<item created='11/30/2019 13:44:16' severity='0'>Testing model 8 on the Validation Set with 44 records..............</item>
<item created='11/30/2019 13:44:16' severity='0'>Testing model 9 on the Validation Set with 44 records..............</item>
<item created='11/30/2019 13:44:16' severity='0'>Testing model 10 on the Validation Set with 44 records..............</item>
<item created='11/30/2019 13:44:16' severity='0'>Testing model 11 on the Validation Set with 44 records..............</item>
<item created='11/30/2019 13:44:16' severity='0'>Testing model 12 on the Validation Set with 44 records..............</item>
<item created='11/30/2019 13:44:16' severity='0'>Testing model 13 on the Validation Set with 44 records..............</item>
<item created='11/30/2019 13:44:16' severity='0'>Testing model 14 on the Validation Set with 44 records..............</item>
<item created='11/30/2019 13:44:16' severity='0'>Testing model 15 on the Validation Set with 44 records..............</item>
<item created='11/30/2019 13:44:16' severity='0'>Testing model 16 on the Validation Set with 44 records..............</item>
<item created='11/30/2019 13:44:16' severity='0'>Success</item>
</log>
