<report id="0"><run id="1" name="vote_template_classification_000001.gep"><value key="HasTestingSet" datatype="3" valuetype="0">1</value><value key="TrainFitness" datatype="5" valuetype="1" ModelId="1">518.763796909492</value><value key="TrainFitness" datatype="5" valuetype="1" ModelId="2">567.521367521368</value><value key="TrainFitness" datatype="5" valuetype="1" ModelId="3">627.80269058296</value><value key="TrainFitness" datatype="5" valuetype="1" ModelId="4">695.670018469115</value><value key="TrainFitness" datatype="5" valuetype="1" ModelId="5">728.948470883955</value><value key="TrainFitness" datatype="5" valuetype="1" ModelId="6">763.636363636364</value><value key="TrainFitness" datatype="5" valuetype="1" ModelId="7">775.527789745799</value><value key="TrainFitness" datatype="5" valuetype="1" ModelId="8">888.888888888889</value><value key="TrainFitness" datatype="5" valuetype="1" ModelId="9">907.317073170732</value><value key="TrainFitness" datatype="5" valuetype="1" ModelId="10">911.980440097799</value><value key="TrainFitness" datatype="5" valuetype="1" ModelId="11">916.666666666667</value><value key="TrainFitness" datatype="5" valuetype="1" ModelId="12">921.375921375921</value><value key="TrainFitness" datatype="5" valuetype="1" ModelId="13">926.108374384236</value><value key="TrainFitness" datatype="5" valuetype="1" ModelId="14">935.643564356436</value><value key="TrainFitness" datatype="5" valuetype="1" ModelId="15">945.273631840796</value><value key="TrainFitness" datatype="5" valuetype="1" ModelId="16">950.124688279302</value><value key="TrainAccuracy" datatype="5" valuetype="1" ModelId="1">84.14</value><value key="TrainAccuracy" datatype="5" valuetype="1" ModelId="2">84.91</value><value key="TrainAccuracy" datatype="5" valuetype="1" ModelId="3">85.93</value><value key="TrainAccuracy" datatype="5" valuetype="1" ModelId="4">86.7</value><value key="TrainAccuracy" datatype="5" valuetype="1" ModelId="5">89</value><value key="TrainAccuracy" datatype="5" valuetype="1" ModelId="6">91.3</value><value key="TrainAccuracy" datatype="5" valuetype="1" ModelId="7">92.07</value><value key="TrainAccuracy" datatype="5" valuetype="1" ModelId="8">94.12</value><value key="TrainAccuracy" datatype="5" valuetype="1" ModelId="9">95.14</value><value key="TrainAccuracy" datatype="5" valuetype="1" ModelId="10">95.4</value><value key="TrainAccuracy" datatype="5" valuetype="1" ModelId="11">95.65</value><value key="TrainAccuracy" datatype="5" valuetype="1" ModelId="12">95.91</value><value key="TrainAccuracy" datatype="5" valuetype="1" ModelId="13">96.16</value><value key="TrainAccuracy" datatype="5" valuetype="1" ModelId="14">96.68</value><value key="TrainAccuracy" datatype="5" valuetype="1" ModelId="15">97.19</value><value key="TrainAccuracy" datatype="5" valuetype="1" ModelId="16">97.44</value><value key="TestFitness" datatype="5" valuetype="1" ModelId="1">461.538461538461</value><value key="TestFitness" datatype="5" valuetype="1" ModelId="2">461.538461538461</value><value key="TestFitness" datatype="5" valuetype="1" ModelId="3">483.660130718954</value><value key="TestFitness" datatype="5" valuetype="1" ModelId="4">483.660130718954</value><value key="TestFitness" datatype="5" valuetype="1" ModelId="5">913.04347826087</value><value key="TestFitness" datatype="5" valuetype="1" ModelId="6">955.555555555556</value><value key="TestFitness" datatype="5" valuetype="1" ModelId="7">726.950354609929</value><value key="TestFitness" datatype="5" valuetype="1" ModelId="8">955.555555555556</value><value key="TestFitness" datatype="5" valuetype="1" ModelId="9">1000</value><value key="TestFitness" datatype="5" valuetype="1" ModelId="10">1000</value><value key="TestFitness" datatype="5" valuetype="1" ModelId="11">1000</value><value key="TestFitness" datatype="5" valuetype="1" ModelId="12">1000</value><value key="TestFitness" datatype="5" valuetype="1" ModelId="13">1000</value><value key="TestFitness" datatype="5" valuetype="1" ModelId="14">1000</value><value key="TestFitness" datatype="5" valuetype="1" ModelId="15">1000</value><value key="TestFitness" datatype="5" valuetype="1" ModelId="16">1000</value><value key="TestAccuracy" datatype="5" valuetype="1" ModelId="1">81.82</value><value key="TestAccuracy" datatype="5" valuetype="1" ModelId="2">81.82</value><value key="TestAccuracy" datatype="5" valuetype="1" ModelId="3">84.09</value><value key="TestAccuracy" datatype="5" valuetype="1" ModelId="4">84.09</value><value key="TestAccuracy" datatype="5" valuetype="1" ModelId="5">95.45</value><value key="TestAccuracy" datatype="5" valuetype="1" ModelId="6">97.73</value><value key="TestAccuracy" datatype="5" valuetype="1" ModelId="7">93.18</value><value key="TestAccuracy" datatype="5" valuetype="1" ModelId="8">97.73</value><value key="TestAccuracy" datatype="5" valuetype="1" ModelId="9">100</value><value key="TestAccuracy" datatype="5" valuetype="1" ModelId="10">100</value><value key="TestAccuracy" datatype="5" valuetype="1" ModelId="11">100</value><value key="TestAccuracy" datatype="5" valuetype="1" ModelId="12">100</value><value key="TestAccuracy" datatype="5" valuetype="1" ModelId="13">100</value><value key="TestAccuracy" datatype="5" valuetype="1" ModelId="14">100</value><value key="TestAccuracy" datatype="5" valuetype="1" ModelId="15">100</value><value key="TestAccuracy" datatype="5" valuetype="1" ModelId="16">100</value><value key="Size" datatype="3" valuetype="1" ModelId="1">11</value><value key="Size" datatype="3" valuetype="1" ModelId="2">11</value><value key="Size" datatype="3" valuetype="1" ModelId="3">11</value><value key="Size" datatype="3" valuetype="1" ModelId="4">11</value><value key="Size" datatype="3" valuetype="1" ModelId="5">10</value><value key="Size" datatype="3" valuetype="1" ModelId="6">11</value><value key="Size" datatype="3" valuetype="1" ModelId="7">9</value><value key="Size" datatype="3" valuetype="1" ModelId="8">9</value><value key="Size" datatype="3" valuetype="1" ModelId="9">8</value><value key="Size" datatype="3" valuetype="1" ModelId="10">8</value><value key="Size" datatype="3" valuetype="1" ModelId="11">10</value><value key="Size" datatype="3" valuetype="1" ModelId="12">10</value><value key="Size" datatype="3" valuetype="1" ModelId="13">12</value><value key="Size" datatype="3" valuetype="1" ModelId="14">12</value><value key="Size" datatype="3" valuetype="1" ModelId="15">11</value><value key="Size" datatype="3" valuetype="1" ModelId="16">11</value><value key="Generation" datatype="5" valuetype="1" ModelId="1">0</value><value key="Generation" datatype="5" valuetype="1" ModelId="2">3</value><value key="Generation" datatype="5" valuetype="1" ModelId="3">4</value><value key="Generation" datatype="5" valuetype="1" ModelId="4">5</value><value key="Generation" datatype="5" valuetype="1" ModelId="5">22</value><value key="Generation" datatype="5" valuetype="1" ModelId="6">24</value><value key="Generation" datatype="5" valuetype="1" ModelId="7">27</value><value key="Generation" datatype="5" valuetype="1" ModelId="8">41</value><value key="Generation" datatype="5" valuetype="1" ModelId="9">209</value><value key="Generation" datatype="5" valuetype="1" ModelId="10">224</value><value key="Generation" datatype="5" valuetype="1" ModelId="11">1802</value><value key="Generation" datatype="5" valuetype="1" ModelId="12">2019</value><value key="Generation" datatype="5" valuetype="1" ModelId="13">2232</value><value key="Generation" datatype="5" valuetype="1" ModelId="14">2283</value><value key="Generation" datatype="5" valuetype="1" ModelId="15">2687</value><value key="Generation" datatype="5" valuetype="1" ModelId="16">2783</value><value key="RunIndex" datatype="5" valuetype="1" ModelId="1">1</value><value key="RunIndex" datatype="5" valuetype="1" ModelId="2">1</value><value key="RunIndex" datatype="5" valuetype="1" ModelId="3">1</value><value key="RunIndex" datatype="5" valuetype="1" ModelId="4">1</value><value key="RunIndex" datatype="5" valuetype="1" ModelId="5">1</value><value key="RunIndex" datatype="5" valuetype="1" ModelId="6">1</value><value key="RunIndex" datatype="5" valuetype="1" ModelId="7">1</value><value key="RunIndex" datatype="5" valuetype="1" ModelId="8">1</value><value key="RunIndex" datatype="5" valuetype="1" ModelId="9">1</value><value key="RunIndex" datatype="5" valuetype="1" ModelId="10">1</value><value key="RunIndex" datatype="5" valuetype="1" ModelId="11">1</value><value key="RunIndex" datatype="5" valuetype="1" ModelId="12">1</value><value key="RunIndex" datatype="5" valuetype="1" ModelId="13">1</value><value key="RunIndex" datatype="5" valuetype="1" ModelId="14">1</value><value key="RunIndex" datatype="5" valuetype="1" ModelId="15">1</value><value key="RunIndex" datatype="5" valuetype="1" ModelId="16">1</value><value key="Literals" datatype="3" valuetype="-1" ModelId="1">4</value><value key="Variables" datatype="8" valuetype="-1" ModelId="1">adoption-of-the-budget-resolution_y_min(1), religious-groups-in-schools_y_min(1), water-project-cost-sharing_n_max(1), anti-satellite-test-ban_n_max(1)</value><value key="Literals" datatype="3" valuetype="-1" ModelId="2">3</value><value key="Variables" datatype="8" valuetype="-1" ModelId="2">adoption-of-the-budget-resolution_y_min(1), water-project-cost-sharing_n_max(1), anti-satellite-test-ban_n_max(1)</value><value key="Literals" datatype="3" valuetype="-1" ModelId="3">3</value><value key="Variables" datatype="8" valuetype="-1" ModelId="3">adoption-of-the-budget-resolution_y_min(1), religious-groups-in-schools_y_min(1), anti-satellite-test-ban_n_max(1)</value><value key="Literals" datatype="3" valuetype="-1" ModelId="4">5</value><value key="Variables" datatype="8" valuetype="-1" ModelId="4">adoption-of-the-budget-resolution_y_min(1), religious-groups-in-schools_y_min(2), water-project-cost-sharing_n_max(1), anti-satellite-test-ban_n_max(1)</value><value key="Literals" datatype="3" valuetype="-1" ModelId="5">4</value><value key="Variables" datatype="8" valuetype="-1" ModelId="5">adoption-of-the-budget-resolution_y_min(1), physician-fee-freeze_n_min(1), religious-groups-in-schools_y_min(1), water-project-cost-sharing_n_max(1)</value><value key="Literals" datatype="3" valuetype="-1" ModelId="6">5</value><value key="Variables" datatype="8" valuetype="-1" ModelId="6">adoption-of-the-budget-resolution_y_min(1), physician-fee-freeze_n_min(1), religious-groups-in-schools_y_min(1), water-project-cost-sharing_n_max(1), anti-satellite-test-ban_n_max(1)</value><value key="Literals" datatype="3" valuetype="-1" ModelId="7">3</value><value key="Variables" datatype="8" valuetype="-1" ModelId="7">adoption-of-the-budget-resolution_y_min(1), physician-fee-freeze_n_min(1), water-project-cost-sharing_n_max(1)</value><value key="Literals" datatype="3" valuetype="-1" ModelId="8">3</value><value key="Variables" datatype="8" valuetype="-1" ModelId="8">adoption-of-the-budget-resolution_y_min(2), physician-fee-freeze_n_min(1)</value><value key="Literals" datatype="3" valuetype="-1" ModelId="9">3</value><value key="Variables" datatype="8" valuetype="-1" ModelId="9">physician-fee-freeze_n_min(2), physician-fee-freeze_y_max(1)</value><value key="Literals" datatype="3" valuetype="-1" ModelId="10">4</value><value key="Variables" datatype="8" valuetype="-1" ModelId="10">physician-fee-freeze_n_min(2), physician-fee-freeze_y_max(1), religious-groups-in-schools_u_max(1)</value><value key="Literals" datatype="3" valuetype="-1" ModelId="11">5</value><value key="Variables" datatype="8" valuetype="-1" ModelId="11">physician-fee-freeze_n_min(1), adoption-of-the-budget-resolution_y_max(1), physician-fee-freeze_y_max(1), religious-groups-in-schools_u_max(1), synfuels-corporation-cutback_n_max(1)</value><value key="Literals" datatype="3" valuetype="-1" ModelId="12">5</value><value key="Variables" datatype="8" valuetype="-1" ModelId="12">physician-fee-freeze_n_min(1), adoption-of-the-budget-resolution_y_max(1), physician-fee-freeze_y_max(1), religious-groups-in-schools_u_max(1), synfuels-corporation-cutback_n_max(1)</value><value key="Literals" datatype="3" valuetype="-1" ModelId="13">5</value><value key="Variables" datatype="8" valuetype="-1" ModelId="13">physician-fee-freeze_n_min(1), adoption-of-the-budget-resolution_n_max(1), physician-fee-freeze_y_max(1), religious-groups-in-schools_u_max(1), synfuels-corporation-cutback_n_max(1)</value><value key="Literals" datatype="3" valuetype="-1" ModelId="14">8</value><value key="Variables" datatype="8" valuetype="-1" ModelId="14">physician-fee-freeze_n_min(2), water-project-cost-sharing_n_max(1), adoption-of-the-budget-resolution_n_max(2), religious-groups-in-schools_u_max(1), synfuels-corporation-cutback_n_max(2)</value><value key="Literals" datatype="3" valuetype="-1" ModelId="15">7</value><value key="Variables" datatype="8" valuetype="-1" ModelId="15">physician-fee-freeze_n_min(1), mx-missile_y_min(1), water-project-cost-sharing_n_max(1), adoption-of-the-budget-resolution_n_max(1), el-salvador-aid_u_max(1), synfuels-corporation-cutback_n_max(2)</value><value key="Literals" datatype="3" valuetype="-1" ModelId="16">6</value><value key="Variables" datatype="8" valuetype="-1" ModelId="16">physician-fee-freeze_n_min(1), mx-missile_y_min(1), synfuels-corporation-cutback_y_min(1), water-project-cost-sharing_n_max(1), adoption-of-the-budget-resolution_n_max(1), synfuels-corporation-cutback_n_max(1)</value><value key="VariableImportance" datatype="8" valuetype="-1" ModelId="16">physician-fee-freeze_n_min(0.804560987604007), mx-missile_y_min(7.35198726540942E-02), synfuels-corporation-cutback_y_min(5.75799442164382E-03), water-project-cost-sharing_n_max(2.74505573451702E-02), adoption-of-the-budget-resolution_n_max(0.081562016713291), synfuels-corporation-cutback_n_max(7.1485712617939E-03)</value></run></report>
