<report id="0"><run id="1" name="vote_template_classification_000001.gep"><value key="HasTestingSet" datatype="3" valuetype="0">1</value><value key="TrainFitness" datatype="5" valuetype="1" ModelId="1">497.165991902834</value><value key="TrainFitness" datatype="5" valuetype="1" ModelId="2">562.098501070664</value><value key="TrainFitness" datatype="5" valuetype="1" ModelId="3">589.519650655022</value><value key="TrainFitness" datatype="5" valuetype="1" ModelId="4">592.633114514953</value><value key="TrainFitness" datatype="5" valuetype="1" ModelId="5">614.814814814815</value><value key="TrainFitness" datatype="5" valuetype="1" ModelId="6">884.33734939759</value><value key="TrainFitness" datatype="5" valuetype="1" ModelId="7">888.888888888889</value><value key="TrainFitness" datatype="5" valuetype="1" ModelId="8">893.462469733656</value><value key="TrainFitness" datatype="5" valuetype="1" ModelId="9">907.317073170732</value><value key="TrainFitness" datatype="5" valuetype="1" ModelId="10">916.666666666667</value><value key="TrainFitness" datatype="5" valuetype="1" ModelId="11">921.375921375921</value><value key="TrainFitness" datatype="5" valuetype="1" ModelId="12">926.108374384236</value><value key="TrainFitness" datatype="5" valuetype="1" ModelId="13">935.643564356436</value><value key="TrainFitness" datatype="5" valuetype="1" ModelId="14">940.446650124069</value><value key="TrainAccuracy" datatype="5" valuetype="1" ModelId="1">78.52</value><value key="TrainAccuracy" datatype="5" valuetype="1" ModelId="2">80.56</value><value key="TrainAccuracy" datatype="5" valuetype="1" ModelId="3">82.86</value><value key="TrainAccuracy" datatype="5" valuetype="1" ModelId="4">83.12</value><value key="TrainAccuracy" datatype="5" valuetype="1" ModelId="5">84.91</value><value key="TrainAccuracy" datatype="5" valuetype="1" ModelId="6">93.86</value><value key="TrainAccuracy" datatype="5" valuetype="1" ModelId="7">94.12</value><value key="TrainAccuracy" datatype="5" valuetype="1" ModelId="8">94.37</value><value key="TrainAccuracy" datatype="5" valuetype="1" ModelId="9">95.14</value><value key="TrainAccuracy" datatype="5" valuetype="1" ModelId="10">95.65</value><value key="TrainAccuracy" datatype="5" valuetype="1" ModelId="11">95.91</value><value key="TrainAccuracy" datatype="5" valuetype="1" ModelId="12">96.16</value><value key="TrainAccuracy" datatype="5" valuetype="1" ModelId="13">96.68</value><value key="TrainAccuracy" datatype="5" valuetype="1" ModelId="14">96.93</value><value key="TestFitness" datatype="5" valuetype="1" ModelId="1">757.575757575758</value><value key="TestFitness" datatype="5" valuetype="1" ModelId="2">726.950354609929</value><value key="TestFitness" datatype="5" valuetype="1" ModelId="3">726.950354609929</value><value key="TestFitness" datatype="5" valuetype="1" ModelId="4">830.0395256917</value><value key="TestFitness" datatype="5" valuetype="1" ModelId="5">726.950354609929</value><value key="TestFitness" datatype="5" valuetype="1" ModelId="6">955.555555555556</value><value key="TestFitness" datatype="5" valuetype="1" ModelId="7">955.555555555556</value><value key="TestFitness" datatype="5" valuetype="1" ModelId="8">955.555555555556</value><value key="TestFitness" datatype="5" valuetype="1" ModelId="9">1000</value><value key="TestFitness" datatype="5" valuetype="1" ModelId="10">955.555555555556</value><value key="TestFitness" datatype="5" valuetype="1" ModelId="11">955.555555555556</value><value key="TestFitness" datatype="5" valuetype="1" ModelId="12">955.555555555556</value><value key="TestFitness" datatype="5" valuetype="1" ModelId="13">955.555555555556</value><value key="TestFitness" datatype="5" valuetype="1" ModelId="14">955.555555555556</value><value key="TestAccuracy" datatype="5" valuetype="1" ModelId="1">90.91</value><value key="TestAccuracy" datatype="5" valuetype="1" ModelId="2">93.18</value><value key="TestAccuracy" datatype="5" valuetype="1" ModelId="3">93.18</value><value key="TestAccuracy" datatype="5" valuetype="1" ModelId="4">95.45</value><value key="TestAccuracy" datatype="5" valuetype="1" ModelId="5">93.18</value><value key="TestAccuracy" datatype="5" valuetype="1" ModelId="6">97.73</value><value key="TestAccuracy" datatype="5" valuetype="1" ModelId="7">97.73</value><value key="TestAccuracy" datatype="5" valuetype="1" ModelId="8">97.73</value><value key="TestAccuracy" datatype="5" valuetype="1" ModelId="9">100</value><value key="TestAccuracy" datatype="5" valuetype="1" ModelId="10">97.73</value><value key="TestAccuracy" datatype="5" valuetype="1" ModelId="11">97.73</value><value key="TestAccuracy" datatype="5" valuetype="1" ModelId="12">97.73</value><value key="TestAccuracy" datatype="5" valuetype="1" ModelId="13">97.73</value><value key="TestAccuracy" datatype="5" valuetype="1" ModelId="14">97.73</value><value key="Size" datatype="3" valuetype="1" ModelId="1">10</value><value key="Size" datatype="3" valuetype="1" ModelId="2">11</value><value key="Size" datatype="3" valuetype="1" ModelId="3">11</value><value key="Size" datatype="3" valuetype="1" ModelId="4">11</value><value key="Size" datatype="3" valuetype="1" ModelId="5">11</value><value key="Size" datatype="3" valuetype="1" ModelId="6">11</value><value key="Size" datatype="3" valuetype="1" ModelId="7">11</value><value key="Size" datatype="3" valuetype="1" ModelId="8">6</value><value key="Size" datatype="3" valuetype="1" ModelId="9">8</value><value key="Size" datatype="3" valuetype="1" ModelId="10">6</value><value key="Size" datatype="3" valuetype="1" ModelId="11">4</value><value key="Size" datatype="3" valuetype="1" ModelId="12">8</value><value key="Size" datatype="3" valuetype="1" ModelId="13">8</value><value key="Size" datatype="3" valuetype="1" ModelId="14">8</value><value key="Generation" datatype="5" valuetype="1" ModelId="1">0</value><value key="Generation" datatype="5" valuetype="1" ModelId="2">4</value><value key="Generation" datatype="5" valuetype="1" ModelId="3">7</value><value key="Generation" datatype="5" valuetype="1" ModelId="4">13</value><value key="Generation" datatype="5" valuetype="1" ModelId="5">17</value><value key="Generation" datatype="5" valuetype="1" ModelId="6">27</value><value key="Generation" datatype="5" valuetype="1" ModelId="7">50</value><value key="Generation" datatype="5" valuetype="1" ModelId="8">65</value><value key="Generation" datatype="5" valuetype="1" ModelId="9">70</value><value key="Generation" datatype="5" valuetype="1" ModelId="10">674</value><value key="Generation" datatype="5" valuetype="1" ModelId="11">715</value><value key="Generation" datatype="5" valuetype="1" ModelId="12">2545</value><value key="Generation" datatype="5" valuetype="1" ModelId="13">2731</value><value key="Generation" datatype="5" valuetype="1" ModelId="14">2797</value><value key="RunIndex" datatype="5" valuetype="1" ModelId="1">1</value><value key="RunIndex" datatype="5" valuetype="1" ModelId="2">1</value><value key="RunIndex" datatype="5" valuetype="1" ModelId="3">1</value><value key="RunIndex" datatype="5" valuetype="1" ModelId="4">1</value><value key="RunIndex" datatype="5" valuetype="1" ModelId="5">1</value><value key="RunIndex" datatype="5" valuetype="1" ModelId="6">1</value><value key="RunIndex" datatype="5" valuetype="1" ModelId="7">1</value><value key="RunIndex" datatype="5" valuetype="1" ModelId="8">1</value><value key="RunIndex" datatype="5" valuetype="1" ModelId="9">1</value><value key="RunIndex" datatype="5" valuetype="1" ModelId="10">1</value><value key="RunIndex" datatype="5" valuetype="1" ModelId="11">1</value><value key="RunIndex" datatype="5" valuetype="1" ModelId="12">1</value><value key="RunIndex" datatype="5" valuetype="1" ModelId="13">1</value><value key="RunIndex" datatype="5" valuetype="1" ModelId="14">1</value><value key="Literals" datatype="3" valuetype="-1" ModelId="1">4</value><value key="Variables" datatype="8" valuetype="-1" ModelId="1">synfuels-corporation-cutback_u_min(1), religious-groups-in-schools_y_max(1), immigration_u_max(1), synfuels-corporation-cutback_y_max(1)</value><value key="Literals" datatype="3" valuetype="-1" ModelId="2">6</value><value key="Variables" datatype="8" valuetype="-1" ModelId="2">handicapped-infants_y_min(1), mx-missile_u_min(1), el-salvador-aid_u_max(1), el-salvador-aid_y_max(1), aid-to-nicaraguan-contras_n_max(1), superfund-right-to-sue_y_max(1)</value><value key="Literals" datatype="3" valuetype="-1" ModelId="3">6</value><value key="Variables" datatype="8" valuetype="-1" ModelId="3">handicapped-infants_y_min(1), water-project-cost-sharing_u_max(1), el-salvador-aid_u_max(1), el-salvador-aid_y_max(1), aid-to-nicaraguan-contras_n_max(1), superfund-right-to-sue_y_max(1)</value><value key="Literals" datatype="3" valuetype="-1" ModelId="4">7</value><value key="Variables" datatype="8" valuetype="-1" ModelId="4">handicapped-infants_y_min(1), water-project-cost-sharing_u_max(1), el-salvador-aid_u_max(1), el-salvador-aid_y_max(2), aid-to-nicaraguan-contras_n_max(1), superfund-right-to-sue_y_max(1)</value><value key="Literals" datatype="3" valuetype="-1" ModelId="5">7</value><value key="Variables" datatype="8" valuetype="-1" ModelId="5">handicapped-infants_y_min(1), physician-fee-freeze_n_min(1), handicapped-infants_u_max(1), el-salvador-aid_u_max(1), el-salvador-aid_y_max(1), aid-to-nicaraguan-contras_n_max(1), superfund-right-to-sue_y_max(1)</value><value key="Literals" datatype="3" valuetype="-1" ModelId="6">5</value><value key="Variables" datatype="8" valuetype="-1" ModelId="6">physician-fee-freeze_n_min(1), handicapped-infants_u_max(1), el-salvador-aid_y_max(1), aid-to-nicaraguan-contras_n_max(1), superfund-right-to-sue_y_max(1)</value><value key="Literals" datatype="3" valuetype="-1" ModelId="7">4</value><value key="Variables" datatype="8" valuetype="-1" ModelId="7">physician-fee-freeze_n_min(1), el-salvador-aid_y_max(1), superfund-right-to-sue_y_max(2)</value><value key="Literals" datatype="3" valuetype="-1" ModelId="8">3</value><value key="Variables" datatype="8" valuetype="-1" ModelId="8">el-salvador-aid_n_min(1), export-administration-act-south-africa_u_min(1), physician-fee-freeze_y_max(1)</value><value key="Literals" datatype="3" valuetype="-1" ModelId="9">1</value><value key="Variables" datatype="8" valuetype="-1" ModelId="9">physician-fee-freeze_y_max(1)</value><value key="Literals" datatype="3" valuetype="-1" ModelId="10">5</value><value key="Variables" datatype="8" valuetype="-1" ModelId="10">adoption-of-the-budget-resolution_y_min(1), physician-fee-freeze_y_max(2), anti-satellite-test-ban_u_max(1), education-spending_u_max(1)</value><value key="Literals" datatype="3" valuetype="-1" ModelId="11">4</value><value key="Variables" datatype="8" valuetype="-1" ModelId="11">adoption-of-the-budget-resolution_y_min(1), physician-fee-freeze_y_max(2), anti-satellite-test-ban_y_max(1)</value><value key="Literals" datatype="3" valuetype="-1" ModelId="12">6</value><value key="Variables" datatype="8" valuetype="-1" ModelId="12">adoption-of-the-budget-resolution_y_min(1), water-project-cost-sharing_u_max(1), physician-fee-freeze_y_max(2), education-spending_u_max(1), export-administration-act-south-africa_y_max(1)</value><value key="Literals" datatype="3" valuetype="-1" ModelId="13">6</value><value key="Variables" datatype="8" valuetype="-1" ModelId="13">adoption-of-the-budget-resolution_y_min(1), physician-fee-freeze_y_max(2), aid-to-nicaraguan-contras_u_max(1), education-spending_u_max(1), export-administration-act-south-africa_y_max(1)</value><value key="Literals" datatype="3" valuetype="-1" ModelId="14">6</value><value key="Variables" datatype="8" valuetype="-1" ModelId="14">adoption-of-the-budget-resolution_y_min(1), physician-fee-freeze_y_max(2), aid-to-nicaraguan-contras_u_max(1), education-spending_u_max(1), export-administration-act-south-africa_y_max(1)</value><value key="VariableImportance" datatype="8" valuetype="-1" ModelId="14">adoption-of-the-budget-resolution_y_min(0.224324404395347), physician-fee-freeze_y_max(0.724332581907947), aid-to-nicaraguan-contras_u_max(1.25812872286335E-02), education-spending_u_max(8.46073846393848E-03), export-administration-act-south-africa_y_max(3.03009880041343E-02)</value></run></report>
