<log created='11/30/2019 13:41:40' name='vote_template_classification_000001'>
<item created='11/30/2019 13:41:40' severity='0'>Processing run 1...</item>
<item created='11/30/2019 13:41:40' severity='0'>Applied setting Genes (4)</item>
<item created='11/30/2019 13:41:40' severity='0'>Applied setting HeadSize (1)</item>
<item created='11/30/2019 13:41:40' severity='0'>Applied setting FitnessFunction (11)</item>
<item created='11/30/2019 13:41:40' severity='0'>Applied setting RoundingThreshold (0.5)</item>
<item created='11/30/2019 13:41:40' severity='0'>Changed function * to weight 2.</item>
<item created='11/30/2019 13:41:40' severity='0'>Loading data from file vote_TRAIN_fold_5.csv ...</item>
<item created='11/30/2019 13:41:41' severity='0'>Loading data from file vote_TEST_fold_5.csv ...</item>
<item created='11/30/2019 13:41:42' severity='0'>Loading run file... vote_1_4_5\vote_template_classification_000001.gep</item>
<item created='11/30/2019 13:41:42' severity='0'>Initializing run...</item>
<item created='11/30/2019 13:41:42' severity='0'>Training Set size: 391</item>
<item created='11/30/2019 13:41:42' severity='0'>Dataset loaded.</item>
<item created='11/30/2019 13:41:42' severity='0'>Starting...</item>
<item created='11/30/2019 13:41:42' severity='0'>Generation: 0 (497.165991902834, 78.52% (307))</item>
<item created='11/30/2019 13:41:44' severity='0'>Generation: 580 (907.317073170732, 95.14% (372))</item>
<item created='11/30/2019 13:41:46' severity='0'>Generation: 1604 (921.375921375921, 95.91% (375))</item>
<item created='11/30/2019 13:41:48' severity='0'>Generation: 2525 (921.375921375921, 95.91% (375))</item>
<item created='11/30/2019 13:41:50' severity='0'>Generation: 3447 (940.446650124069, 96.93% (379))</item>
<item created='11/30/2019 13:41:52' severity='0'>Generation: 4352 (940.446650124069, 96.93% (379))</item>
<item created='11/30/2019 13:41:54' severity='0'>Generation: 5248 (940.446650124069, 96.93% (379))</item>
<item created='11/30/2019 13:41:56' severity='0'>Generation: 6150 (940.446650124069, 96.93% (379))</item>
<item created='11/30/2019 13:41:58' severity='0'>Generation: 7077 (940.446650124069, 96.93% (379))</item>
<item created='11/30/2019 13:42:00' severity='0'>Generation: 7985 (940.446650124069, 96.93% (379))</item>
<item created='11/30/2019 13:42:02' severity='0'>Generation: 8889 (940.446650124069, 96.93% (379))</item>
<item created='11/30/2019 13:42:04' severity='0'>Generation: 9781 (940.446650124069, 96.93% (379))</item>
<item created='11/30/2019 13:42:06' severity='0'>Generation: 10673 (940.446650124069, 96.93% (379))</item>
<item created='11/30/2019 13:42:08' severity='0'>Generation: 11591 (940.446650124069, 96.93% (379))</item>
<item created='11/30/2019 13:42:10' severity='0'>Generation: 12485 (940.446650124069, 96.93% (379))</item>
<item created='11/30/2019 13:42:12' severity='0'>Generation: 13370 (940.446650124069, 96.93% (379))</item>
<item created='11/30/2019 13:42:14' severity='0'>Generation: 14284 (940.446650124069, 96.93% (379))</item>
<item created='11/30/2019 13:42:16' severity='0'>Generation: 15200 (940.446650124069, 96.93% (379))</item>
<item created='11/30/2019 13:42:18' severity='0'>Generation: 16094 (940.446650124069, 96.93% (379))</item>
<item created='11/30/2019 13:42:20' severity='0'>Generation: 16993 (940.446650124069, 96.93% (379))</item>
<item created='11/30/2019 13:42:22' severity='0'>Generation: 17890 (940.446650124069, 96.93% (379))</item>
<item created='11/30/2019 13:42:24' severity='0'>Generation: 18806 (940.446650124069, 96.93% (379))</item>
<item created='11/30/2019 13:42:26' severity='0'>Generation: 19727 (940.446650124069, 96.93% (379))</item>
<item created='11/30/2019 13:42:26' severity='0'>Finished run.</item>
<item created='11/30/2019 13:42:26' severity='0'>Models created: 14</item>
<item created='11/30/2019 13:42:26' severity='0'>Models: 14</item>
<item created='11/30/2019 13:42:26' severity='0'>Last Model: 14</item>
<item created='11/30/2019 13:42:26' severity='0'>Generation: 2797</item>
<item created='11/30/2019 13:42:26' severity='0'>Training Fitness: 940.446650124069</item>
<item created='11/30/2019 13:42:26' severity='0'>Training Accuracy: 96.93%</item>
<item created='11/30/2019 13:42:26' severity='0'>Success</item>
<item created='11/30/2019 13:42:26' severity='0'>Loading run file... vote_1_4_5\vote_template_classification_000001.gep</item>
<item created='11/30/2019 13:42:27' severity='0'>Initializing tests for all models...</item>
<item created='11/30/2019 13:42:27' severity='0'>Testing model 1 on the Validation Set with 44 records..............</item>
<item created='11/30/2019 13:42:27' severity='0'>Testing model 2 on the Validation Set with 44 records..............</item>
<item created='11/30/2019 13:42:27' severity='0'>Testing model 3 on the Validation Set with 44 records..............</item>
<item created='11/30/2019 13:42:27' severity='0'>Testing model 4 on the Validation Set with 44 records..............</item>
<item created='11/30/2019 13:42:27' severity='0'>Testing model 5 on the Validation Set with 44 records..............</item>
<item created='11/30/2019 13:42:27' severity='0'>Testing model 6 on the Validation Set with 44 records..............</item>
<item created='11/30/2019 13:42:27' severity='0'>Testing model 7 on the Validation Set with 44 records..............</item>
<item created='11/30/2019 13:42:27' severity='0'>Testing model 8 on the Validation Set with 44 records..............</item>
<item created='11/30/2019 13:42:27' severity='0'>Testing model 9 on the Validation Set with 44 records..............</item>
<item created='11/30/2019 13:42:27' severity='0'>Testing model 10 on the Validation Set with 44 records..............</item>
<item created='11/30/2019 13:42:27' severity='0'>Testing model 11 on the Validation Set with 44 records..............</item>
<item created='11/30/2019 13:42:27' severity='0'>Testing model 12 on the Validation Set with 44 records..............</item>
<item created='11/30/2019 13:42:27' severity='0'>Testing model 13 on the Validation Set with 44 records..............</item>
<item created='11/30/2019 13:42:27' severity='0'>Testing model 14 on the Validation Set with 44 records..............</item>
<item created='11/30/2019 13:42:27' severity='0'>Success</item>
</log>
