<report id="0"><run id="1" name="vote_template_classification_000001.gep"><value key="HasTestingSet" datatype="3" valuetype="0">1</value><value key="TrainFitness" datatype="5" valuetype="1" ModelId="1">385.542168674699</value><value key="TrainFitness" datatype="5" valuetype="1" ModelId="2">477.707006369427</value><value key="TrainFitness" datatype="5" valuetype="1" ModelId="3">479.974570883662</value><value key="TrainFitness" datatype="5" valuetype="1" ModelId="4">498.306724721819</value><value key="TrainFitness" datatype="5" valuetype="1" ModelId="5">718.57527438393</value><value key="TrainFitness" datatype="5" valuetype="1" ModelId="6">729.77481234362</value><value key="TrainFitness" datatype="5" valuetype="1" ModelId="7">733.542319749216</value><value key="TrainFitness" datatype="5" valuetype="1" ModelId="8">748.787175701329</value><value key="TrainFitness" datatype="5" valuetype="1" ModelId="9">926.470588235294</value><value key="TrainFitness" datatype="5" valuetype="1" ModelId="10">940.740740740741</value><value key="TrainFitness" datatype="5" valuetype="1" ModelId="11">945.544554455446</value><value key="TrainFitness" datatype="5" valuetype="1" ModelId="12">950.372208436725</value><value key="TrainAccuracy" datatype="5" valuetype="1" ModelId="1">73.28</value><value key="TrainAccuracy" datatype="5" valuetype="1" ModelId="2">80.15</value><value key="TrainAccuracy" datatype="5" valuetype="1" ModelId="3">76.84</value><value key="TrainAccuracy" datatype="5" valuetype="1" ModelId="4">78.63</value><value key="TrainAccuracy" datatype="5" valuetype="1" ModelId="5">88.3</value><value key="TrainAccuracy" datatype="5" valuetype="1" ModelId="6">89.06</value><value key="TrainAccuracy" datatype="5" valuetype="1" ModelId="7">89.31</value><value key="TrainAccuracy" datatype="5" valuetype="1" ModelId="8">90.33</value><value key="TrainAccuracy" datatype="5" valuetype="1" ModelId="9">96.18</value><value key="TrainAccuracy" datatype="5" valuetype="1" ModelId="10">96.95</value><value key="TrainAccuracy" datatype="5" valuetype="1" ModelId="11">97.2</value><value key="TrainAccuracy" datatype="5" valuetype="1" ModelId="12">97.46</value><value key="TestFitness" datatype="5" valuetype="1" ModelId="1">351.515151515152</value><value key="TestFitness" datatype="5" valuetype="1" ModelId="2">351.515151515152</value><value key="TestFitness" datatype="5" valuetype="1" ModelId="3">351.515151515152</value><value key="TestFitness" datatype="5" valuetype="1" ModelId="4">410.25641025641</value><value key="TestFitness" datatype="5" valuetype="1" ModelId="5">539.21568627451</value><value key="TestFitness" datatype="5" valuetype="1" ModelId="6">523.076923076923</value><value key="TestFitness" datatype="5" valuetype="1" ModelId="7">566.666666666667</value><value key="TestFitness" datatype="5" valuetype="1" ModelId="8">523.076923076923</value><value key="TestFitness" datatype="5" valuetype="1" ModelId="9">681.818181818182</value><value key="TestFitness" datatype="5" valuetype="1" ModelId="10">595.238095238095</value><value key="TestFitness" datatype="5" valuetype="1" ModelId="11">595.238095238095</value><value key="TestFitness" datatype="5" valuetype="1" ModelId="12">595.238095238095</value><value key="TestAccuracy" datatype="5" valuetype="1" ModelId="1">69.05</value><value key="TestAccuracy" datatype="5" valuetype="1" ModelId="2">69.05</value><value key="TestAccuracy" datatype="5" valuetype="1" ModelId="3">69.05</value><value key="TestAccuracy" datatype="5" valuetype="1" ModelId="4">76.19</value><value key="TestAccuracy" datatype="5" valuetype="1" ModelId="5">78.57</value><value key="TestAccuracy" datatype="5" valuetype="1" ModelId="6">80.95</value><value key="TestAccuracy" datatype="5" valuetype="1" ModelId="7">80.95</value><value key="TestAccuracy" datatype="5" valuetype="1" ModelId="8">80.95</value><value key="TestAccuracy" datatype="5" valuetype="1" ModelId="9">85.71</value><value key="TestAccuracy" datatype="5" valuetype="1" ModelId="10">83.33</value><value key="TestAccuracy" datatype="5" valuetype="1" ModelId="11">83.33</value><value key="TestAccuracy" datatype="5" valuetype="1" ModelId="12">83.33</value><value key="Size" datatype="3" valuetype="1" ModelId="1">5</value><value key="Size" datatype="3" valuetype="1" ModelId="2">5</value><value key="Size" datatype="3" valuetype="1" ModelId="3">6</value><value key="Size" datatype="3" valuetype="1" ModelId="4">4</value><value key="Size" datatype="3" valuetype="1" ModelId="5">6</value><value key="Size" datatype="3" valuetype="1" ModelId="6">6</value><value key="Size" datatype="3" valuetype="1" ModelId="7">6</value><value key="Size" datatype="3" valuetype="1" ModelId="8">6</value><value key="Size" datatype="3" valuetype="1" ModelId="9">6</value><value key="Size" datatype="3" valuetype="1" ModelId="10">6</value><value key="Size" datatype="3" valuetype="1" ModelId="11">4</value><value key="Size" datatype="3" valuetype="1" ModelId="12">4</value><value key="Generation" datatype="5" valuetype="1" ModelId="1">0</value><value key="Generation" datatype="5" valuetype="1" ModelId="2">3</value><value key="Generation" datatype="5" valuetype="1" ModelId="3">4</value><value key="Generation" datatype="5" valuetype="1" ModelId="4">12</value><value key="Generation" datatype="5" valuetype="1" ModelId="5">15</value><value key="Generation" datatype="5" valuetype="1" ModelId="6">54</value><value key="Generation" datatype="5" valuetype="1" ModelId="7">66</value><value key="Generation" datatype="5" valuetype="1" ModelId="8">88</value><value key="Generation" datatype="5" valuetype="1" ModelId="9">182</value><value key="Generation" datatype="5" valuetype="1" ModelId="10">185</value><value key="Generation" datatype="5" valuetype="1" ModelId="11">12908</value><value key="Generation" datatype="5" valuetype="1" ModelId="12">12918</value><value key="RunIndex" datatype="5" valuetype="1" ModelId="1">1</value><value key="RunIndex" datatype="5" valuetype="1" ModelId="2">1</value><value key="RunIndex" datatype="5" valuetype="1" ModelId="3">1</value><value key="RunIndex" datatype="5" valuetype="1" ModelId="4">1</value><value key="RunIndex" datatype="5" valuetype="1" ModelId="5">1</value><value key="RunIndex" datatype="5" valuetype="1" ModelId="6">1</value><value key="RunIndex" datatype="5" valuetype="1" ModelId="7">1</value><value key="RunIndex" datatype="5" valuetype="1" ModelId="8">1</value><value key="RunIndex" datatype="5" valuetype="1" ModelId="9">1</value><value key="RunIndex" datatype="5" valuetype="1" ModelId="10">1</value><value key="RunIndex" datatype="5" valuetype="1" ModelId="11">1</value><value key="RunIndex" datatype="5" valuetype="1" ModelId="12">1</value><value key="Literals" datatype="3" valuetype="-1" ModelId="1">3</value><value key="Variables" datatype="8" valuetype="-1" ModelId="1">water-project-cost-sharing_u_min(1), immigration_u_min(1), anti-satellite-test-ban_n_max(1)</value><value key="Literals" datatype="3" valuetype="-1" ModelId="2">3</value><value key="Variables" datatype="8" valuetype="-1" ModelId="2">immigration_u_min(1), anti-satellite-test-ban_n_max(1), crime_y_max(1)</value><value key="Literals" datatype="3" valuetype="-1" ModelId="3">4</value><value key="Variables" datatype="8" valuetype="-1" ModelId="3">water-project-cost-sharing_u_min(1), immigration_u_min(1), anti-satellite-test-ban_n_max(1), education-spending_u_max(1)</value><value key="Literals" datatype="3" valuetype="-1" ModelId="4">2</value><value key="Variables" datatype="8" valuetype="-1" ModelId="4">synfuels-corporation-cutback_y_min(1), handicapped-infants_n_max(1)</value><value key="Literals" datatype="3" valuetype="-1" ModelId="5">2</value><value key="Variables" datatype="8" valuetype="-1" ModelId="5">adoption-of-the-budget-resolution_n_min(1), education-spending_u_max(1)</value><value key="Literals" datatype="3" valuetype="-1" ModelId="6">3</value><value key="Variables" datatype="8" valuetype="-1" ModelId="6">adoption-of-the-budget-resolution_n_min(1), education-spending_u_max(1), crime_n_max(1)</value><value key="Literals" datatype="3" valuetype="-1" ModelId="7">3</value><value key="Variables" datatype="8" valuetype="-1" ModelId="7">adoption-of-the-budget-resolution_n_min(1), aid-to-nicaraguan-contras_y_min(1), crime_n_max(1)</value><value key="Literals" datatype="3" valuetype="-1" ModelId="8">3</value><value key="Variables" datatype="8" valuetype="-1" ModelId="8">adoption-of-the-budget-resolution_n_min(1), superfund-right-to-sue_y_min(1), synfuels-corporation-cutback_n_max(1)</value><value key="Literals" datatype="3" valuetype="-1" ModelId="9">3</value><value key="Variables" datatype="8" valuetype="-1" ModelId="9">physician-fee-freeze_y_min(1), superfund-right-to-sue_y_min(1), synfuels-corporation-cutback_n_max(1)</value><value key="Literals" datatype="3" valuetype="-1" ModelId="10">2</value><value key="Variables" datatype="8" valuetype="-1" ModelId="10">physician-fee-freeze_y_min(1), superfund-right-to-sue_y_min(1)</value><value key="Literals" datatype="3" valuetype="-1" ModelId="11">3</value><value key="Variables" datatype="8" valuetype="-1" ModelId="11">religious-groups-in-schools_u_min(1), physician-fee-freeze_y_max(1), aid-to-nicaraguan-contras_u_max(1)</value><value key="Literals" datatype="3" valuetype="-1" ModelId="12">3</value><value key="Variables" datatype="8" valuetype="-1" ModelId="12">religious-groups-in-schools_u_min(1), physician-fee-freeze_y_max(1), mx-missile_u_max(1)</value><value key="VariableImportance" datatype="8" valuetype="-1" ModelId="12">religious-groups-in-schools_u_min(3.21161397855578E-02), physician-fee-freeze_y_max(0.945883874475603), mx-missile_u_max(2.19999857388392E-02)</value></run></report>
