<log created='11/30/2019 13:29:14' name='vote_template_classification_000001'>
<item created='11/30/2019 13:29:14' severity='0'>Processing run 1...</item>
<item created='11/30/2019 13:29:14' severity='0'>Applied setting Genes (2)</item>
<item created='11/30/2019 13:29:14' severity='0'>Applied setting HeadSize (1)</item>
<item created='11/30/2019 13:29:14' severity='0'>Applied setting FitnessFunction (11)</item>
<item created='11/30/2019 13:29:14' severity='0'>Applied setting RoundingThreshold (0.5)</item>
<item created='11/30/2019 13:29:14' severity='0'>Changed function * to weight 2.</item>
<item created='11/30/2019 13:29:14' severity='0'>Loading data from file vote_TRAIN_fold_9.csv ...</item>
<item created='11/30/2019 13:29:15' severity='0'>Loading data from file vote_TEST_fold_9.csv ...</item>
<item created='11/30/2019 13:29:16' severity='0'>Loading run file... vote_1_2_9\vote_template_classification_000001.gep</item>
<item created='11/30/2019 13:29:16' severity='0'>Initializing run...</item>
<item created='11/30/2019 13:29:16' severity='0'>Training Set size: 393</item>
<item created='11/30/2019 13:29:16' severity='0'>Dataset loaded.</item>
<item created='11/30/2019 13:29:16' severity='0'>Starting...</item>
<item created='11/30/2019 13:29:16' severity='0'>Generation: 0 (385.542168674699, 73.28% (288))</item>
<item created='11/30/2019 13:29:18' severity='0'>Generation: 1066 (940.740740740741, 96.95% (381))</item>
<item created='11/30/2019 13:29:20' severity='0'>Generation: 2554 (940.740740740741, 96.95% (381))</item>
<item created='11/30/2019 13:29:22' severity='0'>Generation: 4101 (940.740740740741, 96.95% (381))</item>
<item created='11/30/2019 13:29:24' severity='0'>Generation: 5702 (940.740740740741, 96.95% (381))</item>
<item created='11/30/2019 13:29:26' severity='0'>Generation: 7349 (940.740740740741, 96.95% (381))</item>
<item created='11/30/2019 13:29:28' severity='0'>Generation: 8978 (940.740740740741, 96.95% (381))</item>
<item created='11/30/2019 13:29:30' severity='0'>Generation: 10541 (940.740740740741, 96.95% (381))</item>
<item created='11/30/2019 13:29:32' severity='0'>Generation: 12277 (940.740740740741, 96.95% (381))</item>
<item created='11/30/2019 13:29:34' severity='0'>Generation: 13792 (950.372208436725, 97.46% (383))</item>
<item created='11/30/2019 13:29:36' severity='0'>Generation: 15248 (950.372208436725, 97.46% (383))</item>
<item created='11/30/2019 13:29:38' severity='0'>Generation: 16751 (950.372208436725, 97.46% (383))</item>
<item created='11/30/2019 13:29:40' severity='0'>Generation: 18125 (950.372208436725, 97.46% (383))</item>
<item created='11/30/2019 13:29:42' severity='0'>Generation: 19456 (950.372208436725, 97.46% (383))</item>
<item created='11/30/2019 13:29:42' severity='0'>Finished run.</item>
<item created='11/30/2019 13:29:42' severity='0'>Models created: 12</item>
<item created='11/30/2019 13:29:42' severity='0'>Models: 12</item>
<item created='11/30/2019 13:29:42' severity='0'>Last Model: 12</item>
<item created='11/30/2019 13:29:42' severity='0'>Generation: 12918</item>
<item created='11/30/2019 13:29:42' severity='0'>Training Fitness: 950.372208436725</item>
<item created='11/30/2019 13:29:42' severity='0'>Training Accuracy: 97.46%</item>
<item created='11/30/2019 13:29:43' severity='0'>Success</item>
<item created='11/30/2019 13:29:43' severity='0'>Loading run file... vote_1_2_9\vote_template_classification_000001.gep</item>
<item created='11/30/2019 13:29:43' severity='0'>Initializing tests for all models...</item>
<item created='11/30/2019 13:29:43' severity='0'>Testing model 1 on the Validation Set with 42 records.............</item>
<item created='11/30/2019 13:29:43' severity='0'>Testing model 2 on the Validation Set with 42 records.............</item>
<item created='11/30/2019 13:29:43' severity='0'>Testing model 3 on the Validation Set with 42 records.............</item>
<item created='11/30/2019 13:29:43' severity='0'>Testing model 4 on the Validation Set with 42 records.............</item>
<item created='11/30/2019 13:29:43' severity='0'>Testing model 5 on the Validation Set with 42 records.............</item>
<item created='11/30/2019 13:29:43' severity='0'>Testing model 6 on the Validation Set with 42 records.............</item>
<item created='11/30/2019 13:29:43' severity='0'>Testing model 7 on the Validation Set with 42 records.............</item>
<item created='11/30/2019 13:29:43' severity='0'>Testing model 8 on the Validation Set with 42 records.............</item>
<item created='11/30/2019 13:29:43' severity='0'>Testing model 9 on the Validation Set with 42 records.............</item>
<item created='11/30/2019 13:29:43' severity='0'>Testing model 10 on the Validation Set with 42 records.............</item>
<item created='11/30/2019 13:29:43' severity='0'>Testing model 11 on the Validation Set with 42 records.............</item>
<item created='11/30/2019 13:29:43' severity='0'>Testing model 12 on the Validation Set with 42 records.............</item>
<item created='11/30/2019 13:29:43' severity='0'>Success</item>
</log>
