<log created='11/30/2019 14:01:23' name='vote_template_classification_000001'>
<item created='11/30/2019 14:01:23' severity='0'>Processing run 1...</item>
<item created='11/30/2019 14:01:23' severity='0'>Applied setting Genes (6)</item>
<item created='11/30/2019 14:01:23' severity='0'>Applied setting HeadSize (1)</item>
<item created='11/30/2019 14:01:23' severity='0'>Applied setting FitnessFunction (11)</item>
<item created='11/30/2019 14:01:23' severity='0'>Applied setting RoundingThreshold (0.5)</item>
<item created='11/30/2019 14:01:23' severity='0'>Changed function * to weight 2.</item>
<item created='11/30/2019 14:01:23' severity='0'>Loading data from file vote_TRAIN_fold_3.csv ...</item>
<item created='11/30/2019 14:01:24' severity='0'>Loading data from file vote_TEST_fold_3.csv ...</item>
<item created='11/30/2019 14:01:25' severity='0'>Loading run file... vote_1_6_3\vote_template_classification_000001.gep</item>
<item created='11/30/2019 14:01:25' severity='0'>Initializing run...</item>
<item created='11/30/2019 14:01:25' severity='0'>Training Set size: 391</item>
<item created='11/30/2019 14:01:25' severity='0'>Dataset loaded.</item>
<item created='11/30/2019 14:01:25' severity='0'>Starting...</item>
<item created='11/30/2019 14:01:25' severity='0'>Generation: 0 (695.670018469116, 86.70% (339))</item>
<item created='11/30/2019 14:01:27' severity='0'>Generation: 534 (945.273631840796, 97.19% (380))</item>
<item created='11/30/2019 14:01:29' severity='0'>Generation: 1078 (950.124688279302, 97.44% (381))</item>
<item created='11/30/2019 14:01:31' severity='0'>Generation: 1623 (950.124688279302, 97.44% (381))</item>
<item created='11/30/2019 14:01:33' severity='0'>Generation: 2180 (950.124688279302, 97.44% (381))</item>
<item created='11/30/2019 14:01:35' severity='0'>Generation: 2731 (950.124688279302, 97.44% (381))</item>
<item created='11/30/2019 14:01:37' severity='0'>Generation: 3255 (950.124688279302, 97.44% (381))</item>
<item created='11/30/2019 14:01:39' severity='0'>Generation: 3802 (955, 97.70% (382))</item>
<item created='11/30/2019 14:01:41' severity='0'>Generation: 4328 (955, 97.70% (382))</item>
<item created='11/30/2019 14:01:43' severity='0'>Generation: 4855 (955, 97.70% (382))</item>
<item created='11/30/2019 14:01:45' severity='0'>Generation: 5413 (955, 97.70% (382))</item>
<item created='11/30/2019 14:01:47' severity='0'>Generation: 5952 (955, 97.70% (382))</item>
<item created='11/30/2019 14:01:49' severity='0'>Generation: 6496 (955, 97.70% (382))</item>
<item created='11/30/2019 14:01:51' severity='0'>Generation: 7042 (955, 97.70% (382))</item>
<item created='11/30/2019 14:01:53' severity='0'>Generation: 7598 (955, 97.70% (382))</item>
<item created='11/30/2019 14:01:55' severity='0'>Generation: 8163 (955, 97.70% (382))</item>
<item created='11/30/2019 14:01:57' severity='0'>Generation: 8722 (955, 97.70% (382))</item>
<item created='11/30/2019 14:01:59' severity='0'>Generation: 9281 (955, 97.70% (382))</item>
<item created='11/30/2019 14:02:01' severity='0'>Generation: 9832 (955, 97.70% (382))</item>
<item created='11/30/2019 14:02:03' severity='0'>Generation: 10383 (955, 97.70% (382))</item>
<item created='11/30/2019 14:02:05' severity='0'>Generation: 10957 (955, 97.70% (382))</item>
<item created='11/30/2019 14:02:07' severity='0'>Generation: 11558 (955, 97.70% (382))</item>
<item created='11/30/2019 14:02:09' severity='0'>Generation: 12120 (955, 97.70% (382))</item>
<item created='11/30/2019 14:02:11' severity='0'>Generation: 12652 (955, 97.70% (382))</item>
<item created='11/30/2019 14:02:13' severity='0'>Generation: 13197 (955, 97.70% (382))</item>
<item created='11/30/2019 14:02:15' severity='0'>Generation: 13767 (955, 97.70% (382))</item>
<item created='11/30/2019 14:02:17' severity='0'>Generation: 14332 (955, 97.70% (382))</item>
<item created='11/30/2019 14:02:19' severity='0'>Generation: 14898 (955, 97.70% (382))</item>
<item created='11/30/2019 14:02:21' severity='0'>Generation: 15465 (955, 97.70% (382))</item>
<item created='11/30/2019 14:02:23' severity='0'>Generation: 16008 (955, 97.70% (382))</item>
<item created='11/30/2019 14:02:25' severity='0'>Generation: 16538 (955, 97.70% (382))</item>
<item created='11/30/2019 14:02:27' severity='0'>Generation: 17102 (955, 97.70% (382))</item>
<item created='11/30/2019 14:02:29' severity='0'>Generation: 17671 (955, 97.70% (382))</item>
<item created='11/30/2019 14:02:31' severity='0'>Generation: 18221 (955, 97.70% (382))</item>
<item created='11/30/2019 14:02:33' severity='0'>Generation: 18754 (955, 97.70% (382))</item>
<item created='11/30/2019 14:02:35' severity='0'>Generation: 19237 (955, 97.70% (382))</item>
<item created='11/30/2019 14:02:37' severity='0'>Generation: 19777 (955, 97.70% (382))</item>
<item created='11/30/2019 14:02:37' severity='0'>Finished run.</item>
<item created='11/30/2019 14:02:37' severity='0'>Models created: 17</item>
<item created='11/30/2019 14:02:37' severity='0'>Models: 17</item>
<item created='11/30/2019 14:02:37' severity='0'>Last Model: 17</item>
<item created='11/30/2019 14:02:37' severity='0'>Generation: 3282</item>
<item created='11/30/2019 14:02:37' severity='0'>Training Fitness: 955</item>
<item created='11/30/2019 14:02:37' severity='0'>Training Accuracy: 97.70%</item>
<item created='11/30/2019 14:02:37' severity='0'>Success</item>
<item created='11/30/2019 14:02:38' severity='0'>Loading run file... vote_1_6_3\vote_template_classification_000001.gep</item>
<item created='11/30/2019 14:02:38' severity='0'>Initializing tests for all models...</item>
<item created='11/30/2019 14:02:38' severity='0'>Testing model 1 on the Validation Set with 44 records..............</item>
<item created='11/30/2019 14:02:38' severity='0'>Testing model 2 on the Validation Set with 44 records..............</item>
<item created='11/30/2019 14:02:38' severity='0'>Testing model 3 on the Validation Set with 44 records..............</item>
<item created='11/30/2019 14:02:38' severity='0'>Testing model 4 on the Validation Set with 44 records..............</item>
<item created='11/30/2019 14:02:38' severity='0'>Testing model 5 on the Validation Set with 44 records..............</item>
<item created='11/30/2019 14:02:38' severity='0'>Testing model 6 on the Validation Set with 44 records..............</item>
<item created='11/30/2019 14:02:38' severity='0'>Testing model 7 on the Validation Set with 44 records..............</item>
<item created='11/30/2019 14:02:38' severity='0'>Testing model 8 on the Validation Set with 44 records..............</item>
<item created='11/30/2019 14:02:38' severity='0'>Testing model 9 on the Validation Set with 44 records..............</item>
<item created='11/30/2019 14:02:38' severity='0'>Testing model 10 on the Validation Set with 44 records..............</item>
<item created='11/30/2019 14:02:38' severity='0'>Testing model 11 on the Validation Set with 44 records..............</item>
<item created='11/30/2019 14:02:38' severity='0'>Testing model 12 on the Validation Set with 44 records..............</item>
<item created='11/30/2019 14:02:38' severity='0'>Testing model 13 on the Validation Set with 44 records..............</item>
<item created='11/30/2019 14:02:38' severity='0'>Testing model 14 on the Validation Set with 44 records..............</item>
<item created='11/30/2019 14:02:38' severity='0'>Testing model 15 on the Validation Set with 44 records..............</item>
<item created='11/30/2019 14:02:38' severity='0'>Testing model 16 on the Validation Set with 44 records..............</item>
<item created='11/30/2019 14:02:38' severity='0'>Testing model 17 on the Validation Set with 44 records..............</item>
<item created='11/30/2019 14:02:38' severity='0'>Success</item>
</log>
