<report id="0"><run id="1" name="vote_template_classification_000001.gep"><value key="HasTestingSet" datatype="3" valuetype="0">1</value><value key="TrainFitness" datatype="5" valuetype="1" ModelId="1">695.670018469116</value><value key="TrainFitness" datatype="5" valuetype="1" ModelId="2">699.300699300699</value><value key="TrainFitness" datatype="5" valuetype="1" ModelId="3">713.989207139892</value><value key="TrainFitness" datatype="5" valuetype="1" ModelId="4">721.434528773978</value><value key="TrainFitness" datatype="5" valuetype="1" ModelId="5">751.911639762107</value><value key="TrainFitness" datatype="5" valuetype="1" ModelId="6">759.709773794281</value><value key="TrainFitness" datatype="5" valuetype="1" ModelId="7">771.545239630346</value><value key="TrainFitness" datatype="5" valuetype="1" ModelId="8">803.9430449069</value><value key="TrainFitness" datatype="5" valuetype="1" ModelId="9">884.33734939759</value><value key="TrainFitness" datatype="5" valuetype="1" ModelId="10">911.980440097799</value><value key="TrainFitness" datatype="5" valuetype="1" ModelId="11">916.666666666667</value><value key="TrainFitness" datatype="5" valuetype="1" ModelId="12">921.375921375921</value><value key="TrainFitness" datatype="5" valuetype="1" ModelId="13">926.108374384236</value><value key="TrainFitness" datatype="5" valuetype="1" ModelId="14">935.643564356436</value><value key="TrainFitness" datatype="5" valuetype="1" ModelId="15">945.273631840796</value><value key="TrainFitness" datatype="5" valuetype="1" ModelId="16">950.124688279302</value><value key="TrainFitness" datatype="5" valuetype="1" ModelId="17">955</value><value key="TrainAccuracy" datatype="5" valuetype="1" ModelId="1">86.7</value><value key="TrainAccuracy" datatype="5" valuetype="1" ModelId="2">86.96</value><value key="TrainAccuracy" datatype="5" valuetype="1" ModelId="3">87.98</value><value key="TrainAccuracy" datatype="5" valuetype="1" ModelId="4">88.49</value><value key="TrainAccuracy" datatype="5" valuetype="1" ModelId="5">90.54</value><value key="TrainAccuracy" datatype="5" valuetype="1" ModelId="6">91.05</value><value key="TrainAccuracy" datatype="5" valuetype="1" ModelId="7">91.82</value><value key="TrainAccuracy" datatype="5" valuetype="1" ModelId="8">93.86</value><value key="TrainAccuracy" datatype="5" valuetype="1" ModelId="9">93.86</value><value key="TrainAccuracy" datatype="5" valuetype="1" ModelId="10">95.4</value><value key="TrainAccuracy" datatype="5" valuetype="1" ModelId="11">95.65</value><value key="TrainAccuracy" datatype="5" valuetype="1" ModelId="12">95.91</value><value key="TrainAccuracy" datatype="5" valuetype="1" ModelId="13">96.16</value><value key="TrainAccuracy" datatype="5" valuetype="1" ModelId="14">96.68</value><value key="TrainAccuracy" datatype="5" valuetype="1" ModelId="15">97.19</value><value key="TrainAccuracy" datatype="5" valuetype="1" ModelId="16">97.44</value><value key="TrainAccuracy" datatype="5" valuetype="1" ModelId="17">97.7</value><value key="TestFitness" datatype="5" valuetype="1" ModelId="1">633.333333333333</value><value key="TestFitness" datatype="5" valuetype="1" ModelId="2">633.333333333333</value><value key="TestFitness" datatype="5" valuetype="1" ModelId="3">633.333333333333</value><value key="TestFitness" datatype="5" valuetype="1" ModelId="4">757.575757575758</value><value key="TestFitness" datatype="5" valuetype="1" ModelId="5">757.575757575758</value><value key="TestFitness" datatype="5" valuetype="1" ModelId="6">757.575757575758</value><value key="TestFitness" datatype="5" valuetype="1" ModelId="7">872.340425531915</value><value key="TestFitness" datatype="5" valuetype="1" ModelId="8">955.555555555556</value><value key="TestFitness" datatype="5" valuetype="1" ModelId="9">872.340425531915</value><value key="TestFitness" datatype="5" valuetype="1" ModelId="10">955.555555555556</value><value key="TestFitness" datatype="5" valuetype="1" ModelId="11">955.555555555556</value><value key="TestFitness" datatype="5" valuetype="1" ModelId="12">955.555555555556</value><value key="TestFitness" datatype="5" valuetype="1" ModelId="13">1000</value><value key="TestFitness" datatype="5" valuetype="1" ModelId="14">955.555555555556</value><value key="TestFitness" datatype="5" valuetype="1" ModelId="15">955.555555555556</value><value key="TestFitness" datatype="5" valuetype="1" ModelId="16">955.555555555556</value><value key="TestFitness" datatype="5" valuetype="1" ModelId="17">1000</value><value key="TestAccuracy" datatype="5" valuetype="1" ModelId="1">86.36</value><value key="TestAccuracy" datatype="5" valuetype="1" ModelId="2">86.36</value><value key="TestAccuracy" datatype="5" valuetype="1" ModelId="3">86.36</value><value key="TestAccuracy" datatype="5" valuetype="1" ModelId="4">90.91</value><value key="TestAccuracy" datatype="5" valuetype="1" ModelId="5">90.91</value><value key="TestAccuracy" datatype="5" valuetype="1" ModelId="6">90.91</value><value key="TestAccuracy" datatype="5" valuetype="1" ModelId="7">93.18</value><value key="TestAccuracy" datatype="5" valuetype="1" ModelId="8">97.73</value><value key="TestAccuracy" datatype="5" valuetype="1" ModelId="9">93.18</value><value key="TestAccuracy" datatype="5" valuetype="1" ModelId="10">97.73</value><value key="TestAccuracy" datatype="5" valuetype="1" ModelId="11">97.73</value><value key="TestAccuracy" datatype="5" valuetype="1" ModelId="12">97.73</value><value key="TestAccuracy" datatype="5" valuetype="1" ModelId="13">100</value><value key="TestAccuracy" datatype="5" valuetype="1" ModelId="14">97.73</value><value key="TestAccuracy" datatype="5" valuetype="1" ModelId="15">97.73</value><value key="TestAccuracy" datatype="5" valuetype="1" ModelId="16">97.73</value><value key="TestAccuracy" datatype="5" valuetype="1" ModelId="17">100</value><value key="Size" datatype="3" valuetype="1" ModelId="1">17</value><value key="Size" datatype="3" valuetype="1" ModelId="2">17</value><value key="Size" datatype="3" valuetype="1" ModelId="3">17</value><value key="Size" datatype="3" valuetype="1" ModelId="4">10</value><value key="Size" datatype="3" valuetype="1" ModelId="5">10</value><value key="Size" datatype="3" valuetype="1" ModelId="6">10</value><value key="Size" datatype="3" valuetype="1" ModelId="7">10</value><value key="Size" datatype="3" valuetype="1" ModelId="8">10</value><value key="Size" datatype="3" valuetype="1" ModelId="9">10</value><value key="Size" datatype="3" valuetype="1" ModelId="10">14</value><value key="Size" datatype="3" valuetype="1" ModelId="11">14</value><value key="Size" datatype="3" valuetype="1" ModelId="12">13</value><value key="Size" datatype="3" valuetype="1" ModelId="13">15</value><value key="Size" datatype="3" valuetype="1" ModelId="14">14</value><value key="Size" datatype="3" valuetype="1" ModelId="15">15</value><value key="Size" datatype="3" valuetype="1" ModelId="16">14</value><value key="Size" datatype="3" valuetype="1" ModelId="17">14</value><value key="Generation" datatype="5" valuetype="1" ModelId="1">0</value><value key="Generation" datatype="5" valuetype="1" ModelId="2">1</value><value key="Generation" datatype="5" valuetype="1" ModelId="3">3</value><value key="Generation" datatype="5" valuetype="1" ModelId="4">7</value><value key="Generation" datatype="5" valuetype="1" ModelId="5">10</value><value key="Generation" datatype="5" valuetype="1" ModelId="6">74</value><value key="Generation" datatype="5" valuetype="1" ModelId="7">90</value><value key="Generation" datatype="5" valuetype="1" ModelId="8">99</value><value key="Generation" datatype="5" valuetype="1" ModelId="9">100</value><value key="Generation" datatype="5" valuetype="1" ModelId="10">106</value><value key="Generation" datatype="5" valuetype="1" ModelId="11">111</value><value key="Generation" datatype="5" valuetype="1" ModelId="12">122</value><value key="Generation" datatype="5" valuetype="1" ModelId="13">126</value><value key="Generation" datatype="5" valuetype="1" ModelId="14">285</value><value key="Generation" datatype="5" valuetype="1" ModelId="15">363</value><value key="Generation" datatype="5" valuetype="1" ModelId="16">726</value><value key="Generation" datatype="5" valuetype="1" ModelId="17">3282</value><value key="RunIndex" datatype="5" valuetype="1" ModelId="1">1</value><value key="RunIndex" datatype="5" valuetype="1" ModelId="2">1</value><value key="RunIndex" datatype="5" valuetype="1" ModelId="3">1</value><value key="RunIndex" datatype="5" valuetype="1" ModelId="4">1</value><value key="RunIndex" datatype="5" valuetype="1" ModelId="5">1</value><value key="RunIndex" datatype="5" valuetype="1" ModelId="6">1</value><value key="RunIndex" datatype="5" valuetype="1" ModelId="7">1</value><value key="RunIndex" datatype="5" valuetype="1" ModelId="8">1</value><value key="RunIndex" datatype="5" valuetype="1" ModelId="9">1</value><value key="RunIndex" datatype="5" valuetype="1" ModelId="10">1</value><value key="RunIndex" datatype="5" valuetype="1" ModelId="11">1</value><value key="RunIndex" datatype="5" valuetype="1" ModelId="12">1</value><value key="RunIndex" datatype="5" valuetype="1" ModelId="13">1</value><value key="RunIndex" datatype="5" valuetype="1" ModelId="14">1</value><value key="RunIndex" datatype="5" valuetype="1" ModelId="15">1</value><value key="RunIndex" datatype="5" valuetype="1" ModelId="16">1</value><value key="RunIndex" datatype="5" valuetype="1" ModelId="17">1</value><value key="Literals" datatype="3" valuetype="-1" ModelId="1">8</value><value key="Variables" datatype="8" valuetype="-1" ModelId="1">handicapped-infants_n_min(1), water-project-cost-sharing_n_min(1), adoption-of-the-budget-resolution_n_min(1), immigration_n_min(1), synfuels-corporation-cutback_u_min(1), duty-free-exports_y_min(1), adoption-of-the-budget-resolution_n_max(1), aid-to-nicaraguan-contras_n_max(1)</value><value key="Literals" datatype="3" valuetype="-1" ModelId="2">8</value><value key="Variables" datatype="8" valuetype="-1" ModelId="2">handicapped-infants_n_min(1), water-project-cost-sharing_n_min(1), adoption-of-the-budget-resolution_n_min(1), immigration_n_min(1), synfuels-corporation-cutback_u_min(1), duty-free-exports_y_min(1), adoption-of-the-budget-resolution_n_max(1), aid-to-nicaraguan-contras_n_max(1)</value><value key="Literals" datatype="3" valuetype="-1" ModelId="3">8</value><value key="Variables" datatype="8" valuetype="-1" ModelId="3">handicapped-infants_n_min(1), water-project-cost-sharing_n_min(1), adoption-of-the-budget-resolution_n_min(1), immigration_n_min(1), synfuels-corporation-cutback_u_min(1), duty-free-exports_y_min(1), adoption-of-the-budget-resolution_n_max(1), aid-to-nicaraguan-contras_n_max(1)</value><value key="Literals" datatype="3" valuetype="-1" ModelId="4">8</value><value key="Variables" datatype="8" valuetype="-1" ModelId="4">water-project-cost-sharing_n_min(1), mx-missile_y_min(1), synfuels-corporation-cutback_u_min(1), duty-free-exports_y_min(1), adoption-of-the-budget-resolution_n_max(1), synfuels-corporation-cutback_n_max(1), crime_u_max(1), crime_y_max(1)</value><value key="Literals" datatype="3" valuetype="-1" ModelId="5">7</value><value key="Variables" datatype="8" valuetype="-1" ModelId="5">water-project-cost-sharing_n_min(1), mx-missile_y_min(1), duty-free-exports_y_min(1), adoption-of-the-budget-resolution_n_max(1), synfuels-corporation-cutback_n_max(1), crime_u_max(1), crime_y_max(1)</value><value key="Literals" datatype="3" valuetype="-1" ModelId="6">6</value><value key="Variables" datatype="8" valuetype="-1" ModelId="6">mx-missile_y_min(1), duty-free-exports_y_min(1), adoption-of-the-budget-resolution_n_max(1), synfuels-corporation-cutback_n_max(1), crime_u_max(1), crime_y_max(1)</value><value key="Literals" datatype="3" valuetype="-1" ModelId="7">6</value><value key="Variables" datatype="8" valuetype="-1" ModelId="7">physician-fee-freeze_n_min(1), mx-missile_y_min(1), education-spending_y_min(1), duty-free-exports_y_min(1), adoption-of-the-budget-resolution_n_max(1), synfuels-corporation-cutback_n_max(1)</value><value key="Literals" datatype="3" valuetype="-1" ModelId="8">6</value><value key="Variables" datatype="8" valuetype="-1" ModelId="8">adoption-of-the-budget-resolution_n_min(1), physician-fee-freeze_n_min(1), mx-missile_y_min(1), education-spending_y_min(1), adoption-of-the-budget-resolution_n_max(1), synfuels-corporation-cutback_n_max(1)</value><value key="Literals" datatype="3" valuetype="-1" ModelId="9">5</value><value key="Variables" datatype="8" valuetype="-1" ModelId="9">physician-fee-freeze_n_min(1), mx-missile_y_min(1), education-spending_y_min(1), adoption-of-the-budget-resolution_n_max(1), synfuels-corporation-cutback_n_max(1)</value><value key="Literals" datatype="3" valuetype="-1" ModelId="10">7</value><value key="Variables" datatype="8" valuetype="-1" ModelId="10">physician-fee-freeze_n_min(2), mx-missile_y_min(1), education-spending_y_min(1), duty-free-exports_y_min(1), adoption-of-the-budget-resolution_n_max(1), synfuels-corporation-cutback_n_max(1)</value><value key="Literals" datatype="3" valuetype="-1" ModelId="11">8</value><value key="Variables" datatype="8" valuetype="-1" ModelId="11">physician-fee-freeze_n_min(2), mx-missile_y_min(1), education-spending_y_min(1), duty-free-exports_y_min(2), adoption-of-the-budget-resolution_n_max(1), synfuels-corporation-cutback_n_max(1)</value><value key="Literals" datatype="3" valuetype="-1" ModelId="12">6</value><value key="Variables" datatype="8" valuetype="-1" ModelId="12">physician-fee-freeze_n_min(2), mx-missile_y_min(1), education-spending_y_min(1), adoption-of-the-budget-resolution_n_max(1), synfuels-corporation-cutback_n_max(1)</value><value key="Literals" datatype="3" valuetype="-1" ModelId="13">7</value><value key="Variables" datatype="8" valuetype="-1" ModelId="13">physician-fee-freeze_n_min(3), mx-missile_y_min(1), synfuels-corporation-cutback_y_min(1), education-spending_y_min(1), adoption-of-the-budget-resolution_n_max(1)</value><value key="Literals" datatype="3" valuetype="-1" ModelId="14">5</value><value key="Variables" datatype="8" valuetype="-1" ModelId="14">physician-fee-freeze_n_min(2), mx-missile_y_min(1), synfuels-corporation-cutback_y_min(1), adoption-of-the-budget-resolution_n_max(1)</value><value key="Literals" datatype="3" valuetype="-1" ModelId="15">8</value><value key="Variables" datatype="8" valuetype="-1" ModelId="15">physician-fee-freeze_n_min(4), mx-missile_y_min(1), synfuels-corporation-cutback_y_min(1), adoption-of-the-budget-resolution_n_max(1), anti-satellite-test-ban_y_max(1)</value><value key="Literals" datatype="3" valuetype="-1" ModelId="16">9</value><value key="Variables" datatype="8" valuetype="-1" ModelId="16">adoption-of-the-budget-resolution_u_min(1), physician-fee-freeze_n_min(3), mx-missile_y_min(1), immigration_u_min(1), synfuels-corporation-cutback_y_min(1), adoption-of-the-budget-resolution_n_max(1), anti-satellite-test-ban_y_max(1)</value><value key="Literals" datatype="3" valuetype="-1" ModelId="17">9</value><value key="Variables" datatype="8" valuetype="-1" ModelId="17">physician-fee-freeze_n_min(3), mx-missile_y_min(1), synfuels-corporation-cutback_u_min(1), synfuels-corporation-cutback_y_min(1), education-spending_n_min(1), adoption-of-the-budget-resolution_n_max(1), anti-satellite-test-ban_y_max(1)</value><value key="VariableImportance" datatype="8" valuetype="-1" ModelId="17">physician-fee-freeze_n_min(0.75706471984219), mx-missile_y_min(4.69229552070289E-02), synfuels-corporation-cutback_u_min(4.51822247565439E-03), synfuels-corporation-cutback_y_min(0.094192338743669), education-spending_n_min(0.02369907946961), adoption-of-the-budget-resolution_n_max(6.95571873502824E-02), anti-satellite-test-ban_y_max(4.04549691156518E-03)</value></run></report>
