<summary><value key="AverageTrainFitness" datatype="5" valuetype="4">955</value><value key="AverageTrainRSQuare" datatype="5" valuetype="4">0.822763471491898</value><value key="AverageTrainAccuracy" datatype="5" valuetype="4">97.7</value><value key="MaxTrainFitness" datatype="5" valuetype="4">1000</value><value key="MaxTestFitness" datatype="5" valuetype="4">1000</value><value key="TrainSuccessCount" datatype="3" valuetype="4">0</value><value key="TrainSuccessRate" datatype="5" valuetype="4">0</value><value key="BestTrainFitness" datatype="5" valuetype="4">955</value><value key="BestTrainFitnessRun" datatype="3" valuetype="4">1</value><value key="BestTrainFitnessHistory" datatype="3" valuetype="4">1</value><value key="BestTrainFitnessModelId" datatype="3" valuetype="4">17</value><value key="BestTrainFitnessModelSize" datatype="3" valuetype="4">14</value><value key="BestTrainFitnessModelLiterals" datatype="3" valuetype="4">9</value><value key="BestTrainFitnessModelTerminals" datatype="8" valuetype="4">physician-fee-freeze_n_min(3), mx-missile_y_min(1), synfuels-corporation-cutback_u_min(1), synfuels-corporation-cutback_y_min(1), education-spending_n_min(1), adoption-of-the-budget-resolution_n_max(1), anti-satellite-test-ban_y_max(1)</value><value key="BestTrainFitnessModelVariableImportance" datatype="8" valuetype="4">physician-fee-freeze_n_min(0.727595609913609), mx-missile_y_min(0.060806166536468), synfuels-corporation-cutback_u_min(2.24622897612273E-04), synfuels-corporation-cutback_y_min(0.113383384453241), education-spending_n_min(1.76746362602119E-02), adoption-of-the-budget-resolution_n_max(7.90494038715183E-02), anti-satellite-test-ban_y_max(1.26617606734014E-03)</value><value key="BestTrainAccuracy" datatype="5" valuetype="4">97.7</value><value key="BestTrainAccuracyRun" datatype="3" valuetype="4">1</value><value key="BestTrainAccuracyHistory" datatype="3" valuetype="4">1</value><value key="BestTrainAccuracyModelId" datatype="3" valuetype="4">17</value><value key="BestTrainAccuracyModelSize" datatype="3" valuetype="4">14</value><value key="BestTrainAccuracyModelLiterals" datatype="3" valuetype="4">9</value><value key="BestTrainAccuracyModelTerminals" datatype="8" valuetype="4">physician-fee-freeze_n_min(3), mx-missile_y_min(1), synfuels-corporation-cutback_u_min(1), synfuels-corporation-cutback_y_min(1), education-spending_n_min(1), adoption-of-the-budget-resolution_n_max(1), anti-satellite-test-ban_y_max(1)</value><value key="BestTrainAccuracyModelVariableImportance" datatype="8" valuetype="4">physician-fee-freeze_n_min(0.727595609913609), mx-missile_y_min(0.060806166536468), synfuels-corporation-cutback_u_min(2.24622897612273E-04), synfuels-corporation-cutback_y_min(0.113383384453241), education-spending_n_min(1.76746362602119E-02), adoption-of-the-budget-resolution_n_max(7.90494038715183E-02), anti-satellite-test-ban_y_max(1.26617606734014E-03)</value><value key="BestTrainRSQuare" datatype="5" valuetype="4">0.822763471491898</value><value key="BestTrainRSQuareRun" datatype="3" valuetype="4">1</value><value key="BestTrainRSQuareHistory" datatype="3" valuetype="4">1</value><value key="BestTrainRSQuareModelId" datatype="3" valuetype="4">17</value><value key="BestTrainRSQuareModelSize" datatype="3" valuetype="4">14</value><value key="BestTrainRSQuareModelLiterals" datatype="3" valuetype="4">9</value><value key="BestTrainRSQuareModelTerminals" datatype="8" valuetype="4">physician-fee-freeze_n_min(3), mx-missile_y_min(1), synfuels-corporation-cutback_u_min(1), synfuels-corporation-cutback_y_min(1), education-spending_n_min(1), adoption-of-the-budget-resolution_n_max(1), anti-satellite-test-ban_y_max(1)</value><value key="BestTrainRSQuareModelVariableImportance" datatype="8" valuetype="4">physician-fee-freeze_n_min(0.727595609913609), mx-missile_y_min(0.060806166536468), synfuels-corporation-cutback_u_min(2.24622897612273E-04), synfuels-corporation-cutback_y_min(0.113383384453241), education-spending_n_min(1.76746362602119E-02), adoption-of-the-budget-resolution_n_max(7.90494038715183E-02), anti-satellite-test-ban_y_max(1.26617606734014E-03)</value><value key="TestSuccessCount" datatype="3" valuetype="4">1</value><value key="TestSuccessRate" datatype="5" valuetype="4">100</value><value key="AverageTestFitness" datatype="5" valuetype="4">1000</value><value key="AverageTestRSQuare" datatype="5" valuetype="4">0.891130337539033</value><value key="AverageTestAccuracy" datatype="5" valuetype="4">100</value><value key="BestTestFitness" datatype="5" valuetype="4">1000</value><value key="BestTestFitnessRun" datatype="3" valuetype="4">1</value><value key="BestTestFitnessHistory" datatype="3" valuetype="4">1</value><value key="BestTestFitnessModelId" datatype="3" valuetype="4">17</value><value key="BestTestFitnessModelSize" datatype="3" valuetype="4">14</value><value key="BestTestFitnessModelLiterals" datatype="3" valuetype="4">9</value><value key="BestTestFitnessModelTerminals" datatype="8" valuetype="4">physician-fee-freeze_n_min(3), mx-missile_y_min(1), synfuels-corporation-cutback_u_min(1), synfuels-corporation-cutback_y_min(1), education-spending_n_min(1), adoption-of-the-budget-resolution_n_max(1), anti-satellite-test-ban_y_max(1)</value><value key="BestTestFitnessModelVariableImportance" datatype="8" valuetype="4">physician-fee-freeze_n_min(0.709892830752327), mx-missile_y_min(3.92664486154718E-02), synfuels-corporation-cutback_u_min(5.74114640301869E-02), synfuels-corporation-cutback_y_min(5.23302954767245E-02), education-spending_n_min(3.79031870220066E-02), adoption-of-the-budget-resolution_n_max(2.11140252977414E-02), anti-satellite-test-ban_y_max(8.20817488055422E-02)</value><value key="BestTestAccuracy" datatype="5" valuetype="4">100</value><value key="BestTestAccuracyRun" datatype="3" valuetype="4">1</value><value key="BestTestAccuracyHistory" datatype="3" valuetype="4">1</value><value key="BestTestAccuracyModelId" datatype="3" valuetype="4">17</value><value key="BestTestAccuracyModelSize" datatype="3" valuetype="4">14</value><value key="BestTestAccuracyModelLiterals" datatype="3" valuetype="4">9</value><value key="BestTestAccuracyModelTerminals" datatype="8" valuetype="4">physician-fee-freeze_n_min(3), mx-missile_y_min(1), synfuels-corporation-cutback_u_min(1), synfuels-corporation-cutback_y_min(1), education-spending_n_min(1), adoption-of-the-budget-resolution_n_max(1), anti-satellite-test-ban_y_max(1)</value><value key="BestTestAccuracyModelVariableImportance" datatype="8" valuetype="4">physician-fee-freeze_n_min(0.709892830752327), mx-missile_y_min(3.92664486154718E-02), synfuels-corporation-cutback_u_min(5.74114640301869E-02), synfuels-corporation-cutback_y_min(5.23302954767245E-02), education-spending_n_min(3.79031870220066E-02), adoption-of-the-budget-resolution_n_max(2.11140252977414E-02), anti-satellite-test-ban_y_max(8.20817488055422E-02)</value><value key="BestTestRSQuare" datatype="5" valuetype="4">0.891130337539033</value><value key="BestTestRSQuareRun" datatype="3" valuetype="4">1</value><value key="BestTestRSQuareHistory" datatype="3" valuetype="4">1</value><value key="BestTestRSQuareModelId" datatype="3" valuetype="4">17</value><value key="BestTestRSQuareModelSize" datatype="3" valuetype="4">14</value><value key="BestTestRSQuareModelLiterals" datatype="3" valuetype="4">9</value><value key="BestTestRSQuareModelTerminals" datatype="8" valuetype="4">physician-fee-freeze_n_min(3), mx-missile_y_min(1), synfuels-corporation-cutback_u_min(1), synfuels-corporation-cutback_y_min(1), education-spending_n_min(1), adoption-of-the-budget-resolution_n_max(1), anti-satellite-test-ban_y_max(1)</value><value key="BestTestRSQuareModelVariableImportance" datatype="8" valuetype="4">physician-fee-freeze_n_min(0.709892830752327), mx-missile_y_min(3.92664486154718E-02), synfuels-corporation-cutback_u_min(5.74114640301869E-02), synfuels-corporation-cutback_y_min(5.23302954767245E-02), education-spending_n_min(3.79031870220066E-02), adoption-of-the-budget-resolution_n_max(2.11140252977414E-02), anti-satellite-test-ban_y_max(8.20817488055422E-02)</value><value key="DefinitionFile" datatype="8" valuetype="4">../vote_1_6_3_jobdef.xml</value></summary>
