<report id="0"><run id="1" name="vote_template_classification_000001.gep"><value key="HasTestingSet" datatype="3" valuetype="0">1</value><value key="TrainFitness" datatype="5" valuetype="1" ModelId="1">570.498543772486</value><value key="TrainFitness" datatype="5" valuetype="1" ModelId="2">692.055692055692</value><value key="TrainFitness" datatype="5" valuetype="1" ModelId="3">702.947845804989</value><value key="TrainFitness" datatype="5" valuetype="1" ModelId="4">907.317073170732</value><value key="TrainFitness" datatype="5" valuetype="1" ModelId="5">916.666666666667</value><value key="TrainAccuracy" datatype="5" valuetype="1" ModelId="1">85.17</value><value key="TrainAccuracy" datatype="5" valuetype="1" ModelId="2">86.45</value><value key="TrainAccuracy" datatype="5" valuetype="1" ModelId="3">87.21</value><value key="TrainAccuracy" datatype="5" valuetype="1" ModelId="4">95.14</value><value key="TrainAccuracy" datatype="5" valuetype="1" ModelId="5">95.65</value><value key="TestFitness" datatype="5" valuetype="1" ModelId="1">461.538461538461</value><value key="TestFitness" datatype="5" valuetype="1" ModelId="2">663.265306122449</value><value key="TestFitness" datatype="5" valuetype="1" ModelId="3">663.265306122449</value><value key="TestFitness" datatype="5" valuetype="1" ModelId="4">1000</value><value key="TestFitness" datatype="5" valuetype="1" ModelId="5">955.555555555556</value><value key="TestAccuracy" datatype="5" valuetype="1" ModelId="1">81.82</value><value key="TestAccuracy" datatype="5" valuetype="1" ModelId="2">88.64</value><value key="TestAccuracy" datatype="5" valuetype="1" ModelId="3">88.64</value><value key="TestAccuracy" datatype="5" valuetype="1" ModelId="4">100</value><value key="TestAccuracy" datatype="5" valuetype="1" ModelId="5">97.73</value><value key="Size" datatype="3" valuetype="1" ModelId="1">7</value><value key="Size" datatype="3" valuetype="1" ModelId="2">7</value><value key="Size" datatype="3" valuetype="1" ModelId="3">7</value><value key="Size" datatype="3" valuetype="1" ModelId="4">5</value><value key="Size" datatype="3" valuetype="1" ModelId="5">7</value><value key="Generation" datatype="5" valuetype="1" ModelId="1">0</value><value key="Generation" datatype="5" valuetype="1" ModelId="2">2</value><value key="Generation" datatype="5" valuetype="1" ModelId="3">3</value><value key="Generation" datatype="5" valuetype="1" ModelId="4">5</value><value key="Generation" datatype="5" valuetype="1" ModelId="5">1339</value><value key="RunIndex" datatype="5" valuetype="1" ModelId="1">1</value><value key="RunIndex" datatype="5" valuetype="1" ModelId="2">1</value><value key="RunIndex" datatype="5" valuetype="1" ModelId="3">1</value><value key="RunIndex" datatype="5" valuetype="1" ModelId="4">1</value><value key="RunIndex" datatype="5" valuetype="1" ModelId="5">1</value><value key="Literals" datatype="3" valuetype="-1" ModelId="1">2</value><value key="Variables" datatype="8" valuetype="-1" ModelId="1">handicapped-infants_y_min(1), adoption-of-the-budget-resolution_y_min(1)</value><value key="Literals" datatype="3" valuetype="-1" ModelId="2">2</value><value key="Variables" datatype="8" valuetype="-1" ModelId="2">adoption-of-the-budget-resolution_y_min(1), mx-missile_u_min(1)</value><value key="Literals" datatype="3" valuetype="-1" ModelId="3">2</value><value key="Variables" datatype="8" valuetype="-1" ModelId="3">handicapped-infants_u_min(1), adoption-of-the-budget-resolution_y_min(1)</value><value key="Literals" datatype="3" valuetype="-1" ModelId="4">3</value><value key="Variables" datatype="8" valuetype="-1" ModelId="4">physician-fee-freeze_y_max(2), aid-to-nicaraguan-contras_u_max(1)</value><value key="Literals" datatype="3" valuetype="-1" ModelId="5">3</value><value key="Variables" datatype="8" valuetype="-1" ModelId="5">anti-satellite-test-ban_u_min(1), physician-fee-freeze_y_max(1), education-spending_u_max(1)</value><value key="VariableImportance" datatype="8" valuetype="-1" ModelId="5">anti-satellite-test-ban_u_min(2.2911078383255E-03), physician-fee-freeze_y_max(0.964714903804399), education-spending_u_max(3.29939883572759E-02)</value></run></report>
