<log created='11/30/2019 13:33:26' name='vote_template_classification_000001'>
<item created='11/30/2019 13:33:26' severity='0'>Processing run 1...</item>
<item created='11/30/2019 13:33:26' severity='0'>Applied setting Genes (3)</item>
<item created='11/30/2019 13:33:26' severity='0'>Applied setting HeadSize (1)</item>
<item created='11/30/2019 13:33:26' severity='0'>Applied setting FitnessFunction (11)</item>
<item created='11/30/2019 13:33:26' severity='0'>Applied setting RoundingThreshold (0.5)</item>
<item created='11/30/2019 13:33:26' severity='0'>Changed function * to weight 2.</item>
<item created='11/30/2019 13:33:26' severity='0'>Loading data from file vote_TRAIN_fold_5.csv ...</item>
<item created='11/30/2019 13:33:27' severity='0'>Loading data from file vote_TEST_fold_5.csv ...</item>
<item created='11/30/2019 13:33:28' severity='0'>Loading run file... vote_1_3_5\vote_template_classification_000001.gep</item>
<item created='11/30/2019 13:33:28' severity='0'>Initializing run...</item>
<item created='11/30/2019 13:33:28' severity='0'>Training Set size: 391</item>
<item created='11/30/2019 13:33:28' severity='0'>Dataset loaded.</item>
<item created='11/30/2019 13:33:28' severity='0'>Starting...</item>
<item created='11/30/2019 13:33:28' severity='0'>Generation: 0 (570.498543772486, 85.17% (333))</item>
<item created='11/30/2019 13:33:30' severity='0'>Generation: 900 (907.317073170732, 95.14% (372))</item>
<item created='11/30/2019 13:33:32' severity='0'>Generation: 1991 (916.666666666667, 95.65% (374))</item>
<item created='11/30/2019 13:33:34' severity='0'>Generation: 3002 (916.666666666667, 95.65% (374))</item>
<item created='11/30/2019 13:33:36' severity='0'>Generation: 4056 (916.666666666667, 95.65% (374))</item>
<item created='11/30/2019 13:33:38' severity='0'>Generation: 5294 (916.666666666667, 95.65% (374))</item>
<item created='11/30/2019 13:33:40' severity='0'>Generation: 6606 (916.666666666667, 95.65% (374))</item>
<item created='11/30/2019 13:33:42' severity='0'>Generation: 7962 (916.666666666667, 95.65% (374))</item>
<item created='11/30/2019 13:33:44' severity='0'>Generation: 9368 (916.666666666667, 95.65% (374))</item>
<item created='11/30/2019 13:33:46' severity='0'>Generation: 10712 (916.666666666667, 95.65% (374))</item>
<item created='11/30/2019 13:33:48' severity='0'>Generation: 12104 (916.666666666667, 95.65% (374))</item>
<item created='11/30/2019 13:33:50' severity='0'>Generation: 13500 (916.666666666667, 95.65% (374))</item>
<item created='11/30/2019 13:33:52' severity='0'>Generation: 14810 (916.666666666667, 95.65% (374))</item>
<item created='11/30/2019 13:33:54' severity='0'>Generation: 16172 (916.666666666667, 95.65% (374))</item>
<item created='11/30/2019 13:33:56' severity='0'>Generation: 17526 (916.666666666667, 95.65% (374))</item>
<item created='11/30/2019 13:33:58' severity='0'>Generation: 18887 (916.666666666667, 95.65% (374))</item>
<item created='11/30/2019 13:33:59' severity='0'>Finished run.</item>
<item created='11/30/2019 13:33:59' severity='0'>Models created: 5</item>
<item created='11/30/2019 13:33:59' severity='0'>Models: 5</item>
<item created='11/30/2019 13:33:59' severity='0'>Last Model: 5</item>
<item created='11/30/2019 13:33:59' severity='0'>Generation: 1339</item>
<item created='11/30/2019 13:33:59' severity='0'>Training Fitness: 916.666666666667</item>
<item created='11/30/2019 13:33:59' severity='0'>Training Accuracy: 95.65%</item>
<item created='11/30/2019 13:33:59' severity='0'>Success</item>
<item created='11/30/2019 13:33:59' severity='0'>Loading run file... vote_1_3_5\vote_template_classification_000001.gep</item>
<item created='11/30/2019 13:34:00' severity='0'>Initializing tests for all models...</item>
<item created='11/30/2019 13:34:00' severity='0'>Testing model 1 on the Validation Set with 44 records..............</item>
<item created='11/30/2019 13:34:00' severity='0'>Testing model 2 on the Validation Set with 44 records..............</item>
<item created='11/30/2019 13:34:00' severity='0'>Testing model 3 on the Validation Set with 44 records..............</item>
<item created='11/30/2019 13:34:00' severity='0'>Testing model 4 on the Validation Set with 44 records..............</item>
<item created='11/30/2019 13:34:00' severity='0'>Testing model 5 on the Validation Set with 44 records..............</item>
<item created='11/30/2019 13:34:00' severity='0'>Success</item>
</log>
