<report id="0"><run id="1" name="vote_template_classification_000001.gep"><value key="HasTestingSet" datatype="3" valuetype="0">1</value><value key="TrainFitness" datatype="5" valuetype="1" ModelId="1">674.22555173112</value><value key="TrainFitness" datatype="5" valuetype="1" ModelId="2">779.529259339236</value><value key="TrainFitness" datatype="5" valuetype="1" ModelId="3">898.058252427184</value><value key="TrainFitness" datatype="5" valuetype="1" ModelId="4">911.980440097799</value><value key="TrainFitness" datatype="5" valuetype="1" ModelId="5">916.666666666667</value><value key="TrainFitness" datatype="5" valuetype="1" ModelId="6">921.375921375921</value><value key="TrainFitness" datatype="5" valuetype="1" ModelId="7">930.864197530864</value><value key="TrainFitness" datatype="5" valuetype="1" ModelId="8">935.643564356436</value><value key="TrainFitness" datatype="5" valuetype="1" ModelId="9">940.446650124069</value><value key="TrainFitness" datatype="5" valuetype="1" ModelId="10">945.273631840796</value><value key="TrainFitness" datatype="5" valuetype="1" ModelId="11">950.124688279302</value><value key="TrainFitness" datatype="5" valuetype="1" ModelId="12">955</value><value key="TrainAccuracy" datatype="5" valuetype="1" ModelId="1">85.17</value><value key="TrainAccuracy" datatype="5" valuetype="1" ModelId="2">92.33</value><value key="TrainAccuracy" datatype="5" valuetype="1" ModelId="3">94.63</value><value key="TrainAccuracy" datatype="5" valuetype="1" ModelId="4">95.4</value><value key="TrainAccuracy" datatype="5" valuetype="1" ModelId="5">95.65</value><value key="TrainAccuracy" datatype="5" valuetype="1" ModelId="6">95.91</value><value key="TrainAccuracy" datatype="5" valuetype="1" ModelId="7">96.42</value><value key="TrainAccuracy" datatype="5" valuetype="1" ModelId="8">96.68</value><value key="TrainAccuracy" datatype="5" valuetype="1" ModelId="9">96.93</value><value key="TrainAccuracy" datatype="5" valuetype="1" ModelId="10">97.19</value><value key="TrainAccuracy" datatype="5" valuetype="1" ModelId="11">97.44</value><value key="TrainAccuracy" datatype="5" valuetype="1" ModelId="12">97.7</value><value key="TestFitness" datatype="5" valuetype="1" ModelId="1">576.923076923077</value><value key="TestFitness" datatype="5" valuetype="1" ModelId="2">757.575757575758</value><value key="TestFitness" datatype="5" valuetype="1" ModelId="3">757.575757575758</value><value key="TestFitness" datatype="5" valuetype="1" ModelId="4">913.04347826087</value><value key="TestFitness" datatype="5" valuetype="1" ModelId="5">913.04347826087</value><value key="TestFitness" datatype="5" valuetype="1" ModelId="6">913.04347826087</value><value key="TestFitness" datatype="5" valuetype="1" ModelId="7">913.04347826087</value><value key="TestFitness" datatype="5" valuetype="1" ModelId="8">955.555555555556</value><value key="TestFitness" datatype="5" valuetype="1" ModelId="9">913.04347826087</value><value key="TestFitness" datatype="5" valuetype="1" ModelId="10">913.04347826087</value><value key="TestFitness" datatype="5" valuetype="1" ModelId="11">913.04347826087</value><value key="TestFitness" datatype="5" valuetype="1" ModelId="12">913.04347826087</value><value key="TestAccuracy" datatype="5" valuetype="1" ModelId="1">81.82</value><value key="TestAccuracy" datatype="5" valuetype="1" ModelId="2">90.91</value><value key="TestAccuracy" datatype="5" valuetype="1" ModelId="3">90.91</value><value key="TestAccuracy" datatype="5" valuetype="1" ModelId="4">95.45</value><value key="TestAccuracy" datatype="5" valuetype="1" ModelId="5">95.45</value><value key="TestAccuracy" datatype="5" valuetype="1" ModelId="6">95.45</value><value key="TestAccuracy" datatype="5" valuetype="1" ModelId="7">95.45</value><value key="TestAccuracy" datatype="5" valuetype="1" ModelId="8">97.73</value><value key="TestAccuracy" datatype="5" valuetype="1" ModelId="9">95.45</value><value key="TestAccuracy" datatype="5" valuetype="1" ModelId="10">95.45</value><value key="TestAccuracy" datatype="5" valuetype="1" ModelId="11">95.45</value><value key="TestAccuracy" datatype="5" valuetype="1" ModelId="12">95.45</value><value key="Size" datatype="3" valuetype="1" ModelId="1">14</value><value key="Size" datatype="3" valuetype="1" ModelId="2">15</value><value key="Size" datatype="3" valuetype="1" ModelId="3">15</value><value key="Size" datatype="3" valuetype="1" ModelId="4">15</value><value key="Size" datatype="3" valuetype="1" ModelId="5">15</value><value key="Size" datatype="3" valuetype="1" ModelId="6">15</value><value key="Size" datatype="3" valuetype="1" ModelId="7">15</value><value key="Size" datatype="3" valuetype="1" ModelId="8">15</value><value key="Size" datatype="3" valuetype="1" ModelId="9">12</value><value key="Size" datatype="3" valuetype="1" ModelId="10">12</value><value key="Size" datatype="3" valuetype="1" ModelId="11">15</value><value key="Size" datatype="3" valuetype="1" ModelId="12">15</value><value key="Generation" datatype="5" valuetype="1" ModelId="1">0</value><value key="Generation" datatype="5" valuetype="1" ModelId="2">3</value><value key="Generation" datatype="5" valuetype="1" ModelId="3">7</value><value key="Generation" datatype="5" valuetype="1" ModelId="4">10</value><value key="Generation" datatype="5" valuetype="1" ModelId="5">16</value><value key="Generation" datatype="5" valuetype="1" ModelId="6">24</value><value key="Generation" datatype="5" valuetype="1" ModelId="7">27</value><value key="Generation" datatype="5" valuetype="1" ModelId="8">44</value><value key="Generation" datatype="5" valuetype="1" ModelId="9">316</value><value key="Generation" datatype="5" valuetype="1" ModelId="10">404</value><value key="Generation" datatype="5" valuetype="1" ModelId="11">4070</value><value key="Generation" datatype="5" valuetype="1" ModelId="12">14825</value><value key="RunIndex" datatype="5" valuetype="1" ModelId="1">1</value><value key="RunIndex" datatype="5" valuetype="1" ModelId="2">1</value><value key="RunIndex" datatype="5" valuetype="1" ModelId="3">1</value><value key="RunIndex" datatype="5" valuetype="1" ModelId="4">1</value><value key="RunIndex" datatype="5" valuetype="1" ModelId="5">1</value><value key="RunIndex" datatype="5" valuetype="1" ModelId="6">1</value><value key="RunIndex" datatype="5" valuetype="1" ModelId="7">1</value><value key="RunIndex" datatype="5" valuetype="1" ModelId="8">1</value><value key="RunIndex" datatype="5" valuetype="1" ModelId="9">1</value><value key="RunIndex" datatype="5" valuetype="1" ModelId="10">1</value><value key="RunIndex" datatype="5" valuetype="1" ModelId="11">1</value><value key="RunIndex" datatype="5" valuetype="1" ModelId="12">1</value><value key="Literals" datatype="3" valuetype="-1" ModelId="1">6</value><value key="Variables" datatype="8" valuetype="-1" ModelId="1">adoption-of-the-budget-resolution_n_min(1), education-spending_n_min(1), physician-fee-freeze_y_max(1), religious-groups-in-schools_y_max(1), aid-to-nicaraguan-contras_n_max(1), duty-free-exports_u_max(1)</value><value key="Literals" datatype="3" valuetype="-1" ModelId="2">8</value><value key="Variables" datatype="8" valuetype="-1" ModelId="2">physician-fee-freeze_n_min(1), synfuels-corporation-cutback_u_min(1), education-spending_n_min(1), adoption-of-the-budget-resolution_n_max(1), physician-fee-freeze_y_max(1), religious-groups-in-schools_y_max(1), synfuels-corporation-cutback_u_max(1), duty-free-exports_u_max(1)</value><value key="Literals" datatype="3" valuetype="-1" ModelId="3">8</value><value key="Variables" datatype="8" valuetype="-1" ModelId="3">physician-fee-freeze_n_min(1), synfuels-corporation-cutback_u_min(1), education-spending_n_min(1), adoption-of-the-budget-resolution_n_max(1), physician-fee-freeze_y_max(1), religious-groups-in-schools_y_max(1), synfuels-corporation-cutback_u_max(1), duty-free-exports_u_max(1)</value><value key="Literals" datatype="3" valuetype="-1" ModelId="4">7</value><value key="Variables" datatype="8" valuetype="-1" ModelId="4">physician-fee-freeze_n_min(1), synfuels-corporation-cutback_u_min(1), education-spending_n_min(1), adoption-of-the-budget-resolution_n_max(1), physician-fee-freeze_y_max(1), synfuels-corporation-cutback_u_max(1), duty-free-exports_u_max(1)</value><value key="Literals" datatype="3" valuetype="-1" ModelId="5">7</value><value key="Variables" datatype="8" valuetype="-1" ModelId="5">physician-fee-freeze_n_min(2), education-spending_n_min(1), adoption-of-the-budget-resolution_n_max(1), physician-fee-freeze_y_max(1), synfuels-corporation-cutback_u_max(1), duty-free-exports_u_max(1)</value><value key="Literals" datatype="3" valuetype="-1" ModelId="6">9</value><value key="Variables" datatype="8" valuetype="-1" ModelId="6">physician-fee-freeze_n_min(2), mx-missile_y_min(1), synfuels-corporation-cutback_u_min(1), education-spending_n_min(1), physician-fee-freeze_y_max(1), religious-groups-in-schools_n_max(1), immigration_u_max(1), duty-free-exports_u_max(1)</value><value key="Literals" datatype="3" valuetype="-1" ModelId="7">8</value><value key="Variables" datatype="8" valuetype="-1" ModelId="7">physician-fee-freeze_n_min(2), mx-missile_y_min(1), synfuels-corporation-cutback_u_min(1), education-spending_n_min(1), physician-fee-freeze_y_max(1), religious-groups-in-schools_n_max(1), immigration_u_max(1)</value><value key="Literals" datatype="3" valuetype="-1" ModelId="8">8</value><value key="Variables" datatype="8" valuetype="-1" ModelId="8">physician-fee-freeze_n_min(1), mx-missile_y_min(1), synfuels-corporation-cutback_u_min(1), synfuels-corporation-cutback_y_min(1), education-spending_n_min(1), physician-fee-freeze_y_max(1), religious-groups-in-schools_n_max(1), immigration_u_max(1)</value><value key="Literals" datatype="3" valuetype="-1" ModelId="9">6</value><value key="Variables" datatype="8" valuetype="-1" ModelId="9">physician-fee-freeze_n_min(1), mx-missile_y_min(1), synfuels-corporation-cutback_y_min(1), physician-fee-freeze_y_max(2), immigration_u_max(1)</value><value key="Literals" datatype="3" valuetype="-1" ModelId="10">6</value><value key="Variables" datatype="8" valuetype="-1" ModelId="10">physician-fee-freeze_n_min(1), mx-missile_y_min(1), synfuels-corporation-cutback_y_min(1), export-administration-act-south-africa_u_min(1), physician-fee-freeze_y_max(1), immigration_u_max(1)</value><value key="Literals" datatype="3" valuetype="-1" ModelId="11">8</value><value key="Variables" datatype="8" valuetype="-1" ModelId="11">mx-missile_y_min(1), synfuels-corporation-cutback_y_min(1), export-administration-act-south-africa_u_min(1), physician-fee-freeze_n_max(1), physician-fee-freeze_y_max(2), anti-satellite-test-ban_u_max(1), duty-free-exports_u_max(1)</value><value key="Literals" datatype="3" valuetype="-1" ModelId="12">9</value><value key="Variables" datatype="8" valuetype="-1" ModelId="12">mx-missile_y_min(1), synfuels-corporation-cutback_y_min(1), export-administration-act-south-africa_u_min(1), physician-fee-freeze_y_max(3), aid-to-nicaraguan-contras_u_max(1), superfund-right-to-sue_u_max(1), duty-free-exports_u_max(1)</value><value key="VariableImportance" datatype="8" valuetype="-1" ModelId="12">mx-missile_y_min(6.12931189646502E-02), synfuels-corporation-cutback_y_min(6.07448100430024E-02), export-administration-act-south-africa_u_min(3.01147125164768E-02), physician-fee-freeze_y_max(0.832888070494627), aid-to-nicaraguan-contras_u_max(8.55438910152577E-03), superfund-right-to-sue_u_max(4.54969086758321E-03), duty-free-exports_u_max(1.85520801213489E-03)</value></run></report>
