<summary><value key="AverageTrainFitness" datatype="5" valuetype="4">955</value><value key="AverageTrainRSQuare" datatype="5" valuetype="4">0.834351323347475</value><value key="AverageTrainAccuracy" datatype="5" valuetype="4">97.7</value><value key="MaxTrainFitness" datatype="5" valuetype="4">1000</value><value key="MaxTestFitness" datatype="5" valuetype="4">1000</value><value key="TrainSuccessCount" datatype="3" valuetype="4">0</value><value key="TrainSuccessRate" datatype="5" valuetype="4">0</value><value key="BestTrainFitness" datatype="5" valuetype="4">955</value><value key="BestTrainFitnessRun" datatype="3" valuetype="4">1</value><value key="BestTrainFitnessHistory" datatype="3" valuetype="4">1</value><value key="BestTrainFitnessModelId" datatype="3" valuetype="4">12</value><value key="BestTrainFitnessModelSize" datatype="3" valuetype="4">15</value><value key="BestTrainFitnessModelLiterals" datatype="3" valuetype="4">9</value><value key="BestTrainFitnessModelTerminals" datatype="8" valuetype="4">mx-missile_y_min(1), synfuels-corporation-cutback_y_min(1), export-administration-act-south-africa_u_min(1), physician-fee-freeze_y_max(3), aid-to-nicaraguan-contras_u_max(1), superfund-right-to-sue_u_max(1), duty-free-exports_u_max(1)</value><value key="BestTrainFitnessModelVariableImportance" datatype="8" valuetype="4">mx-missile_y_min(3.90103817272885E-02), synfuels-corporation-cutback_y_min(9.32078206320209E-02), export-administration-act-south-africa_u_min(2.70665220745869E-02), physician-fee-freeze_y_max(0.822443712393982), aid-to-nicaraguan-contras_u_max(1.00876494880965E-02), superfund-right-to-sue_u_max(2.22402072028306E-03), duty-free-exports_u_max(5.95989296374184E-03)</value><value key="BestTrainAccuracy" datatype="5" valuetype="4">97.7</value><value key="BestTrainAccuracyRun" datatype="3" valuetype="4">1</value><value key="BestTrainAccuracyHistory" datatype="3" valuetype="4">1</value><value key="BestTrainAccuracyModelId" datatype="3" valuetype="4">12</value><value key="BestTrainAccuracyModelSize" datatype="3" valuetype="4">15</value><value key="BestTrainAccuracyModelLiterals" datatype="3" valuetype="4">9</value><value key="BestTrainAccuracyModelTerminals" datatype="8" valuetype="4">mx-missile_y_min(1), synfuels-corporation-cutback_y_min(1), export-administration-act-south-africa_u_min(1), physician-fee-freeze_y_max(3), aid-to-nicaraguan-contras_u_max(1), superfund-right-to-sue_u_max(1), duty-free-exports_u_max(1)</value><value key="BestTrainAccuracyModelVariableImportance" datatype="8" valuetype="4">mx-missile_y_min(3.90103817272885E-02), synfuels-corporation-cutback_y_min(9.32078206320209E-02), export-administration-act-south-africa_u_min(2.70665220745869E-02), physician-fee-freeze_y_max(0.822443712393982), aid-to-nicaraguan-contras_u_max(1.00876494880965E-02), superfund-right-to-sue_u_max(2.22402072028306E-03), duty-free-exports_u_max(5.95989296374184E-03)</value><value key="BestTrainRSQuare" datatype="5" valuetype="4">0.834351323347475</value><value key="BestTrainRSQuareRun" datatype="3" valuetype="4">1</value><value key="BestTrainRSQuareHistory" datatype="3" valuetype="4">1</value><value key="BestTrainRSQuareModelId" datatype="3" valuetype="4">12</value><value key="BestTrainRSQuareModelSize" datatype="3" valuetype="4">15</value><value key="BestTrainRSQuareModelLiterals" datatype="3" valuetype="4">9</value><value key="BestTrainRSQuareModelTerminals" datatype="8" valuetype="4">mx-missile_y_min(1), synfuels-corporation-cutback_y_min(1), export-administration-act-south-africa_u_min(1), physician-fee-freeze_y_max(3), aid-to-nicaraguan-contras_u_max(1), superfund-right-to-sue_u_max(1), duty-free-exports_u_max(1)</value><value key="BestTrainRSQuareModelVariableImportance" datatype="8" valuetype="4">mx-missile_y_min(3.90103817272885E-02), synfuels-corporation-cutback_y_min(9.32078206320209E-02), export-administration-act-south-africa_u_min(2.70665220745869E-02), physician-fee-freeze_y_max(0.822443712393982), aid-to-nicaraguan-contras_u_max(1.00876494880965E-02), superfund-right-to-sue_u_max(2.22402072028306E-03), duty-free-exports_u_max(5.95989296374184E-03)</value><value key="TestSuccessCount" datatype="3" valuetype="4">0</value><value key="TestSuccessRate" datatype="5" valuetype="4">0</value><value key="AverageTestFitness" datatype="5" valuetype="4">913.04347826087</value><value key="AverageTestRSQuare" datatype="5" valuetype="4">0.834556657587037</value><value key="AverageTestAccuracy" datatype="5" valuetype="4">95.45</value><value key="BestTestFitness" datatype="5" valuetype="4">955.555555555556</value><value key="BestTestFitnessRun" datatype="3" valuetype="4">1</value><value key="BestTestFitnessHistory" datatype="3" valuetype="4">1</value><value key="BestTestFitnessModelId" datatype="3" valuetype="4">8</value><value key="BestTestFitnessModelSize" datatype="3" valuetype="4">15</value><value key="BestTestFitnessModelLiterals" datatype="3" valuetype="4">8</value><value key="BestTestFitnessModelTerminals" datatype="8" valuetype="4">physician-fee-freeze_n_min(1), mx-missile_y_min(1), synfuels-corporation-cutback_u_min(1), synfuels-corporation-cutback_y_min(1), education-spending_n_min(1), physician-fee-freeze_y_max(1), religious-groups-in-schools_n_max(1), immigration_u_max(1)</value><value key="BestTestFitnessModelVariableImportance" datatype="8" valuetype="4">physician-fee-freeze_n_min(0.355475202151978), mx-missile_y_min(2.53005840064229E-02), synfuels-corporation-cutback_u_min(1.39368763679456E-02), synfuels-corporation-cutback_y_min(0.18132691995837), education-spending_n_min(0.222943495234109), physician-fee-freeze_y_max(0.17647720625945), religious-groups-in-schools_n_max(1.06028396537786E-02), immigration_u_max(1.39368763679456E-02)</value><value key="BestTestAccuracy" datatype="5" valuetype="4">97.73</value><value key="BestTestAccuracyRun" datatype="3" valuetype="4">1</value><value key="BestTestAccuracyHistory" datatype="3" valuetype="4">1</value><value key="BestTestAccuracyModelId" datatype="3" valuetype="4">8</value><value key="BestTestAccuracyModelSize" datatype="3" valuetype="4">15</value><value key="BestTestAccuracyModelLiterals" datatype="3" valuetype="4">8</value><value key="BestTestAccuracyModelTerminals" datatype="8" valuetype="4">physician-fee-freeze_n_min(1), mx-missile_y_min(1), synfuels-corporation-cutback_u_min(1), synfuels-corporation-cutback_y_min(1), education-spending_n_min(1), physician-fee-freeze_y_max(1), religious-groups-in-schools_n_max(1), immigration_u_max(1)</value><value key="BestTestAccuracyModelVariableImportance" datatype="8" valuetype="4">physician-fee-freeze_n_min(0.355475202151978), mx-missile_y_min(2.53005840064229E-02), synfuels-corporation-cutback_u_min(1.39368763679456E-02), synfuels-corporation-cutback_y_min(0.18132691995837), education-spending_n_min(0.222943495234109), physician-fee-freeze_y_max(0.17647720625945), religious-groups-in-schools_n_max(1.06028396537786E-02), immigration_u_max(1.39368763679456E-02)</value><value key="BestTestRSQuare" datatype="5" valuetype="4">0.794548373180618</value><value key="BestTestRSQuareRun" datatype="3" valuetype="4">1</value><value key="BestTestRSQuareHistory" datatype="3" valuetype="4">1</value><value key="BestTestRSQuareModelId" datatype="3" valuetype="4">8</value><value key="BestTestRSQuareModelSize" datatype="3" valuetype="4">15</value><value key="BestTestRSQuareModelLiterals" datatype="3" valuetype="4">8</value><value key="BestTestRSQuareModelTerminals" datatype="8" valuetype="4">physician-fee-freeze_n_min(1), mx-missile_y_min(1), synfuels-corporation-cutback_u_min(1), synfuels-corporation-cutback_y_min(1), education-spending_n_min(1), physician-fee-freeze_y_max(1), religious-groups-in-schools_n_max(1), immigration_u_max(1)</value><value key="BestTestRSQuareModelVariableImportance" datatype="8" valuetype="4">physician-fee-freeze_n_min(0.355475202151978), mx-missile_y_min(2.53005840064229E-02), synfuels-corporation-cutback_u_min(1.39368763679456E-02), synfuels-corporation-cutback_y_min(0.18132691995837), education-spending_n_min(0.222943495234109), physician-fee-freeze_y_max(0.17647720625945), religious-groups-in-schools_n_max(1.06028396537786E-02), immigration_u_max(1.39368763679456E-02)</value><value key="DefinitionFile" datatype="8" valuetype="4">../vote_1_5_2_jobdef.xml</value></summary>
