<log created='11/30/2019 13:48:21' name='vote_template_classification_000001'>
<item created='11/30/2019 13:48:21' severity='0'>Processing run 1...</item>
<item created='11/30/2019 13:48:21' severity='0'>Applied setting Genes (5)</item>
<item created='11/30/2019 13:48:21' severity='0'>Applied setting HeadSize (1)</item>
<item created='11/30/2019 13:48:21' severity='0'>Applied setting FitnessFunction (11)</item>
<item created='11/30/2019 13:48:21' severity='0'>Applied setting RoundingThreshold (0.5)</item>
<item created='11/30/2019 13:48:21' severity='0'>Changed function * to weight 2.</item>
<item created='11/30/2019 13:48:21' severity='0'>Loading data from file vote_TRAIN_fold_2.csv ...</item>
<item created='11/30/2019 13:48:22' severity='0'>Loading data from file vote_TEST_fold_2.csv ...</item>
<item created='11/30/2019 13:48:23' severity='0'>Loading run file... vote_1_5_2\vote_template_classification_000001.gep</item>
<item created='11/30/2019 13:48:23' severity='0'>Initializing run...</item>
<item created='11/30/2019 13:48:23' severity='0'>Training Set size: 391</item>
<item created='11/30/2019 13:48:23' severity='0'>Dataset loaded.</item>
<item created='11/30/2019 13:48:23' severity='0'>Starting...</item>
<item created='11/30/2019 13:48:23' severity='0'>Generation: 0 (674.22555173112, 85.17% (333))</item>
<item created='11/30/2019 13:48:25' severity='0'>Generation: 502 (945.273631840796, 97.19% (380))</item>
<item created='11/30/2019 13:48:27' severity='0'>Generation: 1090 (945.273631840796, 97.19% (380))</item>
<item created='11/30/2019 13:48:29' severity='0'>Generation: 1694 (945.273631840796, 97.19% (380))</item>
<item created='11/30/2019 13:48:31' severity='0'>Generation: 2326 (945.273631840796, 97.19% (380))</item>
<item created='11/30/2019 13:48:33' severity='0'>Generation: 2981 (945.273631840796, 97.19% (380))</item>
<item created='11/30/2019 13:48:35' severity='0'>Generation: 3626 (945.273631840796, 97.19% (380))</item>
<item created='11/30/2019 13:48:37' severity='0'>Generation: 4245 (950.124688279302, 97.44% (381))</item>
<item created='11/30/2019 13:48:39' severity='0'>Generation: 4869 (950.124688279302, 97.44% (381))</item>
<item created='11/30/2019 13:48:41' severity='0'>Generation: 5481 (950.124688279302, 97.44% (381))</item>
<item created='11/30/2019 13:48:43' severity='0'>Generation: 6112 (950.124688279302, 97.44% (381))</item>
<item created='11/30/2019 13:48:45' severity='0'>Generation: 6723 (950.124688279302, 97.44% (381))</item>
<item created='11/30/2019 13:48:47' severity='0'>Generation: 7343 (950.124688279302, 97.44% (381))</item>
<item created='11/30/2019 13:48:49' severity='0'>Generation: 7954 (950.124688279302, 97.44% (381))</item>
<item created='11/30/2019 13:48:51' severity='0'>Generation: 8584 (950.124688279302, 97.44% (381))</item>
<item created='11/30/2019 13:48:53' severity='0'>Generation: 9197 (950.124688279302, 97.44% (381))</item>
<item created='11/30/2019 13:48:55' severity='0'>Generation: 9794 (950.124688279302, 97.44% (381))</item>
<item created='11/30/2019 13:48:57' severity='0'>Generation: 10388 (950.124688279302, 97.44% (381))</item>
<item created='11/30/2019 13:48:59' severity='0'>Generation: 10995 (950.124688279302, 97.44% (381))</item>
<item created='11/30/2019 13:49:01' severity='0'>Generation: 11563 (950.124688279302, 97.44% (381))</item>
<item created='11/30/2019 13:49:03' severity='0'>Generation: 12164 (950.124688279302, 97.44% (381))</item>
<item created='11/30/2019 13:49:05' severity='0'>Generation: 12763 (950.124688279302, 97.44% (381))</item>
<item created='11/30/2019 13:49:07' severity='0'>Generation: 13375 (950.124688279302, 97.44% (381))</item>
<item created='11/30/2019 13:49:09' severity='0'>Generation: 13969 (950.124688279302, 97.44% (381))</item>
<item created='11/30/2019 13:49:11' severity='0'>Generation: 14600 (950.124688279302, 97.44% (381))</item>
<item created='11/30/2019 13:49:13' severity='0'>Generation: 15192 (955, 97.70% (382))</item>
<item created='11/30/2019 13:49:15' severity='0'>Generation: 15769 (955, 97.70% (382))</item>
<item created='11/30/2019 13:49:17' severity='0'>Generation: 16348 (955, 97.70% (382))</item>
<item created='11/30/2019 13:49:19' severity='0'>Generation: 16972 (955, 97.70% (382))</item>
<item created='11/30/2019 13:49:21' severity='0'>Generation: 17611 (955, 97.70% (382))</item>
<item created='11/30/2019 13:49:23' severity='0'>Generation: 18221 (955, 97.70% (382))</item>
<item created='11/30/2019 13:49:25' severity='0'>Generation: 18846 (955, 97.70% (382))</item>
<item created='11/30/2019 13:49:27' severity='0'>Generation: 19433 (955, 97.70% (382))</item>
<item created='11/30/2019 13:49:28' severity='0'>Finished run.</item>
<item created='11/30/2019 13:49:28' severity='0'>Models created: 12</item>
<item created='11/30/2019 13:49:28' severity='0'>Models: 12</item>
<item created='11/30/2019 13:49:28' severity='0'>Last Model: 12</item>
<item created='11/30/2019 13:49:28' severity='0'>Generation: 14825</item>
<item created='11/30/2019 13:49:28' severity='0'>Training Fitness: 955</item>
<item created='11/30/2019 13:49:28' severity='0'>Training Accuracy: 97.70%</item>
<item created='11/30/2019 13:49:29' severity='0'>Success</item>
<item created='11/30/2019 13:49:29' severity='0'>Loading run file... vote_1_5_2\vote_template_classification_000001.gep</item>
<item created='11/30/2019 13:49:29' severity='0'>Initializing tests for all models...</item>
<item created='11/30/2019 13:49:29' severity='0'>Testing model 1 on the Validation Set with 44 records..............</item>
<item created='11/30/2019 13:49:29' severity='0'>Testing model 2 on the Validation Set with 44 records..............</item>
<item created='11/30/2019 13:49:29' severity='0'>Testing model 3 on the Validation Set with 44 records..............</item>
<item created='11/30/2019 13:49:29' severity='0'>Testing model 4 on the Validation Set with 44 records..............</item>
<item created='11/30/2019 13:49:29' severity='0'>Testing model 5 on the Validation Set with 44 records..............</item>
<item created='11/30/2019 13:49:29' severity='0'>Testing model 6 on the Validation Set with 44 records..............</item>
<item created='11/30/2019 13:49:29' severity='0'>Testing model 7 on the Validation Set with 44 records..............</item>
<item created='11/30/2019 13:49:29' severity='0'>Testing model 8 on the Validation Set with 44 records..............</item>
<item created='11/30/2019 13:49:29' severity='0'>Testing model 9 on the Validation Set with 44 records..............</item>
<item created='11/30/2019 13:49:29' severity='0'>Testing model 10 on the Validation Set with 44 records..............</item>
<item created='11/30/2019 13:49:29' severity='0'>Testing model 11 on the Validation Set with 44 records..............</item>
<item created='11/30/2019 13:49:29' severity='0'>Testing model 12 on the Validation Set with 44 records..............</item>
<item created='11/30/2019 13:49:29' severity='0'>Success</item>
</log>
