<summary><value key="AverageTrainFitness" datatype="5" valuetype="4">959.899749373434</value><value key="AverageTrainRSQuare" datatype="5" valuetype="4">0.828476291052383</value><value key="AverageTrainAccuracy" datatype="5" valuetype="4">97.95</value><value key="MaxTrainFitness" datatype="5" valuetype="4">1000</value><value key="MaxTestFitness" datatype="5" valuetype="4">1000</value><value key="TrainSuccessCount" datatype="3" valuetype="4">0</value><value key="TrainSuccessRate" datatype="5" valuetype="4">0</value><value key="BestTrainFitness" datatype="5" valuetype="4">959.899749373434</value><value key="BestTrainFitnessRun" datatype="3" valuetype="4">1</value><value key="BestTrainFitnessHistory" datatype="3" valuetype="4">1</value><value key="BestTrainFitnessModelId" datatype="3" valuetype="4">9</value><value key="BestTrainFitnessModelSize" datatype="3" valuetype="4">12</value><value key="BestTrainFitnessModelLiterals" datatype="3" valuetype="4">8</value><value key="BestTrainFitnessModelTerminals" datatype="8" valuetype="4">religious-groups-in-schools_u_min(1), anti-satellite-test-ban_n_min(1), mx-missile_y_min(1), synfuels-corporation-cutback_y_min(1), export-administration-act-south-africa_u_min(1), adoption-of-the-budget-resolution_n_max(1), physician-fee-freeze_y_max(2)</value><value key="BestTrainFitnessModelVariableImportance" datatype="8" valuetype="4">religious-groups-in-schools_u_min(3.7616839069826E-03), anti-satellite-test-ban_n_min(1.11167417055105E-02), mx-missile_y_min(0.1076229701611), synfuels-corporation-cutback_y_min(0.160191889728165), export-administration-act-south-africa_u_min(2.69740125689897E-02), adoption-of-the-budget-resolution_n_max(3.68966410290986E-02), physician-fee-freeze_y_max(0.653436060900154)</value><value key="BestTrainAccuracy" datatype="5" valuetype="4">97.95</value><value key="BestTrainAccuracyRun" datatype="3" valuetype="4">1</value><value key="BestTrainAccuracyHistory" datatype="3" valuetype="4">1</value><value key="BestTrainAccuracyModelId" datatype="3" valuetype="4">9</value><value key="BestTrainAccuracyModelSize" datatype="3" valuetype="4">12</value><value key="BestTrainAccuracyModelLiterals" datatype="3" valuetype="4">8</value><value key="BestTrainAccuracyModelTerminals" datatype="8" valuetype="4">religious-groups-in-schools_u_min(1), anti-satellite-test-ban_n_min(1), mx-missile_y_min(1), synfuels-corporation-cutback_y_min(1), export-administration-act-south-africa_u_min(1), adoption-of-the-budget-resolution_n_max(1), physician-fee-freeze_y_max(2)</value><value key="BestTrainAccuracyModelVariableImportance" datatype="8" valuetype="4">religious-groups-in-schools_u_min(3.7616839069826E-03), anti-satellite-test-ban_n_min(1.11167417055105E-02), mx-missile_y_min(0.1076229701611), synfuels-corporation-cutback_y_min(0.160191889728165), export-administration-act-south-africa_u_min(2.69740125689897E-02), adoption-of-the-budget-resolution_n_max(3.68966410290986E-02), physician-fee-freeze_y_max(0.653436060900154)</value><value key="BestTrainRSQuare" datatype="5" valuetype="4">0.828476291052383</value><value key="BestTrainRSQuareRun" datatype="3" valuetype="4">1</value><value key="BestTrainRSQuareHistory" datatype="3" valuetype="4">1</value><value key="BestTrainRSQuareModelId" datatype="3" valuetype="4">9</value><value key="BestTrainRSQuareModelSize" datatype="3" valuetype="4">12</value><value key="BestTrainRSQuareModelLiterals" datatype="3" valuetype="4">8</value><value key="BestTrainRSQuareModelTerminals" datatype="8" valuetype="4">religious-groups-in-schools_u_min(1), anti-satellite-test-ban_n_min(1), mx-missile_y_min(1), synfuels-corporation-cutback_y_min(1), export-administration-act-south-africa_u_min(1), adoption-of-the-budget-resolution_n_max(1), physician-fee-freeze_y_max(2)</value><value key="BestTrainRSQuareModelVariableImportance" datatype="8" valuetype="4">religious-groups-in-schools_u_min(3.7616839069826E-03), anti-satellite-test-ban_n_min(1.11167417055105E-02), mx-missile_y_min(0.1076229701611), synfuels-corporation-cutback_y_min(0.160191889728165), export-administration-act-south-africa_u_min(2.69740125689897E-02), adoption-of-the-budget-resolution_n_max(3.68966410290986E-02), physician-fee-freeze_y_max(0.653436060900154)</value><value key="TestSuccessCount" datatype="3" valuetype="4">0</value><value key="TestSuccessRate" datatype="5" valuetype="4">0</value><value key="AverageTestFitness" datatype="5" valuetype="4">913.04347826087</value><value key="AverageTestRSQuare" datatype="5" valuetype="4">0.809550048220584</value><value key="AverageTestAccuracy" datatype="5" valuetype="4">95.45</value><value key="BestTestFitness" datatype="5" valuetype="4">955.555555555556</value><value key="BestTestFitnessRun" datatype="3" valuetype="4">1</value><value key="BestTestFitnessHistory" datatype="3" valuetype="4">1</value><value key="BestTestFitnessModelId" datatype="3" valuetype="4">8</value><value key="BestTestFitnessModelSize" datatype="3" valuetype="4">12</value><value key="BestTestFitnessModelLiterals" datatype="3" valuetype="4">8</value><value key="BestTestFitnessModelTerminals" datatype="8" valuetype="4">religious-groups-in-schools_u_min(2), anti-satellite-test-ban_n_min(1), mx-missile_y_min(1), synfuels-corporation-cutback_y_min(1), adoption-of-the-budget-resolution_n_max(1), physician-fee-freeze_y_max(2)</value><value key="BestTestFitnessModelVariableImportance" datatype="8" valuetype="4">religious-groups-in-schools_u_min(0.02688328452838), anti-satellite-test-ban_n_min(2.97492428859207E-02), mx-missile_y_min(0.116911876229504), synfuels-corporation-cutback_y_min(9.89786628965122E-02), adoption-of-the-budget-resolution_n_max(2.06717333788684E-02), physician-fee-freeze_y_max(0.706805200080815)</value><value key="BestTestAccuracy" datatype="5" valuetype="4">97.73</value><value key="BestTestAccuracyRun" datatype="3" valuetype="4">1</value><value key="BestTestAccuracyHistory" datatype="3" valuetype="4">1</value><value key="BestTestAccuracyModelId" datatype="3" valuetype="4">8</value><value key="BestTestAccuracyModelSize" datatype="3" valuetype="4">12</value><value key="BestTestAccuracyModelLiterals" datatype="3" valuetype="4">8</value><value key="BestTestAccuracyModelTerminals" datatype="8" valuetype="4">religious-groups-in-schools_u_min(2), anti-satellite-test-ban_n_min(1), mx-missile_y_min(1), synfuels-corporation-cutback_y_min(1), adoption-of-the-budget-resolution_n_max(1), physician-fee-freeze_y_max(2)</value><value key="BestTestAccuracyModelVariableImportance" datatype="8" valuetype="4">religious-groups-in-schools_u_min(0.02688328452838), anti-satellite-test-ban_n_min(2.97492428859207E-02), mx-missile_y_min(0.116911876229504), synfuels-corporation-cutback_y_min(9.89786628965122E-02), adoption-of-the-budget-resolution_n_max(2.06717333788684E-02), physician-fee-freeze_y_max(0.706805200080815)</value><value key="BestTestRSQuare" datatype="5" valuetype="4">0.853381303687259</value><value key="BestTestRSQuareRun" datatype="3" valuetype="4">1</value><value key="BestTestRSQuareHistory" datatype="3" valuetype="4">1</value><value key="BestTestRSQuareModelId" datatype="3" valuetype="4">8</value><value key="BestTestRSQuareModelSize" datatype="3" valuetype="4">12</value><value key="BestTestRSQuareModelLiterals" datatype="3" valuetype="4">8</value><value key="BestTestRSQuareModelTerminals" datatype="8" valuetype="4">religious-groups-in-schools_u_min(2), anti-satellite-test-ban_n_min(1), mx-missile_y_min(1), synfuels-corporation-cutback_y_min(1), adoption-of-the-budget-resolution_n_max(1), physician-fee-freeze_y_max(2)</value><value key="BestTestRSQuareModelVariableImportance" datatype="8" valuetype="4">religious-groups-in-schools_u_min(0.02688328452838), anti-satellite-test-ban_n_min(2.97492428859207E-02), mx-missile_y_min(0.116911876229504), synfuels-corporation-cutback_y_min(9.89786628965122E-02), adoption-of-the-budget-resolution_n_max(2.06717333788684E-02), physician-fee-freeze_y_max(0.706805200080815)</value><value key="DefinitionFile" datatype="8" valuetype="4">../vote_1_4_1_jobdef.xml</value></summary>
