<log created='11/30/2019 13:37:52' name='vote_template_classification_000001'>
<item created='11/30/2019 13:37:52' severity='0'>Processing run 1...</item>
<item created='11/30/2019 13:37:52' severity='0'>Applied setting Genes (4)</item>
<item created='11/30/2019 13:37:52' severity='0'>Applied setting HeadSize (1)</item>
<item created='11/30/2019 13:37:52' severity='0'>Applied setting FitnessFunction (11)</item>
<item created='11/30/2019 13:37:52' severity='0'>Applied setting RoundingThreshold (0.5)</item>
<item created='11/30/2019 13:37:52' severity='0'>Changed function * to weight 2.</item>
<item created='11/30/2019 13:37:52' severity='0'>Loading data from file vote_TRAIN_fold_1.csv ...</item>
<item created='11/30/2019 13:37:53' severity='0'>Loading data from file vote_TEST_fold_1.csv ...</item>
<item created='11/30/2019 13:37:54' severity='0'>Loading run file... vote_1_4_1\vote_template_classification_000001.gep</item>
<item created='11/30/2019 13:37:54' severity='0'>Initializing run...</item>
<item created='11/30/2019 13:37:54' severity='0'>Training Set size: 391</item>
<item created='11/30/2019 13:37:54' severity='0'>Dataset loaded.</item>
<item created='11/30/2019 13:37:54' severity='0'>Starting...</item>
<item created='11/30/2019 13:37:54' severity='0'>Generation: 0 (703.616352201258, 91.56% (358))</item>
<item created='11/30/2019 13:37:56' severity='0'>Generation: 405 (911.980440097799, 95.40% (373))</item>
<item created='11/30/2019 13:37:58' severity='0'>Generation: 1149 (930.864197530864, 96.42% (377))</item>
<item created='11/30/2019 13:38:00' severity='0'>Generation: 1828 (935.643564356436, 96.68% (378))</item>
<item created='11/30/2019 13:38:02' severity='0'>Generation: 2493 (935.643564356436, 96.68% (378))</item>
<item created='11/30/2019 13:38:04' severity='0'>Generation: 3251 (950.124688279302, 97.44% (381))</item>
<item created='11/30/2019 13:38:06' severity='0'>Generation: 4016 (950.124688279302, 97.44% (381))</item>
<item created='11/30/2019 13:38:08' severity='0'>Generation: 4776 (955, 97.70% (382))</item>
<item created='11/30/2019 13:38:10' severity='0'>Generation: 5481 (955, 97.70% (382))</item>
<item created='11/30/2019 13:38:12' severity='0'>Generation: 6194 (955, 97.70% (382))</item>
<item created='11/30/2019 13:38:14' severity='0'>Generation: 6915 (955, 97.70% (382))</item>
<item created='11/30/2019 13:38:16' severity='0'>Generation: 7646 (955, 97.70% (382))</item>
<item created='11/30/2019 13:38:18' severity='0'>Generation: 8405 (955, 97.70% (382))</item>
<item created='11/30/2019 13:38:20' severity='0'>Generation: 9155 (955, 97.70% (382))</item>
<item created='11/30/2019 13:38:22' severity='0'>Generation: 9909 (955, 97.70% (382))</item>
<item created='11/30/2019 13:38:24' severity='0'>Generation: 10632 (955, 97.70% (382))</item>
<item created='11/30/2019 13:38:26' severity='0'>Generation: 11371 (955, 97.70% (382))</item>
<item created='11/30/2019 13:38:28' severity='0'>Generation: 12089 (955, 97.70% (382))</item>
<item created='11/30/2019 13:38:30' severity='0'>Generation: 12846 (955, 97.70% (382))</item>
<item created='11/30/2019 13:38:32' severity='0'>Generation: 13588 (955, 97.70% (382))</item>
<item created='11/30/2019 13:38:34' severity='0'>Generation: 14353 (955, 97.70% (382))</item>
<item created='11/30/2019 13:38:36' severity='0'>Generation: 15129 (955, 97.70% (382))</item>
<item created='11/30/2019 13:38:38' severity='0'>Generation: 15888 (955, 97.70% (382))</item>
<item created='11/30/2019 13:38:40' severity='0'>Generation: 16628 (955, 97.70% (382))</item>
<item created='11/30/2019 13:38:42' severity='0'>Generation: 17371 (955, 97.70% (382))</item>
<item created='11/30/2019 13:38:44' severity='0'>Generation: 18095 (959.899749373434, 97.95% (383))</item>
<item created='11/30/2019 13:38:46' severity='0'>Generation: 18811 (959.899749373434, 97.95% (383))</item>
<item created='11/30/2019 13:38:48' severity='0'>Generation: 19537 (959.899749373434, 97.95% (383))</item>
<item created='11/30/2019 13:38:49' severity='0'>Finished run.</item>
<item created='11/30/2019 13:38:49' severity='0'>Models created: 9</item>
<item created='11/30/2019 13:38:49' severity='0'>Models: 9</item>
<item created='11/30/2019 13:38:49' severity='0'>Last Model: 9</item>
<item created='11/30/2019 13:38:49' severity='0'>Generation: 17494</item>
<item created='11/30/2019 13:38:49' severity='0'>Training Fitness: 959.899749373434</item>
<item created='11/30/2019 13:38:49' severity='0'>Training Accuracy: 97.95%</item>
<item created='11/30/2019 13:38:49' severity='0'>Success</item>
<item created='11/30/2019 13:38:49' severity='0'>Loading run file... vote_1_4_1\vote_template_classification_000001.gep</item>
<item created='11/30/2019 13:38:49' severity='0'>Initializing tests for all models...</item>
<item created='11/30/2019 13:38:49' severity='0'>Testing model 1 on the Validation Set with 44 records..............</item>
<item created='11/30/2019 13:38:49' severity='0'>Testing model 2 on the Validation Set with 44 records..............</item>
<item created='11/30/2019 13:38:49' severity='0'>Testing model 3 on the Validation Set with 44 records..............</item>
<item created='11/30/2019 13:38:49' severity='0'>Testing model 4 on the Validation Set with 44 records..............</item>
<item created='11/30/2019 13:38:49' severity='0'>Testing model 5 on the Validation Set with 44 records..............</item>
<item created='11/30/2019 13:38:49' severity='0'>Testing model 6 on the Validation Set with 44 records..............</item>
<item created='11/30/2019 13:38:49' severity='0'>Testing model 7 on the Validation Set with 44 records..............</item>
<item created='11/30/2019 13:38:49' severity='0'>Testing model 8 on the Validation Set with 44 records..............</item>
<item created='11/30/2019 13:38:49' severity='0'>Testing model 9 on the Validation Set with 44 records..............</item>
<item created='11/30/2019 13:38:49' severity='0'>Success</item>
</log>
