<report id="0"><run id="1" name="vote_template_classification_000001.gep"><value key="HasTestingSet" datatype="3" valuetype="0">1</value><value key="TrainFitness" datatype="5" valuetype="1" ModelId="1">703.616352201258</value><value key="TrainFitness" datatype="5" valuetype="1" ModelId="2">911.980440097799</value><value key="TrainFitness" datatype="5" valuetype="1" ModelId="3">926.108374384236</value><value key="TrainFitness" datatype="5" valuetype="1" ModelId="4">930.864197530864</value><value key="TrainFitness" datatype="5" valuetype="1" ModelId="5">935.643564356436</value><value key="TrainFitness" datatype="5" valuetype="1" ModelId="6">945.273631840796</value><value key="TrainFitness" datatype="5" valuetype="1" ModelId="7">950.124688279302</value><value key="TrainFitness" datatype="5" valuetype="1" ModelId="8">955</value><value key="TrainFitness" datatype="5" valuetype="1" ModelId="9">959.899749373434</value><value key="TrainAccuracy" datatype="5" valuetype="1" ModelId="1">91.56</value><value key="TrainAccuracy" datatype="5" valuetype="1" ModelId="2">95.4</value><value key="TrainAccuracy" datatype="5" valuetype="1" ModelId="3">96.16</value><value key="TrainAccuracy" datatype="5" valuetype="1" ModelId="4">96.42</value><value key="TrainAccuracy" datatype="5" valuetype="1" ModelId="5">96.68</value><value key="TrainAccuracy" datatype="5" valuetype="1" ModelId="6">97.19</value><value key="TrainAccuracy" datatype="5" valuetype="1" ModelId="7">97.44</value><value key="TrainAccuracy" datatype="5" valuetype="1" ModelId="8">97.7</value><value key="TrainAccuracy" datatype="5" valuetype="1" ModelId="9">97.95</value><value key="TestFitness" datatype="5" valuetype="1" ModelId="1">955.555555555556</value><value key="TestFitness" datatype="5" valuetype="1" ModelId="2">955.555555555556</value><value key="TestFitness" datatype="5" valuetype="1" ModelId="3">955.555555555556</value><value key="TestFitness" datatype="5" valuetype="1" ModelId="4">955.555555555556</value><value key="TestFitness" datatype="5" valuetype="1" ModelId="5">913.04347826087</value><value key="TestFitness" datatype="5" valuetype="1" ModelId="6">913.04347826087</value><value key="TestFitness" datatype="5" valuetype="1" ModelId="7">955.555555555556</value><value key="TestFitness" datatype="5" valuetype="1" ModelId="8">955.555555555556</value><value key="TestFitness" datatype="5" valuetype="1" ModelId="9">913.04347826087</value><value key="TestAccuracy" datatype="5" valuetype="1" ModelId="1">97.73</value><value key="TestAccuracy" datatype="5" valuetype="1" ModelId="2">97.73</value><value key="TestAccuracy" datatype="5" valuetype="1" ModelId="3">97.73</value><value key="TestAccuracy" datatype="5" valuetype="1" ModelId="4">97.73</value><value key="TestAccuracy" datatype="5" valuetype="1" ModelId="5">95.45</value><value key="TestAccuracy" datatype="5" valuetype="1" ModelId="6">95.45</value><value key="TestAccuracy" datatype="5" valuetype="1" ModelId="7">97.73</value><value key="TestAccuracy" datatype="5" valuetype="1" ModelId="8">97.73</value><value key="TestAccuracy" datatype="5" valuetype="1" ModelId="9">95.45</value><value key="Size" datatype="3" valuetype="1" ModelId="1">10</value><value key="Size" datatype="3" valuetype="1" ModelId="2">10</value><value key="Size" datatype="3" valuetype="1" ModelId="3">10</value><value key="Size" datatype="3" valuetype="1" ModelId="4">10</value><value key="Size" datatype="3" valuetype="1" ModelId="5">11</value><value key="Size" datatype="3" valuetype="1" ModelId="6">12</value><value key="Size" datatype="3" valuetype="1" ModelId="7">12</value><value key="Size" datatype="3" valuetype="1" ModelId="8">12</value><value key="Size" datatype="3" valuetype="1" ModelId="9">12</value><value key="Generation" datatype="5" valuetype="1" ModelId="1">0</value><value key="Generation" datatype="5" valuetype="1" ModelId="2">5</value><value key="Generation" datatype="5" valuetype="1" ModelId="3">837</value><value key="Generation" datatype="5" valuetype="1" ModelId="4">903</value><value key="Generation" datatype="5" valuetype="1" ModelId="5">1176</value><value key="Generation" datatype="5" valuetype="1" ModelId="6">2545</value><value key="Generation" datatype="5" valuetype="1" ModelId="7">2650</value><value key="Generation" datatype="5" valuetype="1" ModelId="8">4458</value><value key="Generation" datatype="5" valuetype="1" ModelId="9">17494</value><value key="RunIndex" datatype="5" valuetype="1" ModelId="1">1</value><value key="RunIndex" datatype="5" valuetype="1" ModelId="2">1</value><value key="RunIndex" datatype="5" valuetype="1" ModelId="3">1</value><value key="RunIndex" datatype="5" valuetype="1" ModelId="4">1</value><value key="RunIndex" datatype="5" valuetype="1" ModelId="5">1</value><value key="RunIndex" datatype="5" valuetype="1" ModelId="6">1</value><value key="RunIndex" datatype="5" valuetype="1" ModelId="7">1</value><value key="RunIndex" datatype="5" valuetype="1" ModelId="8">1</value><value key="RunIndex" datatype="5" valuetype="1" ModelId="9">1</value><value key="Literals" datatype="3" valuetype="-1" ModelId="1">4</value><value key="Variables" datatype="8" valuetype="-1" ModelId="1">mx-missile_y_min(1), adoption-of-the-budget-resolution_n_max(1), physician-fee-freeze_y_max(1), religious-groups-in-schools_y_max(1)</value><value key="Literals" datatype="3" valuetype="-1" ModelId="2">4</value><value key="Variables" datatype="8" valuetype="-1" ModelId="2">mx-missile_y_min(1), adoption-of-the-budget-resolution_n_max(1), physician-fee-freeze_y_max(1), religious-groups-in-schools_y_max(1)</value><value key="Literals" datatype="3" valuetype="-1" ModelId="3">5</value><value key="Variables" datatype="8" valuetype="-1" ModelId="3">mx-missile_y_min(2), synfuels-corporation-cutback_y_min(1), physician-fee-freeze_y_max(2)</value><value key="Literals" datatype="3" valuetype="-1" ModelId="4">5</value><value key="Variables" datatype="8" valuetype="-1" ModelId="4">mx-missile_y_min(2), synfuels-corporation-cutback_y_min(1), export-administration-act-south-africa_u_min(1), physician-fee-freeze_y_max(1)</value><value key="Literals" datatype="3" valuetype="-1" ModelId="5">6</value><value key="Variables" datatype="8" valuetype="-1" ModelId="5">mx-missile_y_min(1), synfuels-corporation-cutback_y_min(1), export-administration-act-south-africa_u_min(1), physician-fee-freeze_y_max(2), religious-groups-in-schools_u_max(1)</value><value key="Literals" datatype="3" valuetype="-1" ModelId="6">7</value><value key="Variables" datatype="8" valuetype="-1" ModelId="6">religious-groups-in-schools_u_min(1), anti-satellite-test-ban_n_min(1), mx-missile_y_min(1), synfuels-corporation-cutback_y_min(1), export-administration-act-south-africa_u_min(1), physician-fee-freeze_y_max(2)</value><value key="Literals" datatype="3" valuetype="-1" ModelId="7">7</value><value key="Variables" datatype="8" valuetype="-1" ModelId="7">religious-groups-in-schools_u_min(2), anti-satellite-test-ban_n_min(1), mx-missile_y_min(1), synfuels-corporation-cutback_y_min(1), adoption-of-the-budget-resolution_n_max(1), physician-fee-freeze_y_max(1)</value><value key="Literals" datatype="3" valuetype="-1" ModelId="8">8</value><value key="Variables" datatype="8" valuetype="-1" ModelId="8">religious-groups-in-schools_u_min(2), anti-satellite-test-ban_n_min(1), mx-missile_y_min(1), synfuels-corporation-cutback_y_min(1), adoption-of-the-budget-resolution_n_max(1), physician-fee-freeze_y_max(2)</value><value key="Literals" datatype="3" valuetype="-1" ModelId="9">8</value><value key="Variables" datatype="8" valuetype="-1" ModelId="9">religious-groups-in-schools_u_min(1), anti-satellite-test-ban_n_min(1), mx-missile_y_min(1), synfuels-corporation-cutback_y_min(1), export-administration-act-south-africa_u_min(1), adoption-of-the-budget-resolution_n_max(1), physician-fee-freeze_y_max(2)</value><value key="VariableImportance" datatype="8" valuetype="-1" ModelId="9">religious-groups-in-schools_u_min(3.71026058263131E-03), anti-satellite-test-ban_n_min(7.48331104000051E-03), mx-missile_y_min(9.27408299218614E-02), synfuels-corporation-cutback_y_min(0.150166848174002), export-administration-act-south-africa_u_min(2.81928249132468E-02), adoption-of-the-budget-resolution_n_max(2.92000794947254E-02), physician-fee-freeze_y_max(0.688505845873532)</value></run></report>
