<report id="0"><run id="1" name="vote_template_classification_000001.gep"><value key="HasTestingSet" datatype="3" valuetype="0">1</value><value key="TrainFitness" datatype="5" valuetype="1" ModelId="1">692.055692055692</value><value key="TrainFitness" datatype="5" valuetype="1" ModelId="2">898.058252427184</value><value key="TrainFitness" datatype="5" valuetype="1" ModelId="3">926.108374384236</value><value key="TrainFitness" datatype="5" valuetype="1" ModelId="4">930.864197530864</value><value key="TrainFitness" datatype="5" valuetype="1" ModelId="5">940.446650124069</value><value key="TrainAccuracy" datatype="5" valuetype="1" ModelId="1">86.45</value><value key="TrainAccuracy" datatype="5" valuetype="1" ModelId="2">94.63</value><value key="TrainAccuracy" datatype="5" valuetype="1" ModelId="3">96.16</value><value key="TrainAccuracy" datatype="5" valuetype="1" ModelId="4">96.42</value><value key="TrainAccuracy" datatype="5" valuetype="1" ModelId="5">96.93</value><value key="TestFitness" datatype="5" valuetype="1" ModelId="1">830.0395256917</value><value key="TestFitness" datatype="5" valuetype="1" ModelId="2">694.444444444444</value><value key="TestFitness" datatype="5" valuetype="1" ModelId="3">694.444444444444</value><value key="TestFitness" datatype="5" valuetype="1" ModelId="4">694.444444444444</value><value key="TestFitness" datatype="5" valuetype="1" ModelId="5">694.444444444444</value><value key="TestAccuracy" datatype="5" valuetype="1" ModelId="1">95.45</value><value key="TestAccuracy" datatype="5" valuetype="1" ModelId="2">90.91</value><value key="TestAccuracy" datatype="5" valuetype="1" ModelId="3">90.91</value><value key="TestAccuracy" datatype="5" valuetype="1" ModelId="4">90.91</value><value key="TestAccuracy" datatype="5" valuetype="1" ModelId="5">90.91</value><value key="Size" datatype="3" valuetype="1" ModelId="1">4</value><value key="Size" datatype="3" valuetype="1" ModelId="2">4</value><value key="Size" datatype="3" valuetype="1" ModelId="3">5</value><value key="Size" datatype="3" valuetype="1" ModelId="4">5</value><value key="Size" datatype="3" valuetype="1" ModelId="5">6</value><value key="Generation" datatype="5" valuetype="1" ModelId="1">0</value><value key="Generation" datatype="5" valuetype="1" ModelId="2">22</value><value key="Generation" datatype="5" valuetype="1" ModelId="3">34</value><value key="Generation" datatype="5" valuetype="1" ModelId="4">53</value><value key="Generation" datatype="5" valuetype="1" ModelId="5">250</value><value key="RunIndex" datatype="5" valuetype="1" ModelId="1">1</value><value key="RunIndex" datatype="5" valuetype="1" ModelId="2">1</value><value key="RunIndex" datatype="5" valuetype="1" ModelId="3">1</value><value key="RunIndex" datatype="5" valuetype="1" ModelId="4">1</value><value key="RunIndex" datatype="5" valuetype="1" ModelId="5">1</value><value key="Literals" datatype="3" valuetype="-1" ModelId="1">1</value><value key="Variables" datatype="8" valuetype="-1" ModelId="1">adoption-of-the-budget-resolution_n_max(1)</value><value key="Literals" datatype="3" valuetype="-1" ModelId="2">2</value><value key="Variables" datatype="8" valuetype="-1" ModelId="2">physician-fee-freeze_n_min(1), el-salvador-aid_n_min(1)</value><value key="Literals" datatype="3" valuetype="-1" ModelId="3">3</value><value key="Variables" datatype="8" valuetype="-1" ModelId="3">adoption-of-the-budget-resolution_u_min(1), physician-fee-freeze_y_max(1), crime_n_max(1)</value><value key="Literals" datatype="3" valuetype="-1" ModelId="4">3</value><value key="Variables" datatype="8" valuetype="-1" ModelId="4">adoption-of-the-budget-resolution_u_min(1), education-spending_u_min(1), physician-fee-freeze_y_max(1)</value><value key="Literals" datatype="3" valuetype="-1" ModelId="5">3</value><value key="Variables" datatype="8" valuetype="-1" ModelId="5">synfuels-corporation-cutback_y_min(1), physician-fee-freeze_y_max(1), mx-missile_n_max(1)</value><value key="VariableImportance" datatype="8" valuetype="-1" ModelId="5">synfuels-corporation-cutback_y_min(6.33839038004051E-02), physician-fee-freeze_y_max(0.87067464041594), mx-missile_n_max(6.59414557836553E-02)</value></run></report>
