<log created='11/30/2019 13:27:33' name='vote_template_classification_000001'>
<item created='11/30/2019 13:27:33' severity='0'>Processing run 1...</item>
<item created='11/30/2019 13:27:33' severity='0'>Applied setting Genes (2)</item>
<item created='11/30/2019 13:27:33' severity='0'>Applied setting HeadSize (1)</item>
<item created='11/30/2019 13:27:33' severity='0'>Applied setting FitnessFunction (11)</item>
<item created='11/30/2019 13:27:33' severity='0'>Applied setting RoundingThreshold (0.5)</item>
<item created='11/30/2019 13:27:33' severity='0'>Changed function * to weight 2.</item>
<item created='11/30/2019 13:27:33' severity='0'>Loading data from file vote_TRAIN_fold_6.csv ...</item>
<item created='11/30/2019 13:27:34' severity='0'>Loading data from file vote_TEST_fold_6.csv ...</item>
<item created='11/30/2019 13:27:35' severity='0'>Loading run file... vote_1_2_6\vote_template_classification_000001.gep</item>
<item created='11/30/2019 13:27:35' severity='0'>Initializing run...</item>
<item created='11/30/2019 13:27:35' severity='0'>Training Set size: 391</item>
<item created='11/30/2019 13:27:35' severity='0'>Dataset loaded.</item>
<item created='11/30/2019 13:27:35' severity='0'>Starting...</item>
<item created='11/30/2019 13:27:35' severity='0'>Generation: 0 (692.055692055692, 86.45% (338))</item>
<item created='11/30/2019 13:27:37' severity='0'>Generation: 767 (940.446650124069, 96.93% (379))</item>
<item created='11/30/2019 13:27:39' severity='0'>Generation: 1971 (940.446650124069, 96.93% (379))</item>
<item created='11/30/2019 13:27:41' severity='0'>Generation: 3233 (940.446650124069, 96.93% (379))</item>
<item created='11/30/2019 13:27:43' severity='0'>Generation: 4489 (940.446650124069, 96.93% (379))</item>
<item created='11/30/2019 13:27:45' severity='0'>Generation: 5574 (940.446650124069, 96.93% (379))</item>
<item created='11/30/2019 13:27:47' severity='0'>Generation: 6629 (940.446650124069, 96.93% (379))</item>
<item created='11/30/2019 13:27:49' severity='0'>Generation: 7801 (940.446650124069, 96.93% (379))</item>
<item created='11/30/2019 13:27:51' severity='0'>Generation: 8994 (940.446650124069, 96.93% (379))</item>
<item created='11/30/2019 13:27:53' severity='0'>Generation: 10247 (940.446650124069, 96.93% (379))</item>
<item created='11/30/2019 13:27:55' severity='0'>Generation: 11500 (940.446650124069, 96.93% (379))</item>
<item created='11/30/2019 13:27:57' severity='0'>Generation: 12733 (940.446650124069, 96.93% (379))</item>
<item created='11/30/2019 13:27:59' severity='0'>Generation: 14112 (940.446650124069, 96.93% (379))</item>
<item created='11/30/2019 13:28:01' severity='0'>Generation: 15536 (940.446650124069, 96.93% (379))</item>
<item created='11/30/2019 13:28:03' severity='0'>Generation: 16994 (940.446650124069, 96.93% (379))</item>
<item created='11/30/2019 13:28:05' severity='0'>Generation: 18428 (940.446650124069, 96.93% (379))</item>
<item created='11/30/2019 13:28:07' severity='0'>Generation: 19805 (940.446650124069, 96.93% (379))</item>
<item created='11/30/2019 13:28:07' severity='0'>Finished run.</item>
<item created='11/30/2019 13:28:07' severity='0'>Models created: 5</item>
<item created='11/30/2019 13:28:07' severity='0'>Models: 5</item>
<item created='11/30/2019 13:28:07' severity='0'>Last Model: 5</item>
<item created='11/30/2019 13:28:07' severity='0'>Generation: 250</item>
<item created='11/30/2019 13:28:07' severity='0'>Training Fitness: 940.446650124069</item>
<item created='11/30/2019 13:28:07' severity='0'>Training Accuracy: 96.93%</item>
<item created='11/30/2019 13:28:07' severity='0'>Success</item>
<item created='11/30/2019 13:28:07' severity='0'>Loading run file... vote_1_2_6\vote_template_classification_000001.gep</item>
<item created='11/30/2019 13:28:07' severity='0'>Initializing tests for all models...</item>
<item created='11/30/2019 13:28:07' severity='0'>Testing model 1 on the Validation Set with 44 records..............</item>
<item created='11/30/2019 13:28:07' severity='0'>Testing model 2 on the Validation Set with 44 records..............</item>
<item created='11/30/2019 13:28:07' severity='0'>Testing model 3 on the Validation Set with 44 records..............</item>
<item created='11/30/2019 13:28:07' severity='0'>Testing model 4 on the Validation Set with 44 records..............</item>
<item created='11/30/2019 13:28:07' severity='0'>Testing model 5 on the Validation Set with 44 records..............</item>
<item created='11/30/2019 13:28:07' severity='0'>Success</item>
</log>
