<log created='11/30/2019 14:09:07' name='vote_template_classification_000001'>
<item created='11/30/2019 14:09:07' severity='0'>Processing run 1...</item>
<item created='11/30/2019 14:09:07' severity='0'>Applied setting Genes (6)</item>
<item created='11/30/2019 14:09:07' severity='0'>Applied setting HeadSize (1)</item>
<item created='11/30/2019 14:09:07' severity='0'>Applied setting FitnessFunction (11)</item>
<item created='11/30/2019 14:09:07' severity='0'>Applied setting RoundingThreshold (0.5)</item>
<item created='11/30/2019 14:09:07' severity='0'>Changed function * to weight 2.</item>
<item created='11/30/2019 14:09:07' severity='0'>Loading data from file vote_TRAIN_fold_9.csv ...</item>
<item created='11/30/2019 14:09:08' severity='0'>Loading data from file vote_TEST_fold_9.csv ...</item>
<item created='11/30/2019 14:09:09' severity='0'>Loading run file... vote_1_6_9\vote_template_classification_000001.gep</item>
<item created='11/30/2019 14:09:09' severity='0'>Initializing run...</item>
<item created='11/30/2019 14:09:09' severity='0'>Training Set size: 393</item>
<item created='11/30/2019 14:09:09' severity='0'>Dataset loaded.</item>
<item created='11/30/2019 14:09:09' severity='0'>Starting...</item>
<item created='11/30/2019 14:09:09' severity='0'>Generation: 0 (700.2457002457, 87.02% (342))</item>
<item created='11/30/2019 14:09:11' severity='0'>Generation: 389 (940.740740740741, 96.95% (381))</item>
<item created='11/30/2019 14:09:13' severity='0'>Generation: 977 (945.544554455446, 97.20% (382))</item>
<item created='11/30/2019 14:09:15' severity='0'>Generation: 1573 (965, 98.22% (386))</item>
<item created='11/30/2019 14:09:17' severity='0'>Generation: 2123 (965, 98.22% (386))</item>
<item created='11/30/2019 14:09:19' severity='0'>Generation: 2674 (965, 98.22% (386))</item>
<item created='11/30/2019 14:09:21' severity='0'>Generation: 3195 (965, 98.22% (386))</item>
<item created='11/30/2019 14:09:23' severity='0'>Generation: 3737 (965, 98.22% (386))</item>
<item created='11/30/2019 14:09:25' severity='0'>Generation: 4297 (965, 98.22% (386))</item>
<item created='11/30/2019 14:09:27' severity='0'>Generation: 4825 (965, 98.22% (386))</item>
<item created='11/30/2019 14:09:29' severity='0'>Generation: 5378 (965, 98.22% (386))</item>
<item created='11/30/2019 14:09:31' severity='0'>Generation: 5952 (965, 98.22% (386))</item>
<item created='11/30/2019 14:09:33' severity='0'>Generation: 6510 (965, 98.22% (386))</item>
<item created='11/30/2019 14:09:35' severity='0'>Generation: 7062 (965, 98.22% (386))</item>
<item created='11/30/2019 14:09:37' severity='0'>Generation: 7573 (965, 98.22% (386))</item>
<item created='11/30/2019 14:09:39' severity='0'>Generation: 8095 (965, 98.22% (386))</item>
<item created='11/30/2019 14:09:41' severity='0'>Generation: 8647 (965, 98.22% (386))</item>
<item created='11/30/2019 14:09:43' severity='0'>Generation: 9248 (965, 98.22% (386))</item>
<item created='11/30/2019 14:09:45' severity='0'>Generation: 9830 (965, 98.22% (386))</item>
<item created='11/30/2019 14:09:47' severity='0'>Generation: 10367 (965, 98.22% (386))</item>
<item created='11/30/2019 14:09:49' severity='0'>Generation: 10883 (969.924812030075, 98.47% (387))</item>
<item created='11/30/2019 14:09:51' severity='0'>Generation: 11438 (969.924812030075, 98.47% (387))</item>
<item created='11/30/2019 14:09:53' severity='0'>Generation: 11975 (969.924812030075, 98.47% (387))</item>
<item created='11/30/2019 14:09:55' severity='0'>Generation: 12511 (969.924812030075, 98.47% (387))</item>
<item created='11/30/2019 14:09:57' severity='0'>Generation: 13057 (969.924812030075, 98.47% (387))</item>
<item created='11/30/2019 14:09:59' severity='0'>Generation: 13617 (969.924812030075, 98.47% (387))</item>
<item created='11/30/2019 14:10:01' severity='0'>Generation: 14156 (969.924812030075, 98.47% (387))</item>
<item created='11/30/2019 14:10:03' severity='0'>Generation: 14712 (969.924812030075, 98.47% (387))</item>
<item created='11/30/2019 14:10:05' severity='0'>Generation: 15259 (969.924812030075, 98.47% (387))</item>
<item created='11/30/2019 14:10:07' severity='0'>Generation: 15827 (969.924812030075, 98.47% (387))</item>
<item created='11/30/2019 14:10:09' severity='0'>Generation: 16394 (969.924812030075, 98.47% (387))</item>
<item created='11/30/2019 14:10:11' severity='0'>Generation: 16941 (969.924812030075, 98.47% (387))</item>
<item created='11/30/2019 14:10:13' severity='0'>Generation: 17500 (969.924812030075, 98.47% (387))</item>
<item created='11/30/2019 14:10:15' severity='0'>Generation: 18100 (969.924812030075, 98.47% (387))</item>
<item created='11/30/2019 14:10:17' severity='0'>Generation: 18699 (969.924812030075, 98.47% (387))</item>
<item created='11/30/2019 14:10:19' severity='0'>Generation: 19295 (969.924812030075, 98.47% (387))</item>
<item created='11/30/2019 14:10:21' severity='0'>Generation: 19908 (969.924812030075, 98.47% (387))</item>
<item created='11/30/2019 14:10:21' severity='0'>Finished run.</item>
<item created='11/30/2019 14:10:21' severity='0'>Models created: 11</item>
<item created='11/30/2019 14:10:21' severity='0'>Models: 11</item>
<item created='11/30/2019 14:10:21' severity='0'>Last Model: 11</item>
<item created='11/30/2019 14:10:21' severity='0'>Generation: 10615</item>
<item created='11/30/2019 14:10:21' severity='0'>Training Fitness: 969.924812030075</item>
<item created='11/30/2019 14:10:21' severity='0'>Training Accuracy: 98.47%</item>
<item created='11/30/2019 14:10:21' severity='0'>Success</item>
<item created='11/30/2019 14:10:21' severity='0'>Loading run file... vote_1_6_9\vote_template_classification_000001.gep</item>
<item created='11/30/2019 14:10:21' severity='0'>Initializing tests for all models...</item>
<item created='11/30/2019 14:10:21' severity='0'>Testing model 1 on the Validation Set with 42 records.............</item>
<item created='11/30/2019 14:10:21' severity='0'>Testing model 2 on the Validation Set with 42 records.............</item>
<item created='11/30/2019 14:10:21' severity='0'>Testing model 3 on the Validation Set with 42 records.............</item>
<item created='11/30/2019 14:10:21' severity='0'>Testing model 4 on the Validation Set with 42 records.............</item>
<item created='11/30/2019 14:10:21' severity='0'>Testing model 5 on the Validation Set with 42 records.............</item>
<item created='11/30/2019 14:10:21' severity='0'>Testing model 6 on the Validation Set with 42 records.............</item>
<item created='11/30/2019 14:10:21' severity='0'>Testing model 7 on the Validation Set with 42 records.............</item>
<item created='11/30/2019 14:10:21' severity='0'>Testing model 8 on the Validation Set with 42 records.............</item>
<item created='11/30/2019 14:10:21' severity='0'>Testing model 9 on the Validation Set with 42 records.............</item>
<item created='11/30/2019 14:10:21' severity='0'>Testing model 10 on the Validation Set with 42 records.............</item>
<item created='11/30/2019 14:10:21' severity='0'>Testing model 11 on the Validation Set with 42 records.............</item>
<item created='11/30/2019 14:10:22' severity='0'>Success</item>
</log>
