<summary><value key="AverageTrainFitness" datatype="5" valuetype="4">969.924812030075</value><value key="AverageTrainRSQuare" datatype="5" valuetype="4">0.825254399028258</value><value key="AverageTrainAccuracy" datatype="5" valuetype="4">98.47</value><value key="MaxTrainFitness" datatype="5" valuetype="4">1000</value><value key="MaxTestFitness" datatype="5" valuetype="4">1000</value><value key="TrainSuccessCount" datatype="3" valuetype="4">0</value><value key="TrainSuccessRate" datatype="5" valuetype="4">0</value><value key="BestTrainFitness" datatype="5" valuetype="4">969.924812030075</value><value key="BestTrainFitnessRun" datatype="3" valuetype="4">1</value><value key="BestTrainFitnessHistory" datatype="3" valuetype="4">1</value><value key="BestTrainFitnessModelId" datatype="3" valuetype="4">11</value><value key="BestTrainFitnessModelSize" datatype="3" valuetype="4">14</value><value key="BestTrainFitnessModelLiterals" datatype="3" valuetype="4">6</value><value key="BestTrainFitnessModelTerminals" datatype="8" valuetype="4">adoption-of-the-budget-resolution_n_min(1), synfuels-corporation-cutback_y_min(1), superfund-right-to-sue_y_min(1), export-administration-act-south-africa_u_min(1), physician-fee-freeze_y_max(1), duty-free-exports_n_max(1)</value><value key="BestTrainFitnessModelVariableImportance" datatype="8" valuetype="4">adoption-of-the-budget-resolution_n_min(0.28912850992921), synfuels-corporation-cutback_y_min(1.79622507608431E-02), superfund-right-to-sue_y_min(1.91978606640711E-02), export-administration-act-south-africa_u_min(8.6810222088584E-03), physician-fee-freeze_y_max(0.658463979506177), duty-free-exports_n_max(6.56637693083963E-03)</value><value key="BestTrainAccuracy" datatype="5" valuetype="4">98.47</value><value key="BestTrainAccuracyRun" datatype="3" valuetype="4">1</value><value key="BestTrainAccuracyHistory" datatype="3" valuetype="4">1</value><value key="BestTrainAccuracyModelId" datatype="3" valuetype="4">11</value><value key="BestTrainAccuracyModelSize" datatype="3" valuetype="4">14</value><value key="BestTrainAccuracyModelLiterals" datatype="3" valuetype="4">6</value><value key="BestTrainAccuracyModelTerminals" datatype="8" valuetype="4">adoption-of-the-budget-resolution_n_min(1), synfuels-corporation-cutback_y_min(1), superfund-right-to-sue_y_min(1), export-administration-act-south-africa_u_min(1), physician-fee-freeze_y_max(1), duty-free-exports_n_max(1)</value><value key="BestTrainAccuracyModelVariableImportance" datatype="8" valuetype="4">adoption-of-the-budget-resolution_n_min(0.28912850992921), synfuels-corporation-cutback_y_min(1.79622507608431E-02), superfund-right-to-sue_y_min(1.91978606640711E-02), export-administration-act-south-africa_u_min(8.6810222088584E-03), physician-fee-freeze_y_max(0.658463979506177), duty-free-exports_n_max(6.56637693083963E-03)</value><value key="BestTrainRSQuare" datatype="5" valuetype="4">0.825254399028258</value><value key="BestTrainRSQuareRun" datatype="3" valuetype="4">1</value><value key="BestTrainRSQuareHistory" datatype="3" valuetype="4">1</value><value key="BestTrainRSQuareModelId" datatype="3" valuetype="4">11</value><value key="BestTrainRSQuareModelSize" datatype="3" valuetype="4">14</value><value key="BestTrainRSQuareModelLiterals" datatype="3" valuetype="4">6</value><value key="BestTrainRSQuareModelTerminals" datatype="8" valuetype="4">adoption-of-the-budget-resolution_n_min(1), synfuels-corporation-cutback_y_min(1), superfund-right-to-sue_y_min(1), export-administration-act-south-africa_u_min(1), physician-fee-freeze_y_max(1), duty-free-exports_n_max(1)</value><value key="BestTrainRSQuareModelVariableImportance" datatype="8" valuetype="4">adoption-of-the-budget-resolution_n_min(0.28912850992921), synfuels-corporation-cutback_y_min(1.79622507608431E-02), superfund-right-to-sue_y_min(1.91978606640711E-02), export-administration-act-south-africa_u_min(8.6810222088584E-03), physician-fee-freeze_y_max(0.658463979506177), duty-free-exports_n_max(6.56637693083963E-03)</value><value key="TestSuccessCount" datatype="3" valuetype="4">0</value><value key="TestSuccessRate" datatype="5" valuetype="4">0</value><value key="AverageTestFitness" datatype="5" valuetype="4">681.818181818182</value><value key="AverageTestRSQuare" datatype="5" valuetype="4">0.515172856656628</value><value key="AverageTestAccuracy" datatype="5" valuetype="4">85.71</value><value key="BestTestFitness" datatype="5" valuetype="4">715.667311411992</value><value key="BestTestFitnessRun" datatype="3" valuetype="4">1</value><value key="BestTestFitnessHistory" datatype="3" valuetype="4">1</value><value key="BestTestFitnessModelId" datatype="3" valuetype="4">9</value><value key="BestTestFitnessModelSize" datatype="3" valuetype="4">17</value><value key="BestTestFitnessModelLiterals" datatype="3" valuetype="4">6</value><value key="BestTestFitnessModelTerminals" datatype="8" valuetype="4">water-project-cost-sharing_n_min(1), adoption-of-the-budget-resolution_n_min(1), synfuels-corporation-cutback_y_min(1), physician-fee-freeze_y_max(1), aid-to-nicaraguan-contras_n_max(1), superfund-right-to-sue_n_max(1)</value><value key="BestTestFitnessModelVariableImportance" datatype="8" valuetype="4">water-project-cost-sharing_n_min(0.200069563862556), adoption-of-the-budget-resolution_n_min(0.142765643435456), synfuels-corporation-cutback_y_min(8.10015166655562E-02), physician-fee-freeze_y_max(0.388656811347266), aid-to-nicaraguan-contras_n_max(9.55842532052719E-02), superfund-right-to-sue_n_max(9.19222114838941E-02)</value><value key="BestTestAccuracy" datatype="5" valuetype="4">88.1</value><value key="BestTestAccuracyRun" datatype="3" valuetype="4">1</value><value key="BestTestAccuracyHistory" datatype="3" valuetype="4">1</value><value key="BestTestAccuracyModelId" datatype="3" valuetype="4">9</value><value key="BestTestAccuracyModelSize" datatype="3" valuetype="4">17</value><value key="BestTestAccuracyModelLiterals" datatype="3" valuetype="4">6</value><value key="BestTestAccuracyModelTerminals" datatype="8" valuetype="4">water-project-cost-sharing_n_min(1), adoption-of-the-budget-resolution_n_min(1), synfuels-corporation-cutback_y_min(1), physician-fee-freeze_y_max(1), aid-to-nicaraguan-contras_n_max(1), superfund-right-to-sue_n_max(1)</value><value key="BestTestAccuracyModelVariableImportance" datatype="8" valuetype="4">water-project-cost-sharing_n_min(0.200069563862556), adoption-of-the-budget-resolution_n_min(0.142765643435456), synfuels-corporation-cutback_y_min(8.10015166655562E-02), physician-fee-freeze_y_max(0.388656811347266), aid-to-nicaraguan-contras_n_max(9.55842532052719E-02), superfund-right-to-sue_n_max(9.19222114838941E-02)</value><value key="BestTestRSQuare" datatype="5" valuetype="4">0.561611734626439</value><value key="BestTestRSQuareRun" datatype="3" valuetype="4">1</value><value key="BestTestRSQuareHistory" datatype="3" valuetype="4">1</value><value key="BestTestRSQuareModelId" datatype="3" valuetype="4">9</value><value key="BestTestRSQuareModelSize" datatype="3" valuetype="4">17</value><value key="BestTestRSQuareModelLiterals" datatype="3" valuetype="4">6</value><value key="BestTestRSQuareModelTerminals" datatype="8" valuetype="4">water-project-cost-sharing_n_min(1), adoption-of-the-budget-resolution_n_min(1), synfuels-corporation-cutback_y_min(1), physician-fee-freeze_y_max(1), aid-to-nicaraguan-contras_n_max(1), superfund-right-to-sue_n_max(1)</value><value key="BestTestRSQuareModelVariableImportance" datatype="8" valuetype="4">water-project-cost-sharing_n_min(0.200069563862556), adoption-of-the-budget-resolution_n_min(0.142765643435456), synfuels-corporation-cutback_y_min(8.10015166655562E-02), physician-fee-freeze_y_max(0.388656811347266), aid-to-nicaraguan-contras_n_max(9.55842532052719E-02), superfund-right-to-sue_n_max(9.19222114838941E-02)</value><value key="DefinitionFile" datatype="8" valuetype="4">../vote_1_6_9_jobdef.xml</value></summary>
