<report id="0"><run id="1" name="vote_template_classification_000001.gep"><value key="HasTestingSet" datatype="3" valuetype="0">1</value><value key="TrainFitness" datatype="5" valuetype="1" ModelId="1">700.2457002457</value><value key="TrainFitness" datatype="5" valuetype="1" ModelId="2">764.317649563551</value><value key="TrainFitness" datatype="5" valuetype="1" ModelId="3">788.166702656014</value><value key="TrainFitness" datatype="5" valuetype="1" ModelId="4">935.960591133005</value><value key="TrainFitness" datatype="5" valuetype="1" ModelId="5">940.740740740741</value><value key="TrainFitness" datatype="5" valuetype="1" ModelId="6">945.544554455446</value><value key="TrainFitness" datatype="5" valuetype="1" ModelId="7">950.372208436725</value><value key="TrainFitness" datatype="5" valuetype="1" ModelId="8">955.223880597015</value><value key="TrainFitness" datatype="5" valuetype="1" ModelId="9">960.099750623441</value><value key="TrainFitness" datatype="5" valuetype="1" ModelId="10">965</value><value key="TrainFitness" datatype="5" valuetype="1" ModelId="11">969.924812030075</value><value key="TrainAccuracy" datatype="5" valuetype="1" ModelId="1">87.02</value><value key="TrainAccuracy" datatype="5" valuetype="1" ModelId="2">91.35</value><value key="TrainAccuracy" datatype="5" valuetype="1" ModelId="3">92.88</value><value key="TrainAccuracy" datatype="5" valuetype="1" ModelId="4">96.69</value><value key="TrainAccuracy" datatype="5" valuetype="1" ModelId="5">96.95</value><value key="TrainAccuracy" datatype="5" valuetype="1" ModelId="6">97.2</value><value key="TrainAccuracy" datatype="5" valuetype="1" ModelId="7">97.46</value><value key="TrainAccuracy" datatype="5" valuetype="1" ModelId="8">97.71</value><value key="TrainAccuracy" datatype="5" valuetype="1" ModelId="9">97.96</value><value key="TrainAccuracy" datatype="5" valuetype="1" ModelId="10">98.22</value><value key="TrainAccuracy" datatype="5" valuetype="1" ModelId="11">98.47</value><value key="TestFitness" datatype="5" valuetype="1" ModelId="1">351.515151515152</value><value key="TestFitness" datatype="5" valuetype="1" ModelId="2">625</value><value key="TestFitness" datatype="5" valuetype="1" ModelId="3">595.238095238095</value><value key="TestFitness" datatype="5" valuetype="1" ModelId="4">595.238095238095</value><value key="TestFitness" datatype="5" valuetype="1" ModelId="5">595.238095238095</value><value key="TestFitness" datatype="5" valuetype="1" ModelId="6">595.238095238095</value><value key="TestFitness" datatype="5" valuetype="1" ModelId="7">681.818181818182</value><value key="TestFitness" datatype="5" valuetype="1" ModelId="8">715.667311411992</value><value key="TestFitness" datatype="5" valuetype="1" ModelId="9">715.667311411992</value><value key="TestFitness" datatype="5" valuetype="1" ModelId="10">681.818181818182</value><value key="TestFitness" datatype="5" valuetype="1" ModelId="11">681.818181818182</value><value key="TestAccuracy" datatype="5" valuetype="1" ModelId="1">69.05</value><value key="TestAccuracy" datatype="5" valuetype="1" ModelId="2">85.71</value><value key="TestAccuracy" datatype="5" valuetype="1" ModelId="3">83.33</value><value key="TestAccuracy" datatype="5" valuetype="1" ModelId="4">83.33</value><value key="TestAccuracy" datatype="5" valuetype="1" ModelId="5">83.33</value><value key="TestAccuracy" datatype="5" valuetype="1" ModelId="6">83.33</value><value key="TestAccuracy" datatype="5" valuetype="1" ModelId="7">85.71</value><value key="TestAccuracy" datatype="5" valuetype="1" ModelId="8">88.1</value><value key="TestAccuracy" datatype="5" valuetype="1" ModelId="9">88.1</value><value key="TestAccuracy" datatype="5" valuetype="1" ModelId="10">85.71</value><value key="TestAccuracy" datatype="5" valuetype="1" ModelId="11">85.71</value><value key="Size" datatype="3" valuetype="1" ModelId="1">17</value><value key="Size" datatype="3" valuetype="1" ModelId="2">17</value><value key="Size" datatype="3" valuetype="1" ModelId="3">17</value><value key="Size" datatype="3" valuetype="1" ModelId="4">17</value><value key="Size" datatype="3" valuetype="1" ModelId="5">17</value><value key="Size" datatype="3" valuetype="1" ModelId="6">15</value><value key="Size" datatype="3" valuetype="1" ModelId="7">15</value><value key="Size" datatype="3" valuetype="1" ModelId="8">17</value><value key="Size" datatype="3" valuetype="1" ModelId="9">17</value><value key="Size" datatype="3" valuetype="1" ModelId="10">15</value><value key="Size" datatype="3" valuetype="1" ModelId="11">14</value><value key="Generation" datatype="5" valuetype="1" ModelId="1">0</value><value key="Generation" datatype="5" valuetype="1" ModelId="2">2</value><value key="Generation" datatype="5" valuetype="1" ModelId="3">7</value><value key="Generation" datatype="5" valuetype="1" ModelId="4">9</value><value key="Generation" datatype="5" valuetype="1" ModelId="5">11</value><value key="Generation" datatype="5" valuetype="1" ModelId="6">530</value><value key="Generation" datatype="5" valuetype="1" ModelId="7">1071</value><value key="Generation" datatype="5" valuetype="1" ModelId="8">1226</value><value key="Generation" datatype="5" valuetype="1" ModelId="9">1270</value><value key="Generation" datatype="5" valuetype="1" ModelId="10">1319</value><value key="Generation" datatype="5" valuetype="1" ModelId="11">10615</value><value key="RunIndex" datatype="5" valuetype="1" ModelId="1">1</value><value key="RunIndex" datatype="5" valuetype="1" ModelId="2">1</value><value key="RunIndex" datatype="5" valuetype="1" ModelId="3">1</value><value key="RunIndex" datatype="5" valuetype="1" ModelId="4">1</value><value key="RunIndex" datatype="5" valuetype="1" ModelId="5">1</value><value key="RunIndex" datatype="5" valuetype="1" ModelId="6">1</value><value key="RunIndex" datatype="5" valuetype="1" ModelId="7">1</value><value key="RunIndex" datatype="5" valuetype="1" ModelId="8">1</value><value key="RunIndex" datatype="5" valuetype="1" ModelId="9">1</value><value key="RunIndex" datatype="5" valuetype="1" ModelId="10">1</value><value key="RunIndex" datatype="5" valuetype="1" ModelId="11">1</value><value key="Literals" datatype="3" valuetype="-1" ModelId="1">6</value><value key="Variables" datatype="8" valuetype="-1" ModelId="1">superfund-right-to-sue_n_min(1), export-administration-act-south-africa_y_min(1), handicapped-infants_u_max(1), physician-fee-freeze_y_max(1), el-salvador-aid_u_max(1), anti-satellite-test-ban_n_max(1)</value><value key="Literals" datatype="3" valuetype="-1" ModelId="2">7</value><value key="Variables" datatype="8" valuetype="-1" ModelId="2">superfund-right-to-sue_n_min(1), export-administration-act-south-africa_y_min(1), handicapped-infants_u_max(1), physician-fee-freeze_y_max(1), el-salvador-aid_u_max(2), anti-satellite-test-ban_n_max(1)</value><value key="Literals" datatype="3" valuetype="-1" ModelId="3">5</value><value key="Variables" datatype="8" valuetype="-1" ModelId="3">immigration_n_min(1), physician-fee-freeze_y_max(1), el-salvador-aid_u_max(1), el-salvador-aid_y_max(1), religious-groups-in-schools_y_max(1)</value><value key="Literals" datatype="3" valuetype="-1" ModelId="4">7</value><value key="Variables" datatype="8" valuetype="-1" ModelId="4">mx-missile_u_min(1), export-administration-act-south-africa_y_min(1), handicapped-infants_u_max(1), physician-fee-freeze_y_max(1), el-salvador-aid_u_max(2), anti-satellite-test-ban_n_max(1)</value><value key="Literals" datatype="3" valuetype="-1" ModelId="5">6</value><value key="Variables" datatype="8" valuetype="-1" ModelId="5">export-administration-act-south-africa_y_min(1), handicapped-infants_u_max(1), physician-fee-freeze_y_max(1), el-salvador-aid_u_max(2), anti-satellite-test-ban_n_max(1)</value><value key="Literals" datatype="3" valuetype="-1" ModelId="6">4</value><value key="Variables" datatype="8" valuetype="-1" ModelId="6">religious-groups-in-schools_u_min(1), physician-fee-freeze_u_max(1), physician-fee-freeze_y_max(2)</value><value key="Literals" datatype="3" valuetype="-1" ModelId="7">5</value><value key="Variables" datatype="8" valuetype="-1" ModelId="7">adoption-of-the-budget-resolution_n_min(2), synfuels-corporation-cutback_y_min(1), physician-fee-freeze_y_max(2)</value><value key="Literals" datatype="3" valuetype="-1" ModelId="8">4</value><value key="Variables" datatype="8" valuetype="-1" ModelId="8">water-project-cost-sharing_n_min(1), adoption-of-the-budget-resolution_n_min(1), synfuels-corporation-cutback_y_min(1), physician-fee-freeze_y_max(1)</value><value key="Literals" datatype="3" valuetype="-1" ModelId="9">6</value><value key="Variables" datatype="8" valuetype="-1" ModelId="9">water-project-cost-sharing_n_min(1), adoption-of-the-budget-resolution_n_min(1), synfuels-corporation-cutback_y_min(1), physician-fee-freeze_y_max(1), aid-to-nicaraguan-contras_n_max(1), superfund-right-to-sue_n_max(1)</value><value key="Literals" datatype="3" valuetype="-1" ModelId="10">6</value><value key="Variables" datatype="8" valuetype="-1" ModelId="10">adoption-of-the-budget-resolution_n_min(1), synfuels-corporation-cutback_y_min(2), education-spending_u_min(1), physician-fee-freeze_y_max(1), superfund-right-to-sue_n_max(1)</value><value key="Literals" datatype="3" valuetype="-1" ModelId="11">6</value><value key="Variables" datatype="8" valuetype="-1" ModelId="11">adoption-of-the-budget-resolution_n_min(1), synfuels-corporation-cutback_y_min(1), superfund-right-to-sue_y_min(1), export-administration-act-south-africa_u_min(1), physician-fee-freeze_y_max(1), duty-free-exports_n_max(1)</value><value key="VariableImportance" datatype="8" valuetype="-1" ModelId="11">adoption-of-the-budget-resolution_n_min(0.276294585019946), synfuels-corporation-cutback_y_min(1.48240432212395E-02), superfund-right-to-sue_y_min(3.86451560666766E-04), export-administration-act-south-africa_u_min(1.06140333774235E-02), physician-fee-freeze_y_max(0.693042848049434), duty-free-exports_n_max(4.83803877129011E-03)</value></run></report>
