<report id="0"><run id="1" name="vote_template_classification_000001.gep"><value key="HasTestingSet" datatype="3" valuetype="0">1</value><value key="TrainFitness" datatype="5" valuetype="1" ModelId="1">641.025641025641</value><value key="TrainFitness" datatype="5" valuetype="1" ModelId="2">641.025641025641</value><value key="TrainFitness" datatype="5" valuetype="1" ModelId="3">644.368858654573</value><value key="TrainFitness" datatype="5" valuetype="1" ModelId="4">692.055692055692</value><value key="TrainFitness" datatype="5" valuetype="1" ModelId="5">695.670018469115</value><value key="TrainFitness" datatype="5" valuetype="1" ModelId="6">736.531986531986</value><value key="TrainFitness" datatype="5" valuetype="1" ModelId="7">879.807692307692</value><value key="TrainFitness" datatype="5" valuetype="1" ModelId="8">888.888888888889</value><value key="TrainFitness" datatype="5" valuetype="1" ModelId="9">893.462469733656</value><value key="TrainFitness" datatype="5" valuetype="1" ModelId="10">907.317073170732</value><value key="TrainFitness" datatype="5" valuetype="1" ModelId="11">911.980440097799</value><value key="TrainFitness" datatype="5" valuetype="1" ModelId="12">916.666666666667</value><value key="TrainFitness" datatype="5" valuetype="1" ModelId="13">926.108374384236</value><value key="TrainFitness" datatype="5" valuetype="1" ModelId="14">930.864197530864</value><value key="TrainAccuracy" datatype="5" valuetype="1" ModelId="1">86.96</value><value key="TrainAccuracy" datatype="5" valuetype="1" ModelId="2">86.96</value><value key="TrainAccuracy" datatype="5" valuetype="1" ModelId="3">87.21</value><value key="TrainAccuracy" datatype="5" valuetype="1" ModelId="4">86.45</value><value key="TrainAccuracy" datatype="5" valuetype="1" ModelId="5">86.7</value><value key="TrainAccuracy" datatype="5" valuetype="1" ModelId="6">89.51</value><value key="TrainAccuracy" datatype="5" valuetype="1" ModelId="7">93.61</value><value key="TrainAccuracy" datatype="5" valuetype="1" ModelId="8">94.12</value><value key="TrainAccuracy" datatype="5" valuetype="1" ModelId="9">94.37</value><value key="TrainAccuracy" datatype="5" valuetype="1" ModelId="10">95.14</value><value key="TrainAccuracy" datatype="5" valuetype="1" ModelId="11">95.4</value><value key="TrainAccuracy" datatype="5" valuetype="1" ModelId="12">95.65</value><value key="TrainAccuracy" datatype="5" valuetype="1" ModelId="13">96.16</value><value key="TrainAccuracy" datatype="5" valuetype="1" ModelId="14">96.42</value><value key="TestFitness" datatype="5" valuetype="1" ModelId="1">633.333333333333</value><value key="TestFitness" datatype="5" valuetype="1" ModelId="2">633.333333333333</value><value key="TestFitness" datatype="5" valuetype="1" ModelId="3">604.575163398693</value><value key="TestFitness" datatype="5" valuetype="1" ModelId="4">604.575163398693</value><value key="TestFitness" datatype="5" valuetype="1" ModelId="5">633.333333333333</value><value key="TestFitness" datatype="5" valuetype="1" ModelId="6">723.562152133581</value><value key="TestFitness" datatype="5" valuetype="1" ModelId="7">1000</value><value key="TestFitness" datatype="5" valuetype="1" ModelId="8">955.555555555556</value><value key="TestFitness" datatype="5" valuetype="1" ModelId="9">955.555555555556</value><value key="TestFitness" datatype="5" valuetype="1" ModelId="10">955.555555555556</value><value key="TestFitness" datatype="5" valuetype="1" ModelId="11">955.555555555556</value><value key="TestFitness" datatype="5" valuetype="1" ModelId="12">830.0395256917</value><value key="TestFitness" datatype="5" valuetype="1" ModelId="13">830.0395256917</value><value key="TestFitness" datatype="5" valuetype="1" ModelId="14">955.555555555556</value><value key="TestAccuracy" datatype="5" valuetype="1" ModelId="1">86.36</value><value key="TestAccuracy" datatype="5" valuetype="1" ModelId="2">86.36</value><value key="TestAccuracy" datatype="5" valuetype="1" ModelId="3">84.09</value><value key="TestAccuracy" datatype="5" valuetype="1" ModelId="4">84.09</value><value key="TestAccuracy" datatype="5" valuetype="1" ModelId="5">86.36</value><value key="TestAccuracy" datatype="5" valuetype="1" ModelId="6">88.64</value><value key="TestAccuracy" datatype="5" valuetype="1" ModelId="7">100</value><value key="TestAccuracy" datatype="5" valuetype="1" ModelId="8">97.73</value><value key="TestAccuracy" datatype="5" valuetype="1" ModelId="9">97.73</value><value key="TestAccuracy" datatype="5" valuetype="1" ModelId="10">97.73</value><value key="TestAccuracy" datatype="5" valuetype="1" ModelId="11">97.73</value><value key="TestAccuracy" datatype="5" valuetype="1" ModelId="12">95.45</value><value key="TestAccuracy" datatype="5" valuetype="1" ModelId="13">95.45</value><value key="TestAccuracy" datatype="5" valuetype="1" ModelId="14">97.73</value><value key="Size" datatype="3" valuetype="1" ModelId="1">5</value><value key="Size" datatype="3" valuetype="1" ModelId="2">5</value><value key="Size" datatype="3" valuetype="1" ModelId="3">6</value><value key="Size" datatype="3" valuetype="1" ModelId="4">6</value><value key="Size" datatype="3" valuetype="1" ModelId="5">6</value><value key="Size" datatype="3" valuetype="1" ModelId="6">4</value><value key="Size" datatype="3" valuetype="1" ModelId="7">4</value><value key="Size" datatype="3" valuetype="1" ModelId="8">4</value><value key="Size" datatype="3" valuetype="1" ModelId="9">4</value><value key="Size" datatype="3" valuetype="1" ModelId="10">3</value><value key="Size" datatype="3" valuetype="1" ModelId="11">4</value><value key="Size" datatype="3" valuetype="1" ModelId="12">4</value><value key="Size" datatype="3" valuetype="1" ModelId="13">4</value><value key="Size" datatype="3" valuetype="1" ModelId="14">4</value><value key="Generation" datatype="5" valuetype="1" ModelId="1">0</value><value key="Generation" datatype="5" valuetype="1" ModelId="2">1</value><value key="Generation" datatype="5" valuetype="1" ModelId="3">2</value><value key="Generation" datatype="5" valuetype="1" ModelId="4">5</value><value key="Generation" datatype="5" valuetype="1" ModelId="5">7</value><value key="Generation" datatype="5" valuetype="1" ModelId="6">21</value><value key="Generation" datatype="5" valuetype="1" ModelId="7">30</value><value key="Generation" datatype="5" valuetype="1" ModelId="8">33</value><value key="Generation" datatype="5" valuetype="1" ModelId="9">97</value><value key="Generation" datatype="5" valuetype="1" ModelId="10">137</value><value key="Generation" datatype="5" valuetype="1" ModelId="11">146</value><value key="Generation" datatype="5" valuetype="1" ModelId="12">170</value><value key="Generation" datatype="5" valuetype="1" ModelId="13">6898</value><value key="Generation" datatype="5" valuetype="1" ModelId="14">7419</value><value key="RunIndex" datatype="5" valuetype="1" ModelId="1">1</value><value key="RunIndex" datatype="5" valuetype="1" ModelId="2">1</value><value key="RunIndex" datatype="5" valuetype="1" ModelId="3">1</value><value key="RunIndex" datatype="5" valuetype="1" ModelId="4">1</value><value key="RunIndex" datatype="5" valuetype="1" ModelId="5">1</value><value key="RunIndex" datatype="5" valuetype="1" ModelId="6">1</value><value key="RunIndex" datatype="5" valuetype="1" ModelId="7">1</value><value key="RunIndex" datatype="5" valuetype="1" ModelId="8">1</value><value key="RunIndex" datatype="5" valuetype="1" ModelId="9">1</value><value key="RunIndex" datatype="5" valuetype="1" ModelId="10">1</value><value key="RunIndex" datatype="5" valuetype="1" ModelId="11">1</value><value key="RunIndex" datatype="5" valuetype="1" ModelId="12">1</value><value key="RunIndex" datatype="5" valuetype="1" ModelId="13">1</value><value key="RunIndex" datatype="5" valuetype="1" ModelId="14">1</value><value key="Literals" datatype="3" valuetype="-1" ModelId="1">2</value><value key="Variables" datatype="8" valuetype="-1" ModelId="1">adoption-of-the-budget-resolution_y_min(1), crime_y_max(1)</value><value key="Literals" datatype="3" valuetype="-1" ModelId="2">2</value><value key="Variables" datatype="8" valuetype="-1" ModelId="2">adoption-of-the-budget-resolution_y_min(1), crime_y_max(1)</value><value key="Literals" datatype="3" valuetype="-1" ModelId="3">3</value><value key="Variables" datatype="8" valuetype="-1" ModelId="3">adoption-of-the-budget-resolution_y_min(1), aid-to-nicaraguan-contras_u_min(1), crime_y_max(1)</value><value key="Literals" datatype="3" valuetype="-1" ModelId="4">3</value><value key="Variables" datatype="8" valuetype="-1" ModelId="4">adoption-of-the-budget-resolution_y_min(2), aid-to-nicaraguan-contras_u_min(1)</value><value key="Literals" datatype="3" valuetype="-1" ModelId="5">4</value><value key="Variables" datatype="8" valuetype="-1" ModelId="5">adoption-of-the-budget-resolution_y_min(3), aid-to-nicaraguan-contras_u_min(1)</value><value key="Literals" datatype="3" valuetype="-1" ModelId="6">2</value><value key="Variables" datatype="8" valuetype="-1" ModelId="6">adoption-of-the-budget-resolution_y_min(1), el-salvador-aid_n_min(1)</value><value key="Literals" datatype="3" valuetype="-1" ModelId="7">2</value><value key="Variables" datatype="8" valuetype="-1" ModelId="7">physician-fee-freeze_n_min(1), el-salvador-aid_n_min(1)</value><value key="Literals" datatype="3" valuetype="-1" ModelId="8">1</value><value key="Variables" datatype="8" valuetype="-1" ModelId="8">physician-fee-freeze_n_min(1)</value><value key="Literals" datatype="3" valuetype="-1" ModelId="9">2</value><value key="Variables" datatype="8" valuetype="-1" ModelId="9">physician-fee-freeze_n_min(1), crime_n_min(1)</value><value key="Literals" datatype="3" valuetype="-1" ModelId="10">2</value><value key="Variables" datatype="8" valuetype="-1" ModelId="10">crime_n_min(1), physician-fee-freeze_y_max(1)</value><value key="Literals" datatype="3" valuetype="-1" ModelId="11">2</value><value key="Variables" datatype="8" valuetype="-1" ModelId="11">physician-fee-freeze_y_max(2)</value><value key="Literals" datatype="3" valuetype="-1" ModelId="12">2</value><value key="Variables" datatype="8" valuetype="-1" ModelId="12">adoption-of-the-budget-resolution_u_min(1), physician-fee-freeze_y_max(1)</value><value key="Literals" datatype="3" valuetype="-1" ModelId="13">3</value><value key="Variables" datatype="8" valuetype="-1" ModelId="13">adoption-of-the-budget-resolution_n_min(1), physician-fee-freeze_y_max(1), anti-satellite-test-ban_y_max(1)</value><value key="Literals" datatype="3" valuetype="-1" ModelId="14">3</value><value key="Variables" datatype="8" valuetype="-1" ModelId="14">adoption-of-the-budget-resolution_n_min(1), physician-fee-freeze_y_max(1), export-administration-act-south-africa_y_max(1)</value><value key="VariableImportance" datatype="8" valuetype="-1" ModelId="14">adoption-of-the-budget-resolution_n_min(0.264009960111566), physician-fee-freeze_y_max(0.724835920457872), export-administration-act-south-africa_y_max(1.11541194305616E-02)</value></run></report>
