<summary><value key="AverageTrainFitness" datatype="5" valuetype="4">930.864197530864</value><value key="AverageTrainRSQuare" datatype="5" valuetype="4">0.64662617587053</value><value key="AverageTrainAccuracy" datatype="5" valuetype="4">96.42</value><value key="MaxTrainFitness" datatype="5" valuetype="4">1000</value><value key="MaxTestFitness" datatype="5" valuetype="4">1000</value><value key="TrainSuccessCount" datatype="3" valuetype="4">0</value><value key="TrainSuccessRate" datatype="5" valuetype="4">0</value><value key="BestTrainFitness" datatype="5" valuetype="4">930.864197530864</value><value key="BestTrainFitnessRun" datatype="3" valuetype="4">1</value><value key="BestTrainFitnessHistory" datatype="3" valuetype="4">1</value><value key="BestTrainFitnessModelId" datatype="3" valuetype="4">14</value><value key="BestTrainFitnessModelSize" datatype="3" valuetype="4">4</value><value key="BestTrainFitnessModelLiterals" datatype="3" valuetype="4">3</value><value key="BestTrainFitnessModelTerminals" datatype="8" valuetype="4">adoption-of-the-budget-resolution_n_min(1), physician-fee-freeze_y_max(1), export-administration-act-south-africa_y_max(1)</value><value key="BestTrainFitnessModelVariableImportance" datatype="8" valuetype="4">adoption-of-the-budget-resolution_n_min(0.204429674916981), physician-fee-freeze_y_max(0.748705634626343), export-administration-act-south-africa_y_max(4.68646904566763E-02)</value><value key="BestTrainAccuracy" datatype="5" valuetype="4">96.42</value><value key="BestTrainAccuracyRun" datatype="3" valuetype="4">1</value><value key="BestTrainAccuracyHistory" datatype="3" valuetype="4">1</value><value key="BestTrainAccuracyModelId" datatype="3" valuetype="4">14</value><value key="BestTrainAccuracyModelSize" datatype="3" valuetype="4">4</value><value key="BestTrainAccuracyModelLiterals" datatype="3" valuetype="4">3</value><value key="BestTrainAccuracyModelTerminals" datatype="8" valuetype="4">adoption-of-the-budget-resolution_n_min(1), physician-fee-freeze_y_max(1), export-administration-act-south-africa_y_max(1)</value><value key="BestTrainAccuracyModelVariableImportance" datatype="8" valuetype="4">adoption-of-the-budget-resolution_n_min(0.204429674916981), physician-fee-freeze_y_max(0.748705634626343), export-administration-act-south-africa_y_max(4.68646904566763E-02)</value><value key="BestTrainRSQuare" datatype="5" valuetype="4">0.64662617587053</value><value key="BestTrainRSQuareRun" datatype="3" valuetype="4">1</value><value key="BestTrainRSQuareHistory" datatype="3" valuetype="4">1</value><value key="BestTrainRSQuareModelId" datatype="3" valuetype="4">14</value><value key="BestTrainRSQuareModelSize" datatype="3" valuetype="4">4</value><value key="BestTrainRSQuareModelLiterals" datatype="3" valuetype="4">3</value><value key="BestTrainRSQuareModelTerminals" datatype="8" valuetype="4">adoption-of-the-budget-resolution_n_min(1), physician-fee-freeze_y_max(1), export-administration-act-south-africa_y_max(1)</value><value key="BestTrainRSQuareModelVariableImportance" datatype="8" valuetype="4">adoption-of-the-budget-resolution_n_min(0.204429674916981), physician-fee-freeze_y_max(0.748705634626343), export-administration-act-south-africa_y_max(4.68646904566763E-02)</value><value key="TestSuccessCount" datatype="3" valuetype="4">1</value><value key="TestSuccessRate" datatype="5" valuetype="4">100</value><value key="AverageTestFitness" datatype="5" valuetype="4">955.555555555556</value><value key="AverageTestRSQuare" datatype="5" valuetype="4">0.606707171715287</value><value key="AverageTestAccuracy" datatype="5" valuetype="4">97.73</value><value key="BestTestFitness" datatype="5" valuetype="4">1000</value><value key="BestTestFitnessRun" datatype="3" valuetype="4">1</value><value key="BestTestFitnessHistory" datatype="3" valuetype="4">1</value><value key="BestTestFitnessModelId" datatype="3" valuetype="4">7</value><value key="BestTestFitnessModelSize" datatype="3" valuetype="4">4</value><value key="BestTestFitnessModelLiterals" datatype="3" valuetype="4">2</value><value key="BestTestFitnessModelTerminals" datatype="8" valuetype="4">physician-fee-freeze_n_min(1), el-salvador-aid_n_min(1)</value><value key="BestTestFitnessModelVariableImportance" datatype="8" valuetype="4">physician-fee-freeze_n_min(0.730098557174747), el-salvador-aid_n_min(0.269901442825253)</value><value key="BestTestAccuracy" datatype="5" valuetype="4">100</value><value key="BestTestAccuracyRun" datatype="3" valuetype="4">1</value><value key="BestTestAccuracyHistory" datatype="3" valuetype="4">1</value><value key="BestTestAccuracyModelId" datatype="3" valuetype="4">7</value><value key="BestTestAccuracyModelSize" datatype="3" valuetype="4">4</value><value key="BestTestAccuracyModelLiterals" datatype="3" valuetype="4">2</value><value key="BestTestAccuracyModelTerminals" datatype="8" valuetype="4">physician-fee-freeze_n_min(1), el-salvador-aid_n_min(1)</value><value key="BestTestAccuracyModelVariableImportance" datatype="8" valuetype="4">physician-fee-freeze_n_min(0.730098557174747), el-salvador-aid_n_min(0.269901442825253)</value><value key="BestTestRSQuare" datatype="5" valuetype="4">0.802333001505953</value><value key="BestTestRSQuareRun" datatype="3" valuetype="4">1</value><value key="BestTestRSQuareHistory" datatype="3" valuetype="4">1</value><value key="BestTestRSQuareModelId" datatype="3" valuetype="4">7</value><value key="BestTestRSQuareModelSize" datatype="3" valuetype="4">4</value><value key="BestTestRSQuareModelLiterals" datatype="3" valuetype="4">2</value><value key="BestTestRSQuareModelTerminals" datatype="8" valuetype="4">physician-fee-freeze_n_min(1), el-salvador-aid_n_min(1)</value><value key="BestTestRSQuareModelVariableImportance" datatype="8" valuetype="4">physician-fee-freeze_n_min(0.730098557174747), el-salvador-aid_n_min(0.269901442825253)</value><value key="DefinitionFile" datatype="8" valuetype="4">../vote_1_2_3_jobdef.xml</value></summary>
