<log created='11/30/2019 13:25:58' name='vote_template_classification_000001'>
<item created='11/30/2019 13:25:58' severity='0'>Processing run 1...</item>
<item created='11/30/2019 13:25:58' severity='0'>Applied setting Genes (2)</item>
<item created='11/30/2019 13:25:58' severity='0'>Applied setting HeadSize (1)</item>
<item created='11/30/2019 13:25:58' severity='0'>Applied setting FitnessFunction (11)</item>
<item created='11/30/2019 13:25:58' severity='0'>Applied setting RoundingThreshold (0.5)</item>
<item created='11/30/2019 13:25:58' severity='0'>Changed function * to weight 2.</item>
<item created='11/30/2019 13:25:58' severity='0'>Loading data from file vote_TRAIN_fold_3.csv ...</item>
<item created='11/30/2019 13:25:59' severity='0'>Loading data from file vote_TEST_fold_3.csv ...</item>
<item created='11/30/2019 13:26:00' severity='0'>Loading run file... vote_1_2_3\vote_template_classification_000001.gep</item>
<item created='11/30/2019 13:26:00' severity='0'>Initializing run...</item>
<item created='11/30/2019 13:26:00' severity='0'>Training Set size: 391</item>
<item created='11/30/2019 13:26:00' severity='0'>Dataset loaded.</item>
<item created='11/30/2019 13:26:00' severity='0'>Starting...</item>
<item created='11/30/2019 13:26:00' severity='0'>Generation: 0 (641.025641025641, 86.96% (340))</item>
<item created='11/30/2019 13:26:02' severity='0'>Generation: 628 (916.666666666667, 95.65% (374))</item>
<item created='11/30/2019 13:26:04' severity='0'>Generation: 1905 (916.666666666667, 95.65% (374))</item>
<item created='11/30/2019 13:26:06' severity='0'>Generation: 3543 (916.666666666667, 95.65% (374))</item>
<item created='11/30/2019 13:26:08' severity='0'>Generation: 5242 (916.666666666667, 95.65% (374))</item>
<item created='11/30/2019 13:26:10' severity='0'>Generation: 6950 (926.108374384236, 96.16% (376))</item>
<item created='11/30/2019 13:26:12' severity='0'>Generation: 8454 (930.864197530864, 96.42% (377))</item>
<item created='11/30/2019 13:26:14' severity='0'>Generation: 9850 (930.864197530864, 96.42% (377))</item>
<item created='11/30/2019 13:26:16' severity='0'>Generation: 11345 (930.864197530864, 96.42% (377))</item>
<item created='11/30/2019 13:26:18' severity='0'>Generation: 12688 (930.864197530864, 96.42% (377))</item>
<item created='11/30/2019 13:26:20' severity='0'>Generation: 14002 (930.864197530864, 96.42% (377))</item>
<item created='11/30/2019 13:26:22' severity='0'>Generation: 15362 (930.864197530864, 96.42% (377))</item>
<item created='11/30/2019 13:26:24' severity='0'>Generation: 16822 (930.864197530864, 96.42% (377))</item>
<item created='11/30/2019 13:26:26' severity='0'>Generation: 18291 (930.864197530864, 96.42% (377))</item>
<item created='11/30/2019 13:26:28' severity='0'>Generation: 19747 (930.864197530864, 96.42% (377))</item>
<item created='11/30/2019 13:26:28' severity='0'>Finished run.</item>
<item created='11/30/2019 13:26:28' severity='0'>Models created: 14</item>
<item created='11/30/2019 13:26:28' severity='0'>Models: 14</item>
<item created='11/30/2019 13:26:28' severity='0'>Last Model: 14</item>
<item created='11/30/2019 13:26:28' severity='0'>Generation: 7419</item>
<item created='11/30/2019 13:26:28' severity='0'>Training Fitness: 930.864197530864</item>
<item created='11/30/2019 13:26:28' severity='0'>Training Accuracy: 96.42%</item>
<item created='11/30/2019 13:26:28' severity='0'>Success</item>
<item created='11/30/2019 13:26:28' severity='0'>Loading run file... vote_1_2_3\vote_template_classification_000001.gep</item>
<item created='11/30/2019 13:26:28' severity='0'>Initializing tests for all models...</item>
<item created='11/30/2019 13:26:28' severity='0'>Testing model 1 on the Validation Set with 44 records..............</item>
<item created='11/30/2019 13:26:28' severity='0'>Testing model 2 on the Validation Set with 44 records..............</item>
<item created='11/30/2019 13:26:28' severity='0'>Testing model 3 on the Validation Set with 44 records..............</item>
<item created='11/30/2019 13:26:28' severity='0'>Testing model 4 on the Validation Set with 44 records..............</item>
<item created='11/30/2019 13:26:28' severity='0'>Testing model 5 on the Validation Set with 44 records..............</item>
<item created='11/30/2019 13:26:28' severity='0'>Testing model 6 on the Validation Set with 44 records..............</item>
<item created='11/30/2019 13:26:28' severity='0'>Testing model 7 on the Validation Set with 44 records..............</item>
<item created='11/30/2019 13:26:28' severity='0'>Testing model 8 on the Validation Set with 44 records..............</item>
<item created='11/30/2019 13:26:28' severity='0'>Testing model 9 on the Validation Set with 44 records..............</item>
<item created='11/30/2019 13:26:28' severity='0'>Testing model 10 on the Validation Set with 44 records..............</item>
<item created='11/30/2019 13:26:28' severity='0'>Testing model 11 on the Validation Set with 44 records..............</item>
<item created='11/30/2019 13:26:29' severity='0'>Testing model 12 on the Validation Set with 44 records..............</item>
<item created='11/30/2019 13:26:29' severity='0'>Testing model 13 on the Validation Set with 44 records..............</item>
<item created='11/30/2019 13:26:29' severity='0'>Testing model 14 on the Validation Set with 44 records..............</item>
<item created='11/30/2019 13:26:29' severity='0'>Success</item>
</log>
