<report id="0"><run id="1" name="vote_template_classification_000001.gep"><value key="HasTestingSet" datatype="3" valuetype="0">1</value><value key="TrainFitness" datatype="5" valuetype="1" ModelId="1">767.914438502674</value><value key="TrainFitness" datatype="5" valuetype="1" ModelId="2">912.19512195122</value><value key="TrainFitness" datatype="5" valuetype="1" ModelId="3">916.870415647922</value><value key="TrainFitness" datatype="5" valuetype="1" ModelId="4">921.56862745098</value><value key="TrainFitness" datatype="5" valuetype="1" ModelId="5">926.289926289926</value><value key="TrainAccuracy" datatype="5" valuetype="1" ModelId="1">91.58</value><value key="TrainAccuracy" datatype="5" valuetype="1" ModelId="2">95.41</value><value key="TrainAccuracy" datatype="5" valuetype="1" ModelId="3">95.66</value><value key="TrainAccuracy" datatype="5" valuetype="1" ModelId="4">95.92</value><value key="TrainAccuracy" datatype="5" valuetype="1" ModelId="5">96.17</value><value key="TestFitness" datatype="5" valuetype="1" ModelId="1">954.545454545455</value><value key="TestFitness" datatype="5" valuetype="1" ModelId="2">954.545454545455</value><value key="TestFitness" datatype="5" valuetype="1" ModelId="3">954.545454545455</value><value key="TestFitness" datatype="5" valuetype="1" ModelId="4">954.545454545455</value><value key="TestFitness" datatype="5" valuetype="1" ModelId="5">954.545454545455</value><value key="TestAccuracy" datatype="5" valuetype="1" ModelId="1">97.67</value><value key="TestAccuracy" datatype="5" valuetype="1" ModelId="2">97.67</value><value key="TestAccuracy" datatype="5" valuetype="1" ModelId="3">97.67</value><value key="TestAccuracy" datatype="5" valuetype="1" ModelId="4">97.67</value><value key="TestAccuracy" datatype="5" valuetype="1" ModelId="5">97.67</value><value key="Size" datatype="3" valuetype="1" ModelId="1">8</value><value key="Size" datatype="3" valuetype="1" ModelId="2">8</value><value key="Size" datatype="3" valuetype="1" ModelId="3">9</value><value key="Size" datatype="3" valuetype="1" ModelId="4">7</value><value key="Size" datatype="3" valuetype="1" ModelId="5">7</value><value key="Generation" datatype="5" valuetype="1" ModelId="1">0</value><value key="Generation" datatype="5" valuetype="1" ModelId="2">4</value><value key="Generation" datatype="5" valuetype="1" ModelId="3">4648</value><value key="Generation" datatype="5" valuetype="1" ModelId="4">5924</value><value key="Generation" datatype="5" valuetype="1" ModelId="5">6207</value><value key="RunIndex" datatype="5" valuetype="1" ModelId="1">1</value><value key="RunIndex" datatype="5" valuetype="1" ModelId="2">1</value><value key="RunIndex" datatype="5" valuetype="1" ModelId="3">1</value><value key="RunIndex" datatype="5" valuetype="1" ModelId="4">1</value><value key="RunIndex" datatype="5" valuetype="1" ModelId="5">1</value><value key="Literals" datatype="3" valuetype="-1" ModelId="1">3</value><value key="Variables" datatype="8" valuetype="-1" ModelId="1">physician-fee-freeze_y_max(1), religious-groups-in-schools_u_max(1), religious-groups-in-schools_y_max(1)</value><value key="Literals" datatype="3" valuetype="-1" ModelId="2">3</value><value key="Variables" datatype="8" valuetype="-1" ModelId="2">physician-fee-freeze_y_max(2), religious-groups-in-schools_u_max(1)</value><value key="Literals" datatype="3" valuetype="-1" ModelId="3">5</value><value key="Variables" datatype="8" valuetype="-1" ModelId="3">adoption-of-the-budget-resolution_u_min(1), physician-fee-freeze_y_max(3), anti-satellite-test-ban_u_max(1)</value><value key="Literals" datatype="3" valuetype="-1" ModelId="4">4</value><value key="Variables" datatype="8" valuetype="-1" ModelId="4">religious-groups-in-schools_u_min(1), physician-fee-freeze_y_max(1), mx-missile_u_max(1), immigration_u_max(1)</value><value key="Literals" datatype="3" valuetype="-1" ModelId="5">5</value><value key="Variables" datatype="8" valuetype="-1" ModelId="5">physician-fee-freeze_u_min(2), physician-fee-freeze_y_max(1), mx-missile_u_max(1), education-spending_y_max(1)</value><value key="VariableImportance" datatype="8" valuetype="-1" ModelId="5">physician-fee-freeze_u_min(5.96849569816238E-02), physician-fee-freeze_y_max(0.872989375983402), mx-missile_u_max(2.17410623136508E-02), education-spending_y_max(0.045584604721323)</value></run></report>
