<log created='11/30/2019 13:35:39' name='vote_template_classification_000001'>
<item created='11/30/2019 13:35:39' severity='0'>Processing run 1...</item>
<item created='11/30/2019 13:35:39' severity='0'>Applied setting Genes (3)</item>
<item created='11/30/2019 13:35:39' severity='0'>Applied setting HeadSize (1)</item>
<item created='11/30/2019 13:35:39' severity='0'>Applied setting FitnessFunction (11)</item>
<item created='11/30/2019 13:35:39' severity='0'>Applied setting RoundingThreshold (0.5)</item>
<item created='11/30/2019 13:35:39' severity='0'>Changed function * to weight 2.</item>
<item created='11/30/2019 13:35:39' severity='0'>Loading data from file vote_TRAIN_fold_8.csv ...</item>
<item created='11/30/2019 13:35:40' severity='0'>Loading data from file vote_TEST_fold_8.csv ...</item>
<item created='11/30/2019 13:35:41' severity='0'>Loading run file... vote_1_3_8\vote_template_classification_000001.gep</item>
<item created='11/30/2019 13:35:41' severity='0'>Initializing run...</item>
<item created='11/30/2019 13:35:41' severity='0'>Training Set size: 392</item>
<item created='11/30/2019 13:35:41' severity='0'>Dataset loaded.</item>
<item created='11/30/2019 13:35:41' severity='0'>Starting...</item>
<item created='11/30/2019 13:35:41' severity='0'>Generation: 0 (767.914438502674, 91.58% (359))</item>
<item created='11/30/2019 13:35:43' severity='0'>Generation: 703 (912.19512195122, 95.41% (374))</item>
<item created='11/30/2019 13:35:45' severity='0'>Generation: 1678 (912.19512195122, 95.41% (374))</item>
<item created='11/30/2019 13:35:47' severity='0'>Generation: 2860 (912.19512195122, 95.41% (374))</item>
<item created='11/30/2019 13:35:49' severity='0'>Generation: 3830 (912.19512195122, 95.41% (374))</item>
<item created='11/30/2019 13:35:51' severity='0'>Generation: 4779 (916.870415647922, 95.66% (375))</item>
<item created='11/30/2019 13:35:53' severity='0'>Generation: 5750 (916.870415647922, 95.66% (375))</item>
<item created='11/30/2019 13:35:55' severity='0'>Generation: 6848 (926.289926289926, 96.17% (377))</item>
<item created='11/30/2019 13:35:57' severity='0'>Generation: 7905 (926.289926289926, 96.17% (377))</item>
<item created='11/30/2019 13:35:59' severity='0'>Generation: 8992 (926.289926289926, 96.17% (377))</item>
<item created='11/30/2019 13:36:01' severity='0'>Generation: 10107 (926.289926289926, 96.17% (377))</item>
<item created='11/30/2019 13:36:03' severity='0'>Generation: 11187 (926.289926289926, 96.17% (377))</item>
<item created='11/30/2019 13:36:05' severity='0'>Generation: 12334 (926.289926289926, 96.17% (377))</item>
<item created='11/30/2019 13:36:07' severity='0'>Generation: 13428 (926.289926289926, 96.17% (377))</item>
<item created='11/30/2019 13:36:09' severity='0'>Generation: 14532 (926.289926289926, 96.17% (377))</item>
<item created='11/30/2019 13:36:11' severity='0'>Generation: 15653 (926.289926289926, 96.17% (377))</item>
<item created='11/30/2019 13:36:13' severity='0'>Generation: 16778 (926.289926289926, 96.17% (377))</item>
<item created='11/30/2019 13:36:15' severity='0'>Generation: 17909 (926.289926289926, 96.17% (377))</item>
<item created='11/30/2019 13:36:17' severity='0'>Generation: 19033 (926.289926289926, 96.17% (377))</item>
<item created='11/30/2019 13:36:18' severity='0'>Finished run.</item>
<item created='11/30/2019 13:36:18' severity='0'>Models created: 5</item>
<item created='11/30/2019 13:36:18' severity='0'>Models: 5</item>
<item created='11/30/2019 13:36:18' severity='0'>Last Model: 5</item>
<item created='11/30/2019 13:36:18' severity='0'>Generation: 6207</item>
<item created='11/30/2019 13:36:18' severity='0'>Training Fitness: 926.289926289926</item>
<item created='11/30/2019 13:36:18' severity='0'>Training Accuracy: 96.17%</item>
<item created='11/30/2019 13:36:18' severity='0'>Success</item>
<item created='11/30/2019 13:36:19' severity='0'>Loading run file... vote_1_3_8\vote_template_classification_000001.gep</item>
<item created='11/30/2019 13:36:19' severity='0'>Initializing tests for all models...</item>
<item created='11/30/2019 13:36:19' severity='0'>Testing model 1 on the Validation Set with 43 records.............</item>
<item created='11/30/2019 13:36:19' severity='0'>Testing model 2 on the Validation Set with 43 records.............</item>
<item created='11/30/2019 13:36:19' severity='0'>Testing model 3 on the Validation Set with 43 records.............</item>
<item created='11/30/2019 13:36:19' severity='0'>Testing model 4 on the Validation Set with 43 records.............</item>
<item created='11/30/2019 13:36:19' severity='0'>Testing model 5 on the Validation Set with 43 records.............</item>
<item created='11/30/2019 13:36:19' severity='0'>Success</item>
</log>
