<log created='11/30/2019 13:22:24' name='vote_template_classification_000001'>
<item created='11/30/2019 13:22:24' severity='0'>Processing run 1...</item>
<item created='11/30/2019 13:22:24' severity='0'>Applied setting Genes (1)</item>
<item created='11/30/2019 13:22:24' severity='0'>Applied setting HeadSize (1)</item>
<item created='11/30/2019 13:22:24' severity='0'>Applied setting FitnessFunction (11)</item>
<item created='11/30/2019 13:22:24' severity='0'>Applied setting RoundingThreshold (0.5)</item>
<item created='11/30/2019 13:22:24' severity='0'>Changed function * to weight 2.</item>
<item created='11/30/2019 13:22:24' severity='0'>Loading data from file vote_TRAIN_fold_5.csv ...</item>
<item created='11/30/2019 13:22:25' severity='0'>Loading data from file vote_TEST_fold_5.csv ...</item>
<item created='11/30/2019 13:22:26' severity='0'>Loading run file... vote_1_1_5\vote_template_classification_000001.gep</item>
<item created='11/30/2019 13:22:26' severity='0'>Initializing run...</item>
<item created='11/30/2019 13:22:26' severity='0'>Training Set size: 391</item>
<item created='11/30/2019 13:22:26' severity='0'>Dataset loaded.</item>
<item created='11/30/2019 13:22:26' severity='0'>Starting...</item>
<item created='11/30/2019 13:22:26' severity='0'>Generation: 0 (592.633114514953, 83.12% (325))</item>
<item created='11/30/2019 13:22:28' severity='0'>Generation: 1449 (907.317073170732, 95.14% (372))</item>
<item created='11/30/2019 13:22:30' severity='0'>Generation: 3347 (907.317073170732, 95.14% (372))</item>
<item created='11/30/2019 13:22:32' severity='0'>Generation: 5446 (907.317073170732, 95.14% (372))</item>
<item created='11/30/2019 13:22:34' severity='0'>Generation: 7311 (907.317073170732, 95.14% (372))</item>
<item created='11/30/2019 13:22:36' severity='0'>Generation: 9267 (907.317073170732, 95.14% (372))</item>
<item created='11/30/2019 13:22:38' severity='0'>Generation: 11471 (907.317073170732, 95.14% (372))</item>
<item created='11/30/2019 13:22:40' severity='0'>Generation: 13659 (907.317073170732, 95.14% (372))</item>
<item created='11/30/2019 13:22:42' severity='0'>Generation: 15850 (907.317073170732, 95.14% (372))</item>
<item created='11/30/2019 13:22:44' severity='0'>Generation: 18076 (907.317073170732, 95.14% (372))</item>
<item created='11/30/2019 13:22:45' severity='0'>Finished run.</item>
<item created='11/30/2019 13:22:45' severity='0'>Models created: 4</item>
<item created='11/30/2019 13:22:45' severity='0'>Models: 4</item>
<item created='11/30/2019 13:22:45' severity='0'>Last Model: 4</item>
<item created='11/30/2019 13:22:45' severity='0'>Generation: 99</item>
<item created='11/30/2019 13:22:45' severity='0'>Training Fitness: 907.317073170732</item>
<item created='11/30/2019 13:22:45' severity='0'>Training Accuracy: 95.14%</item>
<item created='11/30/2019 13:22:45' severity='0'>Success</item>
<item created='11/30/2019 13:22:46' severity='0'>Loading run file... vote_1_1_5\vote_template_classification_000001.gep</item>
<item created='11/30/2019 13:22:46' severity='0'>Initializing tests for all models...</item>
<item created='11/30/2019 13:22:46' severity='0'>Testing model 1 on the Validation Set with 44 records..............</item>
<item created='11/30/2019 13:22:46' severity='0'>Testing model 2 on the Validation Set with 44 records..............</item>
<item created='11/30/2019 13:22:46' severity='0'>Testing model 3 on the Validation Set with 44 records..............</item>
<item created='11/30/2019 13:22:46' severity='0'>Testing model 4 on the Validation Set with 44 records..............</item>
<item created='11/30/2019 13:22:46' severity='0'>Success</item>
</log>
