<report id="0"><run id="1" name="vote_template_classification_000001.gep"><value key="HasTestingSet" datatype="3" valuetype="0">1</value><value key="TrainFitness" datatype="5" valuetype="1" ModelId="1">592.633114514953</value><value key="TrainFitness" datatype="5" valuetype="1" ModelId="2">598.901098901099</value><value key="TrainFitness" datatype="5" valuetype="1" ModelId="3">879.807692307692</value><value key="TrainFitness" datatype="5" valuetype="1" ModelId="4">907.317073170732</value><value key="TrainAccuracy" datatype="5" valuetype="1" ModelId="1">83.12</value><value key="TrainAccuracy" datatype="5" valuetype="1" ModelId="2">83.63</value><value key="TrainAccuracy" datatype="5" valuetype="1" ModelId="3">93.61</value><value key="TrainAccuracy" datatype="5" valuetype="1" ModelId="4">95.14</value><value key="TestFitness" datatype="5" valuetype="1" ModelId="1">576.923076923077</value><value key="TestFitness" datatype="5" valuetype="1" ModelId="2">663.265306122449</value><value key="TestFitness" datatype="5" valuetype="1" ModelId="3">1000</value><value key="TestFitness" datatype="5" valuetype="1" ModelId="4">1000</value><value key="TestAccuracy" datatype="5" valuetype="1" ModelId="1">81.82</value><value key="TestAccuracy" datatype="5" valuetype="1" ModelId="2">88.64</value><value key="TestAccuracy" datatype="5" valuetype="1" ModelId="3">100</value><value key="TestAccuracy" datatype="5" valuetype="1" ModelId="4">100</value><value key="Size" datatype="3" valuetype="1" ModelId="1">3</value><value key="Size" datatype="3" valuetype="1" ModelId="2">3</value><value key="Size" datatype="3" valuetype="1" ModelId="3">3</value><value key="Size" datatype="3" valuetype="1" ModelId="4">2</value><value key="Generation" datatype="5" valuetype="1" ModelId="1">0</value><value key="Generation" datatype="5" valuetype="1" ModelId="2">43</value><value key="Generation" datatype="5" valuetype="1" ModelId="3">93</value><value key="Generation" datatype="5" valuetype="1" ModelId="4">99</value><value key="RunIndex" datatype="5" valuetype="1" ModelId="1">1</value><value key="RunIndex" datatype="5" valuetype="1" ModelId="2">1</value><value key="RunIndex" datatype="5" valuetype="1" ModelId="3">1</value><value key="RunIndex" datatype="5" valuetype="1" ModelId="4">1</value><value key="Literals" datatype="3" valuetype="-1" ModelId="1">1</value><value key="Variables" datatype="8" valuetype="-1" ModelId="1">education-spending_n_min(1)</value><value key="Literals" datatype="3" valuetype="-1" ModelId="2">2</value><value key="Variables" datatype="8" valuetype="-1" ModelId="2">education-spending_n_min(1), education-spending_y_max(1)</value><value key="Literals" datatype="3" valuetype="-1" ModelId="3">2</value><value key="Variables" datatype="8" valuetype="-1" ModelId="3">physician-fee-freeze_n_min(1), el-salvador-aid_u_min(1)</value><value key="Literals" datatype="3" valuetype="-1" ModelId="4">1</value><value key="Variables" datatype="8" valuetype="-1" ModelId="4">physician-fee-freeze_y_max(1)</value><value key="VariableImportance" datatype="8" valuetype="-1" ModelId="4">physician-fee-freeze_y_max(1)</value></run></report>
