<report id="0"><run id="1" name="vote_template_classification_000001.gep"><value key="HasTestingSet" datatype="3" valuetype="0">1</value><value key="TrainFitness" datatype="5" valuetype="1" ModelId="1">647.727272727273</value><value key="TrainFitness" datatype="5" valuetype="1" ModelId="2">893.462469733656</value><value key="TrainFitness" datatype="5" valuetype="1" ModelId="3">911.980440097799</value><value key="TrainAccuracy" datatype="5" valuetype="1" ModelId="1">87.47</value><value key="TrainAccuracy" datatype="5" valuetype="1" ModelId="2">94.37</value><value key="TrainAccuracy" datatype="5" valuetype="1" ModelId="3">95.4</value><value key="TestFitness" datatype="5" valuetype="1" ModelId="1">872.340425531915</value><value key="TestFitness" datatype="5" valuetype="1" ModelId="2">913.04347826087</value><value key="TestFitness" datatype="5" valuetype="1" ModelId="3">955.555555555556</value><value key="TestAccuracy" datatype="5" valuetype="1" ModelId="1">93.18</value><value key="TestAccuracy" datatype="5" valuetype="1" ModelId="2">95.45</value><value key="TestAccuracy" datatype="5" valuetype="1" ModelId="3">97.73</value><value key="Size" datatype="3" valuetype="1" ModelId="1">3</value><value key="Size" datatype="3" valuetype="1" ModelId="2">1</value><value key="Size" datatype="3" valuetype="1" ModelId="3">1</value><value key="Generation" datatype="5" valuetype="1" ModelId="1">0</value><value key="Generation" datatype="5" valuetype="1" ModelId="2">12</value><value key="Generation" datatype="5" valuetype="1" ModelId="3">391</value><value key="RunIndex" datatype="5" valuetype="1" ModelId="1">1</value><value key="RunIndex" datatype="5" valuetype="1" ModelId="2">1</value><value key="RunIndex" datatype="5" valuetype="1" ModelId="3">1</value><value key="Literals" datatype="3" valuetype="-1" ModelId="1">2</value><value key="Variables" datatype="8" valuetype="-1" ModelId="1">el-salvador-aid_n_min(1), synfuels-corporation-cutback_y_min(1)</value><value key="Literals" datatype="3" valuetype="-1" ModelId="2">1</value><value key="Variables" datatype="8" valuetype="-1" ModelId="2">physician-fee-freeze_n_min(1)</value><value key="Literals" datatype="3" valuetype="-1" ModelId="3">1</value><value key="Variables" datatype="8" valuetype="-1" ModelId="3">physician-fee-freeze_y_max(1)</value><value key="VariableImportance" datatype="8" valuetype="-1" ModelId="3">physician-fee-freeze_y_max(1)</value></run></report>
