<log created='11/30/2019 13:20:45' name='vote_template_classification_000001'>
<item created='11/30/2019 13:20:45' severity='0'>Processing run 1...</item>
<item created='11/30/2019 13:20:45' severity='0'>Applied setting Genes (1)</item>
<item created='11/30/2019 13:20:45' severity='0'>Applied setting HeadSize (1)</item>
<item created='11/30/2019 13:20:45' severity='0'>Applied setting FitnessFunction (11)</item>
<item created='11/30/2019 13:20:45' severity='0'>Applied setting RoundingThreshold (0.5)</item>
<item created='11/30/2019 13:20:45' severity='0'>Changed function * to weight 2.</item>
<item created='11/30/2019 13:20:45' severity='0'>Loading data from file vote_TRAIN_fold_1.csv ...</item>
<item created='11/30/2019 13:20:46' severity='0'>Loading data from file vote_TEST_fold_1.csv ...</item>
<item created='11/30/2019 13:20:47' severity='0'>Loading run file... vote_1_1_1\vote_template_classification_000001.gep</item>
<item created='11/30/2019 13:20:47' severity='0'>Initializing run...</item>
<item created='11/30/2019 13:20:47' severity='0'>Training Set size: 391</item>
<item created='11/30/2019 13:20:47' severity='0'>Dataset loaded.</item>
<item created='11/30/2019 13:20:47' severity='0'>Starting...</item>
<item created='11/30/2019 13:20:47' severity='0'>Generation: 0 (647.727272727273, 87.47% (342))</item>
<item created='11/30/2019 13:20:49' severity='0'>Generation: 1263 (911.980440097799, 95.40% (373))</item>
<item created='11/30/2019 13:20:51' severity='0'>Generation: 3504 (911.980440097799, 95.40% (373))</item>
<item created='11/30/2019 13:20:53' severity='0'>Generation: 5687 (911.980440097799, 95.40% (373))</item>
<item created='11/30/2019 13:20:55' severity='0'>Generation: 7867 (911.980440097799, 95.40% (373))</item>
<item created='11/30/2019 13:20:57' severity='0'>Generation: 10043 (911.980440097799, 95.40% (373))</item>
<item created='11/30/2019 13:20:59' severity='0'>Generation: 12283 (911.980440097799, 95.40% (373))</item>
<item created='11/30/2019 13:21:01' severity='0'>Generation: 14491 (911.980440097799, 95.40% (373))</item>
<item created='11/30/2019 13:21:03' severity='0'>Generation: 16694 (911.980440097799, 95.40% (373))</item>
<item created='11/30/2019 13:21:05' severity='0'>Generation: 18991 (911.980440097799, 95.40% (373))</item>
<item created='11/30/2019 13:21:05' severity='0'>Finished run.</item>
<item created='11/30/2019 13:21:05' severity='0'>Models created: 3</item>
<item created='11/30/2019 13:21:05' severity='0'>Models: 3</item>
<item created='11/30/2019 13:21:05' severity='0'>Last Model: 3</item>
<item created='11/30/2019 13:21:05' severity='0'>Generation: 391</item>
<item created='11/30/2019 13:21:05' severity='0'>Training Fitness: 911.980440097799</item>
<item created='11/30/2019 13:21:05' severity='0'>Training Accuracy: 95.40%</item>
<item created='11/30/2019 13:21:06' severity='0'>Success</item>
<item created='11/30/2019 13:21:06' severity='0'>Loading run file... vote_1_1_1\vote_template_classification_000001.gep</item>
<item created='11/30/2019 13:21:06' severity='0'>Initializing tests for all models...</item>
<item created='11/30/2019 13:21:06' severity='0'>Testing model 1 on the Validation Set with 44 records..............</item>
<item created='11/30/2019 13:21:06' severity='0'>Testing model 2 on the Validation Set with 44 records..............</item>
<item created='11/30/2019 13:21:06' severity='0'>Testing model 3 on the Validation Set with 44 records..............</item>
<item created='11/30/2019 13:21:06' severity='0'>Success</item>
</log>
