<log created='11/30/2019 13:50:40' name='vote_template_classification_000001'>
<item created='11/30/2019 13:50:40' severity='0'>Processing run 1...</item>
<item created='11/30/2019 13:50:40' severity='0'>Applied setting Genes (5)</item>
<item created='11/30/2019 13:50:40' severity='0'>Applied setting HeadSize (1)</item>
<item created='11/30/2019 13:50:40' severity='0'>Applied setting FitnessFunction (11)</item>
<item created='11/30/2019 13:50:40' severity='0'>Applied setting RoundingThreshold (0.5)</item>
<item created='11/30/2019 13:50:40' severity='0'>Changed function * to weight 2.</item>
<item created='11/30/2019 13:50:40' severity='0'>Loading data from file vote_TRAIN_fold_4.csv ...</item>
<item created='11/30/2019 13:50:41' severity='0'>Loading data from file vote_TEST_fold_4.csv ...</item>
<item created='11/30/2019 13:50:43' severity='0'>Loading run file... vote_1_5_4\vote_template_classification_000001.gep</item>
<item created='11/30/2019 13:50:43' severity='0'>Initializing run...</item>
<item created='11/30/2019 13:50:43' severity='0'>Training Set size: 391</item>
<item created='11/30/2019 13:50:43' severity='0'>Dataset loaded.</item>
<item created='11/30/2019 13:50:43' severity='0'>Starting...</item>
<item created='11/30/2019 13:50:43' severity='0'>Generation: 0 (771.545239630346, 91.82% (359))</item>
<item created='11/30/2019 13:50:45' severity='0'>Generation: 549 (940.446650124069, 96.93% (379))</item>
<item created='11/30/2019 13:50:47' severity='0'>Generation: 1055 (950.124688279302, 97.44% (381))</item>
<item created='11/30/2019 13:50:49' severity='0'>Generation: 1697 (950.124688279302, 97.44% (381))</item>
<item created='11/30/2019 13:50:51' severity='0'>Generation: 2350 (950.124688279302, 97.44% (381))</item>
<item created='11/30/2019 13:50:53' severity='0'>Generation: 3002 (950.124688279302, 97.44% (381))</item>
<item created='11/30/2019 13:50:55' severity='0'>Generation: 3680 (950.124688279302, 97.44% (381))</item>
<item created='11/30/2019 13:50:57' severity='0'>Generation: 4384 (950.124688279302, 97.44% (381))</item>
<item created='11/30/2019 13:50:59' severity='0'>Generation: 5018 (959.899749373434, 97.95% (383))</item>
<item created='11/30/2019 13:51:01' severity='0'>Generation: 5673 (959.899749373434, 97.95% (383))</item>
<item created='11/30/2019 13:51:03' severity='0'>Generation: 6316 (959.899749373434, 97.95% (383))</item>
<item created='11/30/2019 13:51:05' severity='0'>Generation: 6947 (959.899749373434, 97.95% (383))</item>
<item created='11/30/2019 13:51:07' severity='0'>Generation: 7569 (959.899749373434, 97.95% (383))</item>
<item created='11/30/2019 13:51:09' severity='0'>Generation: 8212 (959.899749373434, 97.95% (383))</item>
<item created='11/30/2019 13:51:11' severity='0'>Generation: 8870 (959.899749373434, 97.95% (383))</item>
<item created='11/30/2019 13:51:13' severity='0'>Generation: 9504 (959.899749373434, 97.95% (383))</item>
<item created='11/30/2019 13:51:15' severity='0'>Generation: 10149 (959.899749373434, 97.95% (383))</item>
<item created='11/30/2019 13:51:17' severity='0'>Generation: 10776 (959.899749373434, 97.95% (383))</item>
<item created='11/30/2019 13:51:19' severity='0'>Generation: 11339 (959.899749373434, 97.95% (383))</item>
<item created='11/30/2019 13:51:21' severity='0'>Generation: 11940 (959.899749373434, 97.95% (383))</item>
<item created='11/30/2019 13:51:23' severity='0'>Generation: 12578 (959.899749373434, 97.95% (383))</item>
<item created='11/30/2019 13:51:25' severity='0'>Generation: 13210 (959.899749373434, 97.95% (383))</item>
<item created='11/30/2019 13:51:27' severity='0'>Generation: 13850 (959.899749373434, 97.95% (383))</item>
<item created='11/30/2019 13:51:29' severity='0'>Generation: 14478 (959.899749373434, 97.95% (383))</item>
<item created='11/30/2019 13:51:31' severity='0'>Generation: 15106 (959.899749373434, 97.95% (383))</item>
<item created='11/30/2019 13:51:33' severity='0'>Generation: 15741 (959.899749373434, 97.95% (383))</item>
<item created='11/30/2019 13:51:35' severity='0'>Generation: 16391 (959.899749373434, 97.95% (383))</item>
<item created='11/30/2019 13:51:37' severity='0'>Generation: 17042 (959.899749373434, 97.95% (383))</item>
<item created='11/30/2019 13:51:39' severity='0'>Generation: 17675 (959.899749373434, 97.95% (383))</item>
<item created='11/30/2019 13:51:41' severity='0'>Generation: 18309 (959.899749373434, 97.95% (383))</item>
<item created='11/30/2019 13:51:43' severity='0'>Generation: 18930 (959.899749373434, 97.95% (383))</item>
<item created='11/30/2019 13:51:45' severity='0'>Generation: 19566 (959.899749373434, 97.95% (383))</item>
<item created='11/30/2019 13:51:46' severity='0'>Finished run.</item>
<item created='11/30/2019 13:51:46' severity='0'>Models created: 17</item>
<item created='11/30/2019 13:51:46' severity='0'>Models: 17</item>
<item created='11/30/2019 13:51:46' severity='0'>Last Model: 17</item>
<item created='11/30/2019 13:51:46' severity='0'>Generation: 5003</item>
<item created='11/30/2019 13:51:46' severity='0'>Training Fitness: 959.899749373434</item>
<item created='11/30/2019 13:51:46' severity='0'>Training Accuracy: 97.95%</item>
<item created='11/30/2019 13:51:46' severity='0'>Success</item>
<item created='11/30/2019 13:51:46' severity='0'>Loading run file... vote_1_5_4\vote_template_classification_000001.gep</item>
<item created='11/30/2019 13:51:46' severity='0'>Initializing tests for all models...</item>
<item created='11/30/2019 13:51:46' severity='0'>Testing model 1 on the Validation Set with 44 records..............</item>
<item created='11/30/2019 13:51:46' severity='0'>Testing model 2 on the Validation Set with 44 records..............</item>
<item created='11/30/2019 13:51:46' severity='0'>Testing model 3 on the Validation Set with 44 records..............</item>
<item created='11/30/2019 13:51:46' severity='0'>Testing model 4 on the Validation Set with 44 records..............</item>
<item created='11/30/2019 13:51:46' severity='0'>Testing model 5 on the Validation Set with 44 records..............</item>
<item created='11/30/2019 13:51:46' severity='0'>Testing model 6 on the Validation Set with 44 records..............</item>
<item created='11/30/2019 13:51:46' severity='0'>Testing model 7 on the Validation Set with 44 records..............</item>
<item created='11/30/2019 13:51:47' severity='0'>Testing model 8 on the Validation Set with 44 records..............</item>
<item created='11/30/2019 13:51:47' severity='0'>Testing model 9 on the Validation Set with 44 records..............</item>
<item created='11/30/2019 13:51:47' severity='0'>Testing model 10 on the Validation Set with 44 records..............</item>
<item created='11/30/2019 13:51:47' severity='0'>Testing model 11 on the Validation Set with 44 records..............</item>
<item created='11/30/2019 13:51:47' severity='0'>Testing model 12 on the Validation Set with 44 records..............</item>
<item created='11/30/2019 13:51:47' severity='0'>Testing model 13 on the Validation Set with 44 records..............</item>
<item created='11/30/2019 13:51:47' severity='0'>Testing model 14 on the Validation Set with 44 records..............</item>
<item created='11/30/2019 13:51:47' severity='0'>Testing model 15 on the Validation Set with 44 records..............</item>
<item created='11/30/2019 13:51:47' severity='0'>Testing model 16 on the Validation Set with 44 records..............</item>
<item created='11/30/2019 13:51:47' severity='0'>Testing model 17 on the Validation Set with 44 records..............</item>
<item created='11/30/2019 13:51:47' severity='0'>Success</item>
</log>
