<report id="0"><run id="1" name="vote_template_classification_000001.gep"><value key="HasTestingSet" datatype="3" valuetype="0">1</value><value key="TrainFitness" datatype="5" valuetype="1" ModelId="1">771.545239630346</value><value key="TrainFitness" datatype="5" valuetype="1" ModelId="2">779.529259339236</value><value key="TrainFitness" datatype="5" valuetype="1" ModelId="3">870.813397129187</value><value key="TrainFitness" datatype="5" valuetype="1" ModelId="4">879.807692307692</value><value key="TrainFitness" datatype="5" valuetype="1" ModelId="5">898.058252427184</value><value key="TrainFitness" datatype="5" valuetype="1" ModelId="6">907.317073170732</value><value key="TrainFitness" datatype="5" valuetype="1" ModelId="7">911.980440097799</value><value key="TrainFitness" datatype="5" valuetype="1" ModelId="8">916.666666666667</value><value key="TrainFitness" datatype="5" valuetype="1" ModelId="9">921.375921375921</value><value key="TrainFitness" datatype="5" valuetype="1" ModelId="10">926.108374384236</value><value key="TrainFitness" datatype="5" valuetype="1" ModelId="11">930.864197530864</value><value key="TrainFitness" datatype="5" valuetype="1" ModelId="12">935.643564356436</value><value key="TrainFitness" datatype="5" valuetype="1" ModelId="13">940.446650124069</value><value key="TrainFitness" datatype="5" valuetype="1" ModelId="14">945.273631840796</value><value key="TrainFitness" datatype="5" valuetype="1" ModelId="15">950.124688279302</value><value key="TrainFitness" datatype="5" valuetype="1" ModelId="16">955</value><value key="TrainFitness" datatype="5" valuetype="1" ModelId="17">959.899749373434</value><value key="TrainAccuracy" datatype="5" valuetype="1" ModelId="1">91.82</value><value key="TrainAccuracy" datatype="5" valuetype="1" ModelId="2">92.33</value><value key="TrainAccuracy" datatype="5" valuetype="1" ModelId="3">93.09</value><value key="TrainAccuracy" datatype="5" valuetype="1" ModelId="4">93.61</value><value key="TrainAccuracy" datatype="5" valuetype="1" ModelId="5">94.63</value><value key="TrainAccuracy" datatype="5" valuetype="1" ModelId="6">95.14</value><value key="TrainAccuracy" datatype="5" valuetype="1" ModelId="7">95.4</value><value key="TrainAccuracy" datatype="5" valuetype="1" ModelId="8">95.65</value><value key="TrainAccuracy" datatype="5" valuetype="1" ModelId="9">95.91</value><value key="TrainAccuracy" datatype="5" valuetype="1" ModelId="10">96.16</value><value key="TrainAccuracy" datatype="5" valuetype="1" ModelId="11">96.42</value><value key="TrainAccuracy" datatype="5" valuetype="1" ModelId="12">96.68</value><value key="TrainAccuracy" datatype="5" valuetype="1" ModelId="13">96.93</value><value key="TrainAccuracy" datatype="5" valuetype="1" ModelId="14">97.19</value><value key="TrainAccuracy" datatype="5" valuetype="1" ModelId="15">97.44</value><value key="TrainAccuracy" datatype="5" valuetype="1" ModelId="16">97.7</value><value key="TrainAccuracy" datatype="5" valuetype="1" ModelId="17">97.95</value><value key="TestFitness" datatype="5" valuetype="1" ModelId="1">793.036750483559</value><value key="TestFitness" datatype="5" valuetype="1" ModelId="2">757.575757575758</value><value key="TestFitness" datatype="5" valuetype="1" ModelId="3">604.575163398693</value><value key="TestFitness" datatype="5" valuetype="1" ModelId="4">690.909090909091</value><value key="TestFitness" datatype="5" valuetype="1" ModelId="5">913.04347826087</value><value key="TestFitness" datatype="5" valuetype="1" ModelId="6">913.04347826087</value><value key="TestFitness" datatype="5" valuetype="1" ModelId="7">913.04347826087</value><value key="TestFitness" datatype="5" valuetype="1" ModelId="8">913.04347826087</value><value key="TestFitness" datatype="5" valuetype="1" ModelId="9">955.555555555556</value><value key="TestFitness" datatype="5" valuetype="1" ModelId="10">955.555555555556</value><value key="TestFitness" datatype="5" valuetype="1" ModelId="11">955.555555555556</value><value key="TestFitness" datatype="5" valuetype="1" ModelId="12">955.555555555556</value><value key="TestFitness" datatype="5" valuetype="1" ModelId="13">955.555555555556</value><value key="TestFitness" datatype="5" valuetype="1" ModelId="14">955.555555555556</value><value key="TestFitness" datatype="5" valuetype="1" ModelId="15">913.04347826087</value><value key="TestFitness" datatype="5" valuetype="1" ModelId="16">793.036750483559</value><value key="TestFitness" datatype="5" valuetype="1" ModelId="17">793.036750483559</value><value key="TestAccuracy" datatype="5" valuetype="1" ModelId="1">93.18</value><value key="TestAccuracy" datatype="5" valuetype="1" ModelId="2">90.91</value><value key="TestAccuracy" datatype="5" valuetype="1" ModelId="3">84.09</value><value key="TestAccuracy" datatype="5" valuetype="1" ModelId="4">86.36</value><value key="TestAccuracy" datatype="5" valuetype="1" ModelId="5">95.45</value><value key="TestAccuracy" datatype="5" valuetype="1" ModelId="6">95.45</value><value key="TestAccuracy" datatype="5" valuetype="1" ModelId="7">95.45</value><value key="TestAccuracy" datatype="5" valuetype="1" ModelId="8">95.45</value><value key="TestAccuracy" datatype="5" valuetype="1" ModelId="9">97.73</value><value key="TestAccuracy" datatype="5" valuetype="1" ModelId="10">97.73</value><value key="TestAccuracy" datatype="5" valuetype="1" ModelId="11">97.73</value><value key="TestAccuracy" datatype="5" valuetype="1" ModelId="12">97.73</value><value key="TestAccuracy" datatype="5" valuetype="1" ModelId="13">97.73</value><value key="TestAccuracy" datatype="5" valuetype="1" ModelId="14">97.73</value><value key="TestAccuracy" datatype="5" valuetype="1" ModelId="15">95.45</value><value key="TestAccuracy" datatype="5" valuetype="1" ModelId="16">93.18</value><value key="TestAccuracy" datatype="5" valuetype="1" ModelId="17">93.18</value><value key="Size" datatype="3" valuetype="1" ModelId="1">14</value><value key="Size" datatype="3" valuetype="1" ModelId="2">14</value><value key="Size" datatype="3" valuetype="1" ModelId="3">14</value><value key="Size" datatype="3" valuetype="1" ModelId="4">14</value><value key="Size" datatype="3" valuetype="1" ModelId="5">14</value><value key="Size" datatype="3" valuetype="1" ModelId="6">15</value><value key="Size" datatype="3" valuetype="1" ModelId="7">15</value><value key="Size" datatype="3" valuetype="1" ModelId="8">15</value><value key="Size" datatype="3" valuetype="1" ModelId="9">15</value><value key="Size" datatype="3" valuetype="1" ModelId="10">15</value><value key="Size" datatype="3" valuetype="1" ModelId="11">14</value><value key="Size" datatype="3" valuetype="1" ModelId="12">14</value><value key="Size" datatype="3" valuetype="1" ModelId="13">14</value><value key="Size" datatype="3" valuetype="1" ModelId="14">15</value><value key="Size" datatype="3" valuetype="1" ModelId="15">15</value><value key="Size" datatype="3" valuetype="1" ModelId="16">12</value><value key="Size" datatype="3" valuetype="1" ModelId="17">12</value><value key="Generation" datatype="5" valuetype="1" ModelId="1">0</value><value key="Generation" datatype="5" valuetype="1" ModelId="2">3</value><value key="Generation" datatype="5" valuetype="1" ModelId="3">7</value><value key="Generation" datatype="5" valuetype="1" ModelId="4">13</value><value key="Generation" datatype="5" valuetype="1" ModelId="5">20</value><value key="Generation" datatype="5" valuetype="1" ModelId="6">22</value><value key="Generation" datatype="5" valuetype="1" ModelId="7">24</value><value key="Generation" datatype="5" valuetype="1" ModelId="8">25</value><value key="Generation" datatype="5" valuetype="1" ModelId="9">34</value><value key="Generation" datatype="5" valuetype="1" ModelId="10">37</value><value key="Generation" datatype="5" valuetype="1" ModelId="11">260</value><value key="Generation" datatype="5" valuetype="1" ModelId="12">277</value><value key="Generation" datatype="5" valuetype="1" ModelId="13">281</value><value key="Generation" datatype="5" valuetype="1" ModelId="14">830</value><value key="Generation" datatype="5" valuetype="1" ModelId="15">950</value><value key="Generation" datatype="5" valuetype="1" ModelId="16">4512</value><value key="Generation" datatype="5" valuetype="1" ModelId="17">5003</value><value key="RunIndex" datatype="5" valuetype="1" ModelId="1">1</value><value key="RunIndex" datatype="5" valuetype="1" ModelId="2">1</value><value key="RunIndex" datatype="5" valuetype="1" ModelId="3">1</value><value key="RunIndex" datatype="5" valuetype="1" ModelId="4">1</value><value key="RunIndex" datatype="5" valuetype="1" ModelId="5">1</value><value key="RunIndex" datatype="5" valuetype="1" ModelId="6">1</value><value key="RunIndex" datatype="5" valuetype="1" ModelId="7">1</value><value key="RunIndex" datatype="5" valuetype="1" ModelId="8">1</value><value key="RunIndex" datatype="5" valuetype="1" ModelId="9">1</value><value key="RunIndex" datatype="5" valuetype="1" ModelId="10">1</value><value key="RunIndex" datatype="5" valuetype="1" ModelId="11">1</value><value key="RunIndex" datatype="5" valuetype="1" ModelId="12">1</value><value key="RunIndex" datatype="5" valuetype="1" ModelId="13">1</value><value key="RunIndex" datatype="5" valuetype="1" ModelId="14">1</value><value key="RunIndex" datatype="5" valuetype="1" ModelId="15">1</value><value key="RunIndex" datatype="5" valuetype="1" ModelId="16">1</value><value key="RunIndex" datatype="5" valuetype="1" ModelId="17">1</value><value key="Literals" datatype="3" valuetype="-1" ModelId="1">5</value><value key="Variables" datatype="8" valuetype="-1" ModelId="1">religious-groups-in-schools_n_min(1), water-project-cost-sharing_u_max(1), adoption-of-the-budget-resolution_n_max(1), physician-fee-freeze_y_max(1), duty-free-exports_y_max(1)</value><value key="Literals" datatype="3" valuetype="-1" ModelId="2">4</value><value key="Variables" datatype="8" valuetype="-1" ModelId="2">religious-groups-in-schools_n_min(1), water-project-cost-sharing_u_max(1), adoption-of-the-budget-resolution_n_max(1), physician-fee-freeze_y_max(1)</value><value key="Literals" datatype="3" valuetype="-1" ModelId="3">4</value><value key="Variables" datatype="8" valuetype="-1" ModelId="3">water-project-cost-sharing_u_max(1), adoption-of-the-budget-resolution_n_max(1), physician-fee-freeze_y_max(1), duty-free-exports_y_max(1)</value><value key="Literals" datatype="3" valuetype="-1" ModelId="4">5</value><value key="Variables" datatype="8" valuetype="-1" ModelId="4">export-administration-act-south-africa_n_min(1), water-project-cost-sharing_u_max(1), adoption-of-the-budget-resolution_n_max(1), physician-fee-freeze_y_max(1), duty-free-exports_y_max(1)</value><value key="Literals" datatype="3" valuetype="-1" ModelId="5">5</value><value key="Variables" datatype="8" valuetype="-1" ModelId="5">physician-fee-freeze_y_min(1), el-salvador-aid_y_min(1), water-project-cost-sharing_u_max(1), adoption-of-the-budget-resolution_n_max(1), physician-fee-freeze_y_max(1)</value><value key="Literals" datatype="3" valuetype="-1" ModelId="6">5</value><value key="Variables" datatype="8" valuetype="-1" ModelId="6">water-project-cost-sharing_n_min(1), religious-groups-in-schools_n_min(1), superfund-right-to-sue_u_min(1), adoption-of-the-budget-resolution_n_max(1), physician-fee-freeze_y_max(1)</value><value key="Literals" datatype="3" valuetype="-1" ModelId="7">6</value><value key="Variables" datatype="8" valuetype="-1" ModelId="7">water-project-cost-sharing_n_min(1), religious-groups-in-schools_n_min(1), superfund-right-to-sue_u_min(1), adoption-of-the-budget-resolution_n_max(1), physician-fee-freeze_y_max(1), aid-to-nicaraguan-contras_u_max(1)</value><value key="Literals" datatype="3" valuetype="-1" ModelId="8">6</value><value key="Variables" datatype="8" valuetype="-1" ModelId="8">water-project-cost-sharing_n_min(1), religious-groups-in-schools_n_min(1), superfund-right-to-sue_u_min(1), duty-free-exports_n_min(1), adoption-of-the-budget-resolution_n_max(1), physician-fee-freeze_y_max(1)</value><value key="Literals" datatype="3" valuetype="-1" ModelId="9">6</value><value key="Variables" datatype="8" valuetype="-1" ModelId="9">water-project-cost-sharing_n_min(1), aid-to-nicaraguan-contras_n_min(1), superfund-right-to-sue_u_min(1), adoption-of-the-budget-resolution_n_max(1), physician-fee-freeze_y_max(1), immigration_y_max(1)</value><value key="Literals" datatype="3" valuetype="-1" ModelId="10">6</value><value key="Variables" datatype="8" valuetype="-1" ModelId="10">water-project-cost-sharing_n_min(1), aid-to-nicaraguan-contras_n_min(1), adoption-of-the-budget-resolution_n_max(1), physician-fee-freeze_y_max(1), aid-to-nicaraguan-contras_u_max(1), immigration_y_max(1)</value><value key="Literals" datatype="3" valuetype="-1" ModelId="11">8</value><value key="Variables" datatype="8" valuetype="-1" ModelId="11">water-project-cost-sharing_n_min(1), aid-to-nicaraguan-contras_n_min(1), education-spending_y_min(1), superfund-right-to-sue_n_min(1), adoption-of-the-budget-resolution_n_max(1), physician-fee-freeze_y_max(1), el-salvador-aid_y_max(1), immigration_y_max(1)</value><value key="Literals" datatype="3" valuetype="-1" ModelId="12">8</value><value key="Variables" datatype="8" valuetype="-1" ModelId="12">water-project-cost-sharing_n_min(1), el-salvador-aid_n_min(1), aid-to-nicaraguan-contras_n_min(1), superfund-right-to-sue_n_min(1), adoption-of-the-budget-resolution_n_max(1), physician-fee-freeze_y_max(2), immigration_y_max(1)</value><value key="Literals" datatype="3" valuetype="-1" ModelId="13">8</value><value key="Variables" datatype="8" valuetype="-1" ModelId="13">water-project-cost-sharing_n_min(1), el-salvador-aid_n_min(1), aid-to-nicaraguan-contras_n_min(1), superfund-right-to-sue_n_min(1), adoption-of-the-budget-resolution_n_max(1), physician-fee-freeze_y_max(2), immigration_y_max(1)</value><value key="Literals" datatype="3" valuetype="-1" ModelId="14">9</value><value key="Variables" datatype="8" valuetype="-1" ModelId="14">water-project-cost-sharing_n_min(1), el-salvador-aid_n_min(2), aid-to-nicaraguan-contras_n_min(1), superfund-right-to-sue_n_min(1), adoption-of-the-budget-resolution_n_max(1), physician-fee-freeze_y_max(1), immigration_y_max(1), synfuels-corporation-cutback_n_max(1)</value><value key="Literals" datatype="3" valuetype="-1" ModelId="15">9</value><value key="Variables" datatype="8" valuetype="-1" ModelId="15">water-project-cost-sharing_n_min(1), el-salvador-aid_n_min(1), aid-to-nicaraguan-contras_n_min(1), synfuels-corporation-cutback_y_min(1), superfund-right-to-sue_n_min(1), handicapped-infants_u_max(1), adoption-of-the-budget-resolution_n_max(1), physician-fee-freeze_y_max(1), synfuels-corporation-cutback_n_max(1)</value><value key="Literals" datatype="3" valuetype="-1" ModelId="16">7</value><value key="Variables" datatype="8" valuetype="-1" ModelId="16">adoption-of-the-budget-resolution_n_min(1), adoption-of-the-budget-resolution_y_min(1), el-salvador-aid_n_min(1), synfuels-corporation-cutback_y_min(1), superfund-right-to-sue_n_min(1), water-project-cost-sharing_y_max(1), physician-fee-freeze_y_max(1)</value><value key="Literals" datatype="3" valuetype="-1" ModelId="17">7</value><value key="Variables" datatype="8" valuetype="-1" ModelId="17">adoption-of-the-budget-resolution_y_min(1), el-salvador-aid_n_min(1), synfuels-corporation-cutback_y_min(1), superfund-right-to-sue_n_min(1), export-administration-act-south-africa_n_min(1), water-project-cost-sharing_y_max(1), physician-fee-freeze_y_max(1)</value><value key="VariableImportance" datatype="8" valuetype="-1" ModelId="17">adoption-of-the-budget-resolution_y_min(0.14306956571534), el-salvador-aid_n_min(9.97795089396139E-02), synfuels-corporation-cutback_y_min(0.115628629691301), superfund-right-to-sue_n_min(2.81783335505939E-02), export-administration-act-south-africa_n_min(4.41180317020599E-03), water-project-cost-sharing_y_max(2.36402349002567E-03), physician-fee-freeze_y_max(0.60656813544292)</value></run></report>
