<summary><value key="AverageTrainFitness" datatype="5" valuetype="4">959.899749373434</value><value key="AverageTrainRSQuare" datatype="5" valuetype="4">0.779555665359738</value><value key="AverageTrainAccuracy" datatype="5" valuetype="4">97.95</value><value key="MaxTrainFitness" datatype="5" valuetype="4">1000</value><value key="MaxTestFitness" datatype="5" valuetype="4">1000</value><value key="TrainSuccessCount" datatype="3" valuetype="4">0</value><value key="TrainSuccessRate" datatype="5" valuetype="4">0</value><value key="BestTrainFitness" datatype="5" valuetype="4">959.899749373434</value><value key="BestTrainFitnessRun" datatype="3" valuetype="4">1</value><value key="BestTrainFitnessHistory" datatype="3" valuetype="4">1</value><value key="BestTrainFitnessModelId" datatype="3" valuetype="4">17</value><value key="BestTrainFitnessModelSize" datatype="3" valuetype="4">12</value><value key="BestTrainFitnessModelLiterals" datatype="3" valuetype="4">7</value><value key="BestTrainFitnessModelTerminals" datatype="8" valuetype="4">adoption-of-the-budget-resolution_y_min(1), el-salvador-aid_n_min(1), synfuels-corporation-cutback_y_min(1), superfund-right-to-sue_n_min(1), export-administration-act-south-africa_n_min(1), water-project-cost-sharing_y_max(1), physician-fee-freeze_y_max(1)</value><value key="BestTrainFitnessModelVariableImportance" datatype="8" valuetype="4">adoption-of-the-budget-resolution_y_min(0.113340045319941), el-salvador-aid_n_min(9.88808145951407E-02), synfuels-corporation-cutback_y_min(0.109280188887763), superfund-right-to-sue_n_min(2.31356721440221E-02), export-administration-act-south-africa_n_min(1.08453717593009E-03), water-project-cost-sharing_y_max(6.65560187409775E-03), physician-fee-freeze_y_max(0.647623140003105)</value><value key="BestTrainAccuracy" datatype="5" valuetype="4">97.95</value><value key="BestTrainAccuracyRun" datatype="3" valuetype="4">1</value><value key="BestTrainAccuracyHistory" datatype="3" valuetype="4">1</value><value key="BestTrainAccuracyModelId" datatype="3" valuetype="4">17</value><value key="BestTrainAccuracyModelSize" datatype="3" valuetype="4">12</value><value key="BestTrainAccuracyModelLiterals" datatype="3" valuetype="4">7</value><value key="BestTrainAccuracyModelTerminals" datatype="8" valuetype="4">adoption-of-the-budget-resolution_y_min(1), el-salvador-aid_n_min(1), synfuels-corporation-cutback_y_min(1), superfund-right-to-sue_n_min(1), export-administration-act-south-africa_n_min(1), water-project-cost-sharing_y_max(1), physician-fee-freeze_y_max(1)</value><value key="BestTrainAccuracyModelVariableImportance" datatype="8" valuetype="4">adoption-of-the-budget-resolution_y_min(0.113340045319941), el-salvador-aid_n_min(9.88808145951407E-02), synfuels-corporation-cutback_y_min(0.109280188887763), superfund-right-to-sue_n_min(2.31356721440221E-02), export-administration-act-south-africa_n_min(1.08453717593009E-03), water-project-cost-sharing_y_max(6.65560187409775E-03), physician-fee-freeze_y_max(0.647623140003105)</value><value key="BestTrainRSQuare" datatype="5" valuetype="4">0.779555665359738</value><value key="BestTrainRSQuareRun" datatype="3" valuetype="4">1</value><value key="BestTrainRSQuareHistory" datatype="3" valuetype="4">1</value><value key="BestTrainRSQuareModelId" datatype="3" valuetype="4">17</value><value key="BestTrainRSQuareModelSize" datatype="3" valuetype="4">12</value><value key="BestTrainRSQuareModelLiterals" datatype="3" valuetype="4">7</value><value key="BestTrainRSQuareModelTerminals" datatype="8" valuetype="4">adoption-of-the-budget-resolution_y_min(1), el-salvador-aid_n_min(1), synfuels-corporation-cutback_y_min(1), superfund-right-to-sue_n_min(1), export-administration-act-south-africa_n_min(1), water-project-cost-sharing_y_max(1), physician-fee-freeze_y_max(1)</value><value key="BestTrainRSQuareModelVariableImportance" datatype="8" valuetype="4">adoption-of-the-budget-resolution_y_min(0.113340045319941), el-salvador-aid_n_min(9.88808145951407E-02), synfuels-corporation-cutback_y_min(0.109280188887763), superfund-right-to-sue_n_min(2.31356721440221E-02), export-administration-act-south-africa_n_min(1.08453717593009E-03), water-project-cost-sharing_y_max(6.65560187409775E-03), physician-fee-freeze_y_max(0.647623140003105)</value><value key="TestSuccessCount" datatype="3" valuetype="4">0</value><value key="TestSuccessRate" datatype="5" valuetype="4">0</value><value key="AverageTestFitness" datatype="5" valuetype="4">793.036750483559</value><value key="AverageTestRSQuare" datatype="5" valuetype="4">0.63745597931243</value><value key="AverageTestAccuracy" datatype="5" valuetype="4">93.18</value><value key="BestTestFitness" datatype="5" valuetype="4">955.555555555556</value><value key="BestTestFitnessRun" datatype="3" valuetype="4">1</value><value key="BestTestFitnessHistory" datatype="3" valuetype="4">1</value><value key="BestTestFitnessModelId" datatype="3" valuetype="4">14</value><value key="BestTestFitnessModelSize" datatype="3" valuetype="4">15</value><value key="BestTestFitnessModelLiterals" datatype="3" valuetype="4">9</value><value key="BestTestFitnessModelTerminals" datatype="8" valuetype="4">water-project-cost-sharing_n_min(1), el-salvador-aid_n_min(2), aid-to-nicaraguan-contras_n_min(1), superfund-right-to-sue_n_min(1), adoption-of-the-budget-resolution_n_max(1), physician-fee-freeze_y_max(1), immigration_y_max(1), synfuels-corporation-cutback_n_max(1)</value><value key="BestTestFitnessModelVariableImportance" datatype="8" valuetype="4">water-project-cost-sharing_n_min(0.040746936610082), el-salvador-aid_n_min(4.27130412117407E-02), aid-to-nicaraguan-contras_n_min(4.98746742158682E-03), superfund-right-to-sue_n_min(2.28818464388518E-02), adoption-of-the-budget-resolution_n_max(1.86735382663074E-02), physician-fee-freeze_y_max(0.783727132705167), immigration_y_max(3.34630132865389E-03), synfuels-corporation-cutback_n_max(8.29237360176099E-02)</value><value key="BestTestAccuracy" datatype="5" valuetype="4">97.73</value><value key="BestTestAccuracyRun" datatype="3" valuetype="4">1</value><value key="BestTestAccuracyHistory" datatype="3" valuetype="4">1</value><value key="BestTestAccuracyModelId" datatype="3" valuetype="4">14</value><value key="BestTestAccuracyModelSize" datatype="3" valuetype="4">15</value><value key="BestTestAccuracyModelLiterals" datatype="3" valuetype="4">9</value><value key="BestTestAccuracyModelTerminals" datatype="8" valuetype="4">water-project-cost-sharing_n_min(1), el-salvador-aid_n_min(2), aid-to-nicaraguan-contras_n_min(1), superfund-right-to-sue_n_min(1), adoption-of-the-budget-resolution_n_max(1), physician-fee-freeze_y_max(1), immigration_y_max(1), synfuels-corporation-cutback_n_max(1)</value><value key="BestTestAccuracyModelVariableImportance" datatype="8" valuetype="4">water-project-cost-sharing_n_min(0.040746936610082), el-salvador-aid_n_min(4.27130412117407E-02), aid-to-nicaraguan-contras_n_min(4.98746742158682E-03), superfund-right-to-sue_n_min(2.28818464388518E-02), adoption-of-the-budget-resolution_n_max(1.86735382663074E-02), physician-fee-freeze_y_max(0.783727132705167), immigration_y_max(3.34630132865389E-03), synfuels-corporation-cutback_n_max(8.29237360176099E-02)</value><value key="BestTestRSQuare" datatype="5" valuetype="4">0.801789425562106</value><value key="BestTestRSQuareRun" datatype="3" valuetype="4">1</value><value key="BestTestRSQuareHistory" datatype="3" valuetype="4">1</value><value key="BestTestRSQuareModelId" datatype="3" valuetype="4">14</value><value key="BestTestRSQuareModelSize" datatype="3" valuetype="4">15</value><value key="BestTestRSQuareModelLiterals" datatype="3" valuetype="4">9</value><value key="BestTestRSQuareModelTerminals" datatype="8" valuetype="4">water-project-cost-sharing_n_min(1), el-salvador-aid_n_min(2), aid-to-nicaraguan-contras_n_min(1), superfund-right-to-sue_n_min(1), adoption-of-the-budget-resolution_n_max(1), physician-fee-freeze_y_max(1), immigration_y_max(1), synfuels-corporation-cutback_n_max(1)</value><value key="BestTestRSQuareModelVariableImportance" datatype="8" valuetype="4">water-project-cost-sharing_n_min(0.040746936610082), el-salvador-aid_n_min(4.27130412117407E-02), aid-to-nicaraguan-contras_n_min(4.98746742158682E-03), superfund-right-to-sue_n_min(2.28818464388518E-02), adoption-of-the-budget-resolution_n_max(1.86735382663074E-02), physician-fee-freeze_y_max(0.783727132705167), immigration_y_max(3.34630132865389E-03), synfuels-corporation-cutback_n_max(8.29237360176099E-02)</value><value key="DefinitionFile" datatype="8" valuetype="4">../vote_1_5_4_jobdef.xml</value></summary>
