<report id="0"><run id="1" name="vote_template_classification_000001.gep"><value key="HasTestingSet" datatype="3" valuetype="0">1</value><value key="TrainFitness" datatype="5" valuetype="1" ModelId="1">792.207792207792</value><value key="TrainFitness" datatype="5" valuetype="1" ModelId="2">898.550724637681</value><value key="TrainFitness" datatype="5" valuetype="1" ModelId="3">912.408759124088</value><value key="TrainFitness" datatype="5" valuetype="1" ModelId="4">917.073170731707</value><value key="TrainFitness" datatype="5" valuetype="1" ModelId="5">921.760391198044</value><value key="TrainFitness" datatype="5" valuetype="1" ModelId="6">926.470588235294</value><value key="TrainFitness" datatype="5" valuetype="1" ModelId="7">931.203931203931</value><value key="TrainFitness" datatype="5" valuetype="1" ModelId="8">935.960591133005</value><value key="TrainAccuracy" datatype="5" valuetype="1" ModelId="1">93.13</value><value key="TrainAccuracy" datatype="5" valuetype="1" ModelId="2">94.66</value><value key="TrainAccuracy" datatype="5" valuetype="1" ModelId="3">95.42</value><value key="TrainAccuracy" datatype="5" valuetype="1" ModelId="4">95.67</value><value key="TrainAccuracy" datatype="5" valuetype="1" ModelId="5">95.93</value><value key="TrainAccuracy" datatype="5" valuetype="1" ModelId="6">96.18</value><value key="TrainAccuracy" datatype="5" valuetype="1" ModelId="7">96.44</value><value key="TrainAccuracy" datatype="5" valuetype="1" ModelId="8">96.69</value><value key="TestFitness" datatype="5" valuetype="1" ModelId="1">750.98814229249</value><value key="TestFitness" datatype="5" valuetype="1" ModelId="2">787.878787878788</value><value key="TestFitness" datatype="5" valuetype="1" ModelId="3">953.488372093023</value><value key="TestFitness" datatype="5" valuetype="1" ModelId="4">953.488372093023</value><value key="TestFitness" datatype="5" valuetype="1" ModelId="5">953.488372093023</value><value key="TestFitness" datatype="5" valuetype="1" ModelId="6">953.488372093023</value><value key="TestFitness" datatype="5" valuetype="1" ModelId="7">953.488372093023</value><value key="TestFitness" datatype="5" valuetype="1" ModelId="8">953.488372093023</value><value key="TestAccuracy" datatype="5" valuetype="1" ModelId="1">90.48</value><value key="TestAccuracy" datatype="5" valuetype="1" ModelId="2">92.86</value><value key="TestAccuracy" datatype="5" valuetype="1" ModelId="3">97.62</value><value key="TestAccuracy" datatype="5" valuetype="1" ModelId="4">97.62</value><value key="TestAccuracy" datatype="5" valuetype="1" ModelId="5">97.62</value><value key="TestAccuracy" datatype="5" valuetype="1" ModelId="6">97.62</value><value key="TestAccuracy" datatype="5" valuetype="1" ModelId="7">97.62</value><value key="TestAccuracy" datatype="5" valuetype="1" ModelId="8">97.62</value><value key="Size" datatype="3" valuetype="1" ModelId="1">6</value><value key="Size" datatype="3" valuetype="1" ModelId="2">6</value><value key="Size" datatype="3" valuetype="1" ModelId="3">6</value><value key="Size" datatype="3" valuetype="1" ModelId="4">6</value><value key="Size" datatype="3" valuetype="1" ModelId="5">6</value><value key="Size" datatype="3" valuetype="1" ModelId="6">6</value><value key="Size" datatype="3" valuetype="1" ModelId="7">6</value><value key="Size" datatype="3" valuetype="1" ModelId="8">6</value><value key="Generation" datatype="5" valuetype="1" ModelId="1">0</value><value key="Generation" datatype="5" valuetype="1" ModelId="2">2</value><value key="Generation" datatype="5" valuetype="1" ModelId="3">18</value><value key="Generation" datatype="5" valuetype="1" ModelId="4">635</value><value key="Generation" datatype="5" valuetype="1" ModelId="5">713</value><value key="Generation" datatype="5" valuetype="1" ModelId="6">1597</value><value key="Generation" datatype="5" valuetype="1" ModelId="7">1936</value><value key="Generation" datatype="5" valuetype="1" ModelId="8">2309</value><value key="RunIndex" datatype="5" valuetype="1" ModelId="1">1</value><value key="RunIndex" datatype="5" valuetype="1" ModelId="2">1</value><value key="RunIndex" datatype="5" valuetype="1" ModelId="3">1</value><value key="RunIndex" datatype="5" valuetype="1" ModelId="4">1</value><value key="RunIndex" datatype="5" valuetype="1" ModelId="5">1</value><value key="RunIndex" datatype="5" valuetype="1" ModelId="6">1</value><value key="RunIndex" datatype="5" valuetype="1" ModelId="7">1</value><value key="RunIndex" datatype="5" valuetype="1" ModelId="8">1</value><value key="Literals" datatype="3" valuetype="-1" ModelId="1">2</value><value key="Variables" datatype="8" valuetype="-1" ModelId="1">physician-fee-freeze_n_min(1), education-spending_n_min(1)</value><value key="Literals" datatype="3" valuetype="-1" ModelId="2">1</value><value key="Variables" datatype="8" valuetype="-1" ModelId="2">physician-fee-freeze_n_min(1)</value><value key="Literals" datatype="3" valuetype="-1" ModelId="3">2</value><value key="Variables" datatype="8" valuetype="-1" ModelId="3">physician-fee-freeze_n_min(1), physician-fee-freeze_y_max(1)</value><value key="Literals" datatype="3" valuetype="-1" ModelId="4">3</value><value key="Variables" datatype="8" valuetype="-1" ModelId="4">physician-fee-freeze_n_min(1), physician-fee-freeze_y_max(1), immigration_u_max(1)</value><value key="Literals" datatype="3" valuetype="-1" ModelId="5">4</value><value key="Variables" datatype="8" valuetype="-1" ModelId="5">aid-to-nicaraguan-contras_y_min(1), physician-fee-freeze_y_max(1), immigration_u_max(1), crime_y_max(1)</value><value key="Literals" datatype="3" valuetype="-1" ModelId="6">4</value><value key="Variables" datatype="8" valuetype="-1" ModelId="6">mx-missile_y_min(1), physician-fee-freeze_y_max(1), immigration_u_max(1), crime_y_max(1)</value><value key="Literals" datatype="3" valuetype="-1" ModelId="7">4</value><value key="Variables" datatype="8" valuetype="-1" ModelId="7">mx-missile_y_min(1), export-administration-act-south-africa_u_min(1), physician-fee-freeze_y_max(1), immigration_u_max(1)</value><value key="Literals" datatype="3" valuetype="-1" ModelId="8">4</value><value key="Variables" datatype="8" valuetype="-1" ModelId="8">mx-missile_y_min(1), physician-fee-freeze_y_max(1), immigration_u_max(1), export-administration-act-south-africa_y_max(1)</value><value key="VariableImportance" datatype="8" valuetype="-1" ModelId="8">mx-missile_y_min(0.179064666672151), physician-fee-freeze_y_max(0.722853288888777), immigration_u_max(4.40736964491199E-02), export-administration-act-south-africa_y_max(5.40083479899519E-02)</value></run></report>
