<log created='11/30/2019 13:29:45' name='vote_template_classification_000001'>
<item created='11/30/2019 13:29:45' severity='0'>Processing run 1...</item>
<item created='11/30/2019 13:29:45' severity='0'>Applied setting Genes (2)</item>
<item created='11/30/2019 13:29:45' severity='0'>Applied setting HeadSize (1)</item>
<item created='11/30/2019 13:29:45' severity='0'>Applied setting FitnessFunction (11)</item>
<item created='11/30/2019 13:29:45' severity='0'>Applied setting RoundingThreshold (0.5)</item>
<item created='11/30/2019 13:29:45' severity='0'>Changed function * to weight 2.</item>
<item created='11/30/2019 13:29:45' severity='0'>Loading data from file vote_TRAIN_fold_10.csv ...</item>
<item created='11/30/2019 13:29:46' severity='0'>Loading data from file vote_TEST_fold_10.csv ...</item>
<item created='11/30/2019 13:29:47' severity='0'>Loading run file... vote_1_2_10\vote_template_classification_000001.gep</item>
<item created='11/30/2019 13:29:47' severity='0'>Initializing run...</item>
<item created='11/30/2019 13:29:47' severity='0'>Training Set size: 393</item>
<item created='11/30/2019 13:29:47' severity='0'>Dataset loaded.</item>
<item created='11/30/2019 13:29:47' severity='0'>Starting...</item>
<item created='11/30/2019 13:29:47' severity='0'>Generation: 0 (792.207792207792, 93.13% (366))</item>
<item created='11/30/2019 13:29:49' severity='0'>Generation: 1079 (921.760391198044, 95.93% (377))</item>
<item created='11/30/2019 13:29:51' severity='0'>Generation: 2253 (931.203931203931, 96.44% (379))</item>
<item created='11/30/2019 13:29:53' severity='0'>Generation: 3465 (935.960591133005, 96.69% (380))</item>
<item created='11/30/2019 13:29:55' severity='0'>Generation: 4633 (935.960591133005, 96.69% (380))</item>
<item created='11/30/2019 13:29:57' severity='0'>Generation: 5824 (935.960591133005, 96.69% (380))</item>
<item created='11/30/2019 13:29:59' severity='0'>Generation: 7057 (935.960591133005, 96.69% (380))</item>
<item created='11/30/2019 13:30:01' severity='0'>Generation: 8247 (935.960591133005, 96.69% (380))</item>
<item created='11/30/2019 13:30:03' severity='0'>Generation: 9442 (935.960591133005, 96.69% (380))</item>
<item created='11/30/2019 13:30:05' severity='0'>Generation: 10671 (935.960591133005, 96.69% (380))</item>
<item created='11/30/2019 13:30:07' severity='0'>Generation: 11864 (935.960591133005, 96.69% (380))</item>
<item created='11/30/2019 13:30:09' severity='0'>Generation: 13095 (935.960591133005, 96.69% (380))</item>
<item created='11/30/2019 13:30:11' severity='0'>Generation: 14338 (935.960591133005, 96.69% (380))</item>
<item created='11/30/2019 13:30:13' severity='0'>Generation: 15549 (935.960591133005, 96.69% (380))</item>
<item created='11/30/2019 13:30:15' severity='0'>Generation: 16741 (935.960591133005, 96.69% (380))</item>
<item created='11/30/2019 13:30:17' severity='0'>Generation: 17970 (935.960591133005, 96.69% (380))</item>
<item created='11/30/2019 13:30:19' severity='0'>Generation: 19181 (935.960591133005, 96.69% (380))</item>
<item created='11/30/2019 13:30:20' severity='0'>Finished run.</item>
<item created='11/30/2019 13:30:20' severity='0'>Models created: 8</item>
<item created='11/30/2019 13:30:20' severity='0'>Models: 8</item>
<item created='11/30/2019 13:30:20' severity='0'>Last Model: 8</item>
<item created='11/30/2019 13:30:20' severity='0'>Generation: 2309</item>
<item created='11/30/2019 13:30:20' severity='0'>Training Fitness: 935.960591133005</item>
<item created='11/30/2019 13:30:20' severity='0'>Training Accuracy: 96.69%</item>
<item created='11/30/2019 13:30:20' severity='0'>Success</item>
<item created='11/30/2019 13:30:20' severity='0'>Loading run file... vote_1_2_10\vote_template_classification_000001.gep</item>
<item created='11/30/2019 13:30:20' severity='0'>Initializing tests for all models...</item>
<item created='11/30/2019 13:30:20' severity='0'>Testing model 1 on the Validation Set with 42 records.............</item>
<item created='11/30/2019 13:30:20' severity='0'>Testing model 2 on the Validation Set with 42 records.............</item>
<item created='11/30/2019 13:30:20' severity='0'>Testing model 3 on the Validation Set with 42 records.............</item>
<item created='11/30/2019 13:30:20' severity='0'>Testing model 4 on the Validation Set with 42 records.............</item>
<item created='11/30/2019 13:30:20' severity='0'>Testing model 5 on the Validation Set with 42 records.............</item>
<item created='11/30/2019 13:30:20' severity='0'>Testing model 6 on the Validation Set with 42 records.............</item>
<item created='11/30/2019 13:30:20' severity='0'>Testing model 7 on the Validation Set with 42 records.............</item>
<item created='11/30/2019 13:30:20' severity='0'>Testing model 8 on the Validation Set with 42 records.............</item>
<item created='11/30/2019 13:30:20' severity='0'>Success</item>
</log>
