<log created='11/30/2019 14:00:04' name='vote_template_classification_000001'>
<item created='11/30/2019 14:00:04' severity='0'>Processing run 1...</item>
<item created='11/30/2019 14:00:04' severity='0'>Applied setting Genes (6)</item>
<item created='11/30/2019 14:00:04' severity='0'>Applied setting HeadSize (1)</item>
<item created='11/30/2019 14:00:04' severity='0'>Applied setting FitnessFunction (11)</item>
<item created='11/30/2019 14:00:04' severity='0'>Applied setting RoundingThreshold (0.5)</item>
<item created='11/30/2019 14:00:04' severity='0'>Changed function * to weight 2.</item>
<item created='11/30/2019 14:00:04' severity='0'>Loading data from file vote_TRAIN_fold_2.csv ...</item>
<item created='11/30/2019 14:00:05' severity='0'>Loading data from file vote_TEST_fold_2.csv ...</item>
<item created='11/30/2019 14:00:06' severity='0'>Loading run file... vote_1_6_2\vote_template_classification_000001.gep</item>
<item created='11/30/2019 14:00:06' severity='0'>Initializing run...</item>
<item created='11/30/2019 14:00:06' severity='0'>Training Set size: 391</item>
<item created='11/30/2019 14:00:06' severity='0'>Dataset loaded.</item>
<item created='11/30/2019 14:00:06' severity='0'>Starting...</item>
<item created='11/30/2019 14:00:06' severity='0'>Generation: 0 (347.600518806745, 68.54% (268))</item>
<item created='11/30/2019 14:00:08' severity='0'>Generation: 328 (916.666666666667, 95.65% (374))</item>
<item created='11/30/2019 14:00:10' severity='0'>Generation: 916 (940.446650124069, 96.93% (379))</item>
<item created='11/30/2019 14:00:12' severity='0'>Generation: 1476 (955, 97.70% (382))</item>
<item created='11/30/2019 14:00:14' severity='0'>Generation: 2039 (955, 97.70% (382))</item>
<item created='11/30/2019 14:00:16' severity='0'>Generation: 2539 (955, 97.70% (382))</item>
<item created='11/30/2019 14:00:18' severity='0'>Generation: 3083 (955, 97.70% (382))</item>
<item created='11/30/2019 14:00:20' severity='0'>Generation: 3558 (955, 97.70% (382))</item>
<item created='11/30/2019 14:00:22' severity='0'>Generation: 4130 (955, 97.70% (382))</item>
<item created='11/30/2019 14:00:24' severity='0'>Generation: 4685 (955, 97.70% (382))</item>
<item created='11/30/2019 14:00:26' severity='0'>Generation: 5195 (955, 97.70% (382))</item>
<item created='11/30/2019 14:00:28' severity='0'>Generation: 5760 (955, 97.70% (382))</item>
<item created='11/30/2019 14:00:30' severity='0'>Generation: 6359 (955, 97.70% (382))</item>
<item created='11/30/2019 14:00:32' severity='0'>Generation: 6926 (955, 97.70% (382))</item>
<item created='11/30/2019 14:00:34' severity='0'>Generation: 7491 (955, 97.70% (382))</item>
<item created='11/30/2019 14:00:36' severity='0'>Generation: 8001 (955, 97.70% (382))</item>
<item created='11/30/2019 14:00:38' severity='0'>Generation: 8518 (959.899749373434, 97.95% (383))</item>
<item created='11/30/2019 14:00:40' severity='0'>Generation: 9041 (959.899749373434, 97.95% (383))</item>
<item created='11/30/2019 14:00:42' severity='0'>Generation: 9573 (959.899749373434, 97.95% (383))</item>
<item created='11/30/2019 14:00:44' severity='0'>Generation: 10118 (959.899749373434, 97.95% (383))</item>
<item created='11/30/2019 14:00:46' severity='0'>Generation: 10659 (959.899749373434, 97.95% (383))</item>
<item created='11/30/2019 14:00:48' severity='0'>Generation: 11201 (959.899749373434, 97.95% (383))</item>
<item created='11/30/2019 14:00:50' severity='0'>Generation: 11727 (959.899749373434, 97.95% (383))</item>
<item created='11/30/2019 14:00:52' severity='0'>Generation: 12267 (959.899749373434, 97.95% (383))</item>
<item created='11/30/2019 14:00:54' severity='0'>Generation: 12822 (959.899749373434, 97.95% (383))</item>
<item created='11/30/2019 14:00:56' severity='0'>Generation: 13378 (964.824120603015, 98.21% (384))</item>
<item created='11/30/2019 14:00:58' severity='0'>Generation: 13918 (964.824120603015, 98.21% (384))</item>
<item created='11/30/2019 14:01:00' severity='0'>Generation: 14484 (964.824120603015, 98.21% (384))</item>
<item created='11/30/2019 14:01:02' severity='0'>Generation: 15035 (964.824120603015, 98.21% (384))</item>
<item created='11/30/2019 14:01:04' severity='0'>Generation: 15589 (964.824120603015, 98.21% (384))</item>
<item created='11/30/2019 14:01:06' severity='0'>Generation: 16144 (964.824120603015, 98.21% (384))</item>
<item created='11/30/2019 14:01:08' severity='0'>Generation: 16697 (964.824120603015, 98.21% (384))</item>
<item created='11/30/2019 14:01:10' severity='0'>Generation: 17254 (964.824120603015, 98.21% (384))</item>
<item created='11/30/2019 14:01:12' severity='0'>Generation: 17789 (964.824120603015, 98.21% (384))</item>
<item created='11/30/2019 14:01:14' severity='0'>Generation: 18320 (964.824120603015, 98.21% (384))</item>
<item created='11/30/2019 14:01:16' severity='0'>Generation: 18873 (964.824120603015, 98.21% (384))</item>
<item created='11/30/2019 14:01:18' severity='0'>Generation: 19434 (964.824120603015, 98.21% (384))</item>
<item created='11/30/2019 14:01:19' severity='0'>Finished run.</item>
<item created='11/30/2019 14:01:20' severity='0'>Models created: 21</item>
<item created='11/30/2019 14:01:20' severity='0'>Models: 21</item>
<item created='11/30/2019 14:01:20' severity='0'>Last Model: 21</item>
<item created='11/30/2019 14:01:20' severity='0'>Generation: 13278</item>
<item created='11/30/2019 14:01:20' severity='0'>Training Fitness: 964.824120603015</item>
<item created='11/30/2019 14:01:20' severity='0'>Training Accuracy: 98.21%</item>
<item created='11/30/2019 14:01:20' severity='0'>Success</item>
<item created='11/30/2019 14:01:20' severity='0'>Loading run file... vote_1_6_2\vote_template_classification_000001.gep</item>
<item created='11/30/2019 14:01:20' severity='0'>Initializing tests for all models...</item>
<item created='11/30/2019 14:01:20' severity='0'>Testing model 1 on the Validation Set with 44 records..............</item>
<item created='11/30/2019 14:01:20' severity='0'>Testing model 2 on the Validation Set with 44 records..............</item>
<item created='11/30/2019 14:01:20' severity='0'>Testing model 3 on the Validation Set with 44 records..............</item>
<item created='11/30/2019 14:01:20' severity='0'>Testing model 4 on the Validation Set with 44 records..............</item>
<item created='11/30/2019 14:01:20' severity='0'>Testing model 5 on the Validation Set with 44 records..............</item>
<item created='11/30/2019 14:01:20' severity='0'>Testing model 6 on the Validation Set with 44 records..............</item>
<item created='11/30/2019 14:01:20' severity='0'>Testing model 7 on the Validation Set with 44 records..............</item>
<item created='11/30/2019 14:01:20' severity='0'>Testing model 8 on the Validation Set with 44 records..............</item>
<item created='11/30/2019 14:01:20' severity='0'>Testing model 9 on the Validation Set with 44 records..............</item>
<item created='11/30/2019 14:01:20' severity='0'>Testing model 10 on the Validation Set with 44 records..............</item>
<item created='11/30/2019 14:01:20' severity='0'>Testing model 11 on the Validation Set with 44 records..............</item>
<item created='11/30/2019 14:01:20' severity='0'>Testing model 12 on the Validation Set with 44 records..............</item>
<item created='11/30/2019 14:01:20' severity='0'>Testing model 13 on the Validation Set with 44 records..............</item>
<item created='11/30/2019 14:01:20' severity='0'>Testing model 14 on the Validation Set with 44 records..............</item>
<item created='11/30/2019 14:01:20' severity='0'>Testing model 15 on the Validation Set with 44 records..............</item>
<item created='11/30/2019 14:01:20' severity='0'>Testing model 16 on the Validation Set with 44 records..............</item>
<item created='11/30/2019 14:01:20' severity='0'>Testing model 17 on the Validation Set with 44 records..............</item>
<item created='11/30/2019 14:01:20' severity='0'>Testing model 18 on the Validation Set with 44 records..............</item>
<item created='11/30/2019 14:01:20' severity='0'>Testing model 19 on the Validation Set with 44 records..............</item>
<item created='11/30/2019 14:01:20' severity='0'>Testing model 20 on the Validation Set with 44 records..............</item>
<item created='11/30/2019 14:01:20' severity='0'>Testing model 21 on the Validation Set with 44 records..............</item>
<item created='11/30/2019 14:01:21' severity='0'>Success</item>
</log>
