<summary><value key="AverageTrainFitness" datatype="5" valuetype="4">964.824120603015</value><value key="AverageTrainRSQuare" datatype="5" valuetype="4">0.798177098487193</value><value key="AverageTrainAccuracy" datatype="5" valuetype="4">98.21</value><value key="MaxTrainFitness" datatype="5" valuetype="4">1000</value><value key="MaxTestFitness" datatype="5" valuetype="4">1000</value><value key="TrainSuccessCount" datatype="3" valuetype="4">0</value><value key="TrainSuccessRate" datatype="5" valuetype="4">0</value><value key="BestTrainFitness" datatype="5" valuetype="4">964.824120603015</value><value key="BestTrainFitnessRun" datatype="3" valuetype="4">1</value><value key="BestTrainFitnessHistory" datatype="3" valuetype="4">1</value><value key="BestTrainFitnessModelId" datatype="3" valuetype="4">21</value><value key="BestTrainFitnessModelSize" datatype="3" valuetype="4">18</value><value key="BestTrainFitnessModelLiterals" datatype="3" valuetype="4">11</value><value key="BestTrainFitnessModelTerminals" datatype="8" valuetype="4">mx-missile_y_min(1), immigration_n_min(1), synfuels-corporation-cutback_y_min(1), duty-free-exports_n_min(1), export-administration-act-south-africa_u_min(1), adoption-of-the-budget-resolution_y_max(1), physician-fee-freeze_y_max(4), religious-groups-in-schools_u_max(1)</value><value key="BestTrainFitnessModelVariableImportance" datatype="8" valuetype="4">mx-missile_y_min(6.04062139659902E-02), immigration_n_min(8.87248149230184E-03), synfuels-corporation-cutback_y_min(0.128215459084085), duty-free-exports_n_min(4.34842870947141E-04), export-administration-act-south-africa_u_min(2.64376942603877E-02), adoption-of-the-budget-resolution_y_max(8.27865541626288E-02), physician-fee-freeze_y_max(0.689730428517881), religious-groups-in-schools_u_max(3.11632564577788E-03)</value><value key="BestTrainAccuracy" datatype="5" valuetype="4">98.21</value><value key="BestTrainAccuracyRun" datatype="3" valuetype="4">1</value><value key="BestTrainAccuracyHistory" datatype="3" valuetype="4">1</value><value key="BestTrainAccuracyModelId" datatype="3" valuetype="4">21</value><value key="BestTrainAccuracyModelSize" datatype="3" valuetype="4">18</value><value key="BestTrainAccuracyModelLiterals" datatype="3" valuetype="4">11</value><value key="BestTrainAccuracyModelTerminals" datatype="8" valuetype="4">mx-missile_y_min(1), immigration_n_min(1), synfuels-corporation-cutback_y_min(1), duty-free-exports_n_min(1), export-administration-act-south-africa_u_min(1), adoption-of-the-budget-resolution_y_max(1), physician-fee-freeze_y_max(4), religious-groups-in-schools_u_max(1)</value><value key="BestTrainAccuracyModelVariableImportance" datatype="8" valuetype="4">mx-missile_y_min(6.04062139659902E-02), immigration_n_min(8.87248149230184E-03), synfuels-corporation-cutback_y_min(0.128215459084085), duty-free-exports_n_min(4.34842870947141E-04), export-administration-act-south-africa_u_min(2.64376942603877E-02), adoption-of-the-budget-resolution_y_max(8.27865541626288E-02), physician-fee-freeze_y_max(0.689730428517881), religious-groups-in-schools_u_max(3.11632564577788E-03)</value><value key="BestTrainRSQuare" datatype="5" valuetype="4">0.798177098487193</value><value key="BestTrainRSQuareRun" datatype="3" valuetype="4">1</value><value key="BestTrainRSQuareHistory" datatype="3" valuetype="4">1</value><value key="BestTrainRSQuareModelId" datatype="3" valuetype="4">21</value><value key="BestTrainRSQuareModelSize" datatype="3" valuetype="4">18</value><value key="BestTrainRSQuareModelLiterals" datatype="3" valuetype="4">11</value><value key="BestTrainRSQuareModelTerminals" datatype="8" valuetype="4">mx-missile_y_min(1), immigration_n_min(1), synfuels-corporation-cutback_y_min(1), duty-free-exports_n_min(1), export-administration-act-south-africa_u_min(1), adoption-of-the-budget-resolution_y_max(1), physician-fee-freeze_y_max(4), religious-groups-in-schools_u_max(1)</value><value key="BestTrainRSQuareModelVariableImportance" datatype="8" valuetype="4">mx-missile_y_min(6.04062139659902E-02), immigration_n_min(8.87248149230184E-03), synfuels-corporation-cutback_y_min(0.128215459084085), duty-free-exports_n_min(4.34842870947141E-04), export-administration-act-south-africa_u_min(2.64376942603877E-02), adoption-of-the-budget-resolution_y_max(8.27865541626288E-02), physician-fee-freeze_y_max(0.689730428517881), religious-groups-in-schools_u_max(3.11632564577788E-03)</value><value key="TestSuccessCount" datatype="3" valuetype="4">0</value><value key="TestSuccessRate" datatype="5" valuetype="4">0</value><value key="AverageTestFitness" datatype="5" valuetype="4">913.04347826087</value><value key="AverageTestRSQuare" datatype="5" valuetype="4">0.811356302151594</value><value key="AverageTestAccuracy" datatype="5" valuetype="4">95.45</value><value key="BestTestFitness" datatype="5" valuetype="4">913.04347826087</value><value key="BestTestFitnessRun" datatype="3" valuetype="4">1</value><value key="BestTestFitnessHistory" datatype="3" valuetype="4">1</value><value key="BestTestFitnessModelId" datatype="3" valuetype="4">21</value><value key="BestTestFitnessModelSize" datatype="3" valuetype="4">18</value><value key="BestTestFitnessModelLiterals" datatype="3" valuetype="4">11</value><value key="BestTestFitnessModelTerminals" datatype="8" valuetype="4">mx-missile_y_min(1), immigration_n_min(1), synfuels-corporation-cutback_y_min(1), duty-free-exports_n_min(1), export-administration-act-south-africa_u_min(1), adoption-of-the-budget-resolution_y_max(1), physician-fee-freeze_y_max(4), religious-groups-in-schools_u_max(1)</value><value key="BestTestFitnessModelVariableImportance" datatype="8" valuetype="4">mx-missile_y_min(9.75699784544088E-02), immigration_n_min(0.013663591712504), synfuels-corporation-cutback_y_min(0.193813410732495), duty-free-exports_n_min(5.59692253543358E-03), export-administration-act-south-africa_u_min(0.037126039144362), adoption-of-the-budget-resolution_y_max(8.89138648716348E-02), physician-fee-freeze_y_max(0.539092918262339), religious-groups-in-schools_u_max(2.42232742868219E-02)</value><value key="BestTestAccuracy" datatype="5" valuetype="4">95.45</value><value key="BestTestAccuracyRun" datatype="3" valuetype="4">1</value><value key="BestTestAccuracyHistory" datatype="3" valuetype="4">1</value><value key="BestTestAccuracyModelId" datatype="3" valuetype="4">21</value><value key="BestTestAccuracyModelSize" datatype="3" valuetype="4">18</value><value key="BestTestAccuracyModelLiterals" datatype="3" valuetype="4">11</value><value key="BestTestAccuracyModelTerminals" datatype="8" valuetype="4">mx-missile_y_min(1), immigration_n_min(1), synfuels-corporation-cutback_y_min(1), duty-free-exports_n_min(1), export-administration-act-south-africa_u_min(1), adoption-of-the-budget-resolution_y_max(1), physician-fee-freeze_y_max(4), religious-groups-in-schools_u_max(1)</value><value key="BestTestAccuracyModelVariableImportance" datatype="8" valuetype="4">mx-missile_y_min(9.75699784544088E-02), immigration_n_min(0.013663591712504), synfuels-corporation-cutback_y_min(0.193813410732495), duty-free-exports_n_min(5.59692253543358E-03), export-administration-act-south-africa_u_min(0.037126039144362), adoption-of-the-budget-resolution_y_max(8.89138648716348E-02), physician-fee-freeze_y_max(0.539092918262339), religious-groups-in-schools_u_max(2.42232742868219E-02)</value><value key="BestTestRSQuare" datatype="5" valuetype="4">0.811356302151594</value><value key="BestTestRSQuareRun" datatype="3" valuetype="4">1</value><value key="BestTestRSQuareHistory" datatype="3" valuetype="4">1</value><value key="BestTestRSQuareModelId" datatype="3" valuetype="4">21</value><value key="BestTestRSQuareModelSize" datatype="3" valuetype="4">18</value><value key="BestTestRSQuareModelLiterals" datatype="3" valuetype="4">11</value><value key="BestTestRSQuareModelTerminals" datatype="8" valuetype="4">mx-missile_y_min(1), immigration_n_min(1), synfuels-corporation-cutback_y_min(1), duty-free-exports_n_min(1), export-administration-act-south-africa_u_min(1), adoption-of-the-budget-resolution_y_max(1), physician-fee-freeze_y_max(4), religious-groups-in-schools_u_max(1)</value><value key="BestTestRSQuareModelVariableImportance" datatype="8" valuetype="4">mx-missile_y_min(9.75699784544088E-02), immigration_n_min(0.013663591712504), synfuels-corporation-cutback_y_min(0.193813410732495), duty-free-exports_n_min(5.59692253543358E-03), export-administration-act-south-africa_u_min(0.037126039144362), adoption-of-the-budget-resolution_y_max(8.89138648716348E-02), physician-fee-freeze_y_max(0.539092918262339), religious-groups-in-schools_u_max(2.42232742868219E-02)</value><value key="DefinitionFile" datatype="8" valuetype="4">../vote_1_6_2_jobdef.xml</value></summary>
