<report id="0"><run id="1" name="vote_template_classification_000001.gep"><value key="HasTestingSet" datatype="3" valuetype="0">1</value><value key="TrainFitness" datatype="5" valuetype="1" ModelId="1">347.600518806745</value><value key="TrainFitness" datatype="5" valuetype="1" ModelId="2">405.09590609791</value><value key="TrainFitness" datatype="5" valuetype="1" ModelId="3">407.343660355709</value><value key="TrainFitness" datatype="5" valuetype="1" ModelId="4">574.154067674586</value><value key="TrainFitness" datatype="5" valuetype="1" ModelId="5">589.519650655022</value><value key="TrainFitness" datatype="5" valuetype="1" ModelId="6">611.60384331116</value><value key="TrainFitness" datatype="5" valuetype="1" ModelId="7">684.875662454138</value><value key="TrainFitness" datatype="5" valuetype="1" ModelId="8">688.457609805924</value><value key="TrainFitness" datatype="5" valuetype="1" ModelId="9">695.670018469115</value><value key="TrainFitness" datatype="5" valuetype="1" ModelId="10">702.947845804989</value><value key="TrainFitness" datatype="5" valuetype="1" ModelId="11">898.058252427184</value><value key="TrainFitness" datatype="5" valuetype="1" ModelId="12">916.666666666667</value><value key="TrainFitness" datatype="5" valuetype="1" ModelId="13">921.375921375921</value><value key="TrainFitness" datatype="5" valuetype="1" ModelId="14">926.108374384236</value><value key="TrainFitness" datatype="5" valuetype="1" ModelId="15">930.864197530864</value><value key="TrainFitness" datatype="5" valuetype="1" ModelId="16">935.643564356436</value><value key="TrainFitness" datatype="5" valuetype="1" ModelId="17">940.446650124069</value><value key="TrainFitness" datatype="5" valuetype="1" ModelId="18">950.124688279302</value><value key="TrainFitness" datatype="5" valuetype="1" ModelId="19">955</value><value key="TrainFitness" datatype="5" valuetype="1" ModelId="20">959.899749373434</value><value key="TrainFitness" datatype="5" valuetype="1" ModelId="21">964.824120603015</value><value key="TrainAccuracy" datatype="5" valuetype="1" ModelId="1">68.54</value><value key="TrainAccuracy" datatype="5" valuetype="1" ModelId="2">72.38</value><value key="TrainAccuracy" datatype="5" valuetype="1" ModelId="3">72.63</value><value key="TrainAccuracy" datatype="5" valuetype="1" ModelId="4">81.59</value><value key="TrainAccuracy" datatype="5" valuetype="1" ModelId="5">82.86</value><value key="TrainAccuracy" datatype="5" valuetype="1" ModelId="6">84.65</value><value key="TrainAccuracy" datatype="5" valuetype="1" ModelId="7">85.93</value><value key="TrainAccuracy" datatype="5" valuetype="1" ModelId="8">86.19</value><value key="TrainAccuracy" datatype="5" valuetype="1" ModelId="9">86.7</value><value key="TrainAccuracy" datatype="5" valuetype="1" ModelId="10">87.21</value><value key="TrainAccuracy" datatype="5" valuetype="1" ModelId="11">94.63</value><value key="TrainAccuracy" datatype="5" valuetype="1" ModelId="12">95.65</value><value key="TrainAccuracy" datatype="5" valuetype="1" ModelId="13">95.91</value><value key="TrainAccuracy" datatype="5" valuetype="1" ModelId="14">96.16</value><value key="TrainAccuracy" datatype="5" valuetype="1" ModelId="15">96.42</value><value key="TrainAccuracy" datatype="5" valuetype="1" ModelId="16">96.68</value><value key="TrainAccuracy" datatype="5" valuetype="1" ModelId="17">96.93</value><value key="TrainAccuracy" datatype="5" valuetype="1" ModelId="18">97.44</value><value key="TrainAccuracy" datatype="5" valuetype="1" ModelId="19">97.7</value><value key="TrainAccuracy" datatype="5" valuetype="1" ModelId="20">97.95</value><value key="TrainAccuracy" datatype="5" valuetype="1" ModelId="21">98.21</value><value key="TestFitness" datatype="5" valuetype="1" ModelId="1">440.251572327044</value><value key="TestFitness" datatype="5" valuetype="1" ModelId="2">408.163265306122</value><value key="TestFitness" datatype="5" valuetype="1" ModelId="3">408.163265306122</value><value key="TestFitness" datatype="5" valuetype="1" ModelId="4">604.575163398693</value><value key="TestFitness" datatype="5" valuetype="1" ModelId="5">633.333333333333</value><value key="TestFitness" datatype="5" valuetype="1" ModelId="6">633.333333333333</value><value key="TestFitness" datatype="5" valuetype="1" ModelId="7">604.575163398693</value><value key="TestFitness" datatype="5" valuetype="1" ModelId="8">604.575163398693</value><value key="TestFitness" datatype="5" valuetype="1" ModelId="9">604.575163398693</value><value key="TestFitness" datatype="5" valuetype="1" ModelId="10">690.909090909091</value><value key="TestFitness" datatype="5" valuetype="1" ModelId="11">872.340425531915</value><value key="TestFitness" datatype="5" valuetype="1" ModelId="12">913.04347826087</value><value key="TestFitness" datatype="5" valuetype="1" ModelId="13">913.04347826087</value><value key="TestFitness" datatype="5" valuetype="1" ModelId="14">913.04347826087</value><value key="TestFitness" datatype="5" valuetype="1" ModelId="15">913.04347826087</value><value key="TestFitness" datatype="5" valuetype="1" ModelId="16">872.340425531915</value><value key="TestFitness" datatype="5" valuetype="1" ModelId="17">913.04347826087</value><value key="TestFitness" datatype="5" valuetype="1" ModelId="18">913.04347826087</value><value key="TestFitness" datatype="5" valuetype="1" ModelId="19">913.04347826087</value><value key="TestFitness" datatype="5" valuetype="1" ModelId="20">913.04347826087</value><value key="TestFitness" datatype="5" valuetype="1" ModelId="21">913.04347826087</value><value key="TestAccuracy" datatype="5" valuetype="1" ModelId="1">79.55</value><value key="TestAccuracy" datatype="5" valuetype="1" ModelId="2">72.73</value><value key="TestAccuracy" datatype="5" valuetype="1" ModelId="3">72.73</value><value key="TestAccuracy" datatype="5" valuetype="1" ModelId="4">84.09</value><value key="TestAccuracy" datatype="5" valuetype="1" ModelId="5">86.36</value><value key="TestAccuracy" datatype="5" valuetype="1" ModelId="6">86.36</value><value key="TestAccuracy" datatype="5" valuetype="1" ModelId="7">84.09</value><value key="TestAccuracy" datatype="5" valuetype="1" ModelId="8">84.09</value><value key="TestAccuracy" datatype="5" valuetype="1" ModelId="9">84.09</value><value key="TestAccuracy" datatype="5" valuetype="1" ModelId="10">86.36</value><value key="TestAccuracy" datatype="5" valuetype="1" ModelId="11">93.18</value><value key="TestAccuracy" datatype="5" valuetype="1" ModelId="12">95.45</value><value key="TestAccuracy" datatype="5" valuetype="1" ModelId="13">95.45</value><value key="TestAccuracy" datatype="5" valuetype="1" ModelId="14">95.45</value><value key="TestAccuracy" datatype="5" valuetype="1" ModelId="15">95.45</value><value key="TestAccuracy" datatype="5" valuetype="1" ModelId="16">93.18</value><value key="TestAccuracy" datatype="5" valuetype="1" ModelId="17">95.45</value><value key="TestAccuracy" datatype="5" valuetype="1" ModelId="18">95.45</value><value key="TestAccuracy" datatype="5" valuetype="1" ModelId="19">95.45</value><value key="TestAccuracy" datatype="5" valuetype="1" ModelId="20">95.45</value><value key="TestAccuracy" datatype="5" valuetype="1" ModelId="21">95.45</value><value key="Size" datatype="3" valuetype="1" ModelId="1">17</value><value key="Size" datatype="3" valuetype="1" ModelId="2">12</value><value key="Size" datatype="3" valuetype="1" ModelId="3">12</value><value key="Size" datatype="3" valuetype="1" ModelId="4">12</value><value key="Size" datatype="3" valuetype="1" ModelId="5">13</value><value key="Size" datatype="3" valuetype="1" ModelId="6">14</value><value key="Size" datatype="3" valuetype="1" ModelId="7">13</value><value key="Size" datatype="3" valuetype="1" ModelId="8">13</value><value key="Size" datatype="3" valuetype="1" ModelId="9">13</value><value key="Size" datatype="3" valuetype="1" ModelId="10">12</value><value key="Size" datatype="3" valuetype="1" ModelId="11">15</value><value key="Size" datatype="3" valuetype="1" ModelId="12">15</value><value key="Size" datatype="3" valuetype="1" ModelId="13">18</value><value key="Size" datatype="3" valuetype="1" ModelId="14">18</value><value key="Size" datatype="3" valuetype="1" ModelId="15">18</value><value key="Size" datatype="3" valuetype="1" ModelId="16">18</value><value key="Size" datatype="3" valuetype="1" ModelId="17">18</value><value key="Size" datatype="3" valuetype="1" ModelId="18">18</value><value key="Size" datatype="3" valuetype="1" ModelId="19">17</value><value key="Size" datatype="3" valuetype="1" ModelId="20">17</value><value key="Size" datatype="3" valuetype="1" ModelId="21">18</value><value key="Generation" datatype="5" valuetype="1" ModelId="1">0</value><value key="Generation" datatype="5" valuetype="1" ModelId="2">1</value><value key="Generation" datatype="5" valuetype="1" ModelId="3">2</value><value key="Generation" datatype="5" valuetype="1" ModelId="4">3</value><value key="Generation" datatype="5" valuetype="1" ModelId="5">6</value><value key="Generation" datatype="5" valuetype="1" ModelId="6">27</value><value key="Generation" datatype="5" valuetype="1" ModelId="7">41</value><value key="Generation" datatype="5" valuetype="1" ModelId="8">47</value><value key="Generation" datatype="5" valuetype="1" ModelId="9">51</value><value key="Generation" datatype="5" valuetype="1" ModelId="10">54</value><value key="Generation" datatype="5" valuetype="1" ModelId="11">56</value><value key="Generation" datatype="5" valuetype="1" ModelId="12">58</value><value key="Generation" datatype="5" valuetype="1" ModelId="13">812</value><value key="Generation" datatype="5" valuetype="1" ModelId="14">818</value><value key="Generation" datatype="5" valuetype="1" ModelId="15">826</value><value key="Generation" datatype="5" valuetype="1" ModelId="16">867</value><value key="Generation" datatype="5" valuetype="1" ModelId="17">886</value><value key="Generation" datatype="5" valuetype="1" ModelId="18">993</value><value key="Generation" datatype="5" valuetype="1" ModelId="19">1456</value><value key="Generation" datatype="5" valuetype="1" ModelId="20">8372</value><value key="Generation" datatype="5" valuetype="1" ModelId="21">13278</value><value key="RunIndex" datatype="5" valuetype="1" ModelId="1">1</value><value key="RunIndex" datatype="5" valuetype="1" ModelId="2">1</value><value key="RunIndex" datatype="5" valuetype="1" ModelId="3">1</value><value key="RunIndex" datatype="5" valuetype="1" ModelId="4">1</value><value key="RunIndex" datatype="5" valuetype="1" ModelId="5">1</value><value key="RunIndex" datatype="5" valuetype="1" ModelId="6">1</value><value key="RunIndex" datatype="5" valuetype="1" ModelId="7">1</value><value key="RunIndex" datatype="5" valuetype="1" ModelId="8">1</value><value key="RunIndex" datatype="5" valuetype="1" ModelId="9">1</value><value key="RunIndex" datatype="5" valuetype="1" ModelId="10">1</value><value key="RunIndex" datatype="5" valuetype="1" ModelId="11">1</value><value key="RunIndex" datatype="5" valuetype="1" ModelId="12">1</value><value key="RunIndex" datatype="5" valuetype="1" ModelId="13">1</value><value key="RunIndex" datatype="5" valuetype="1" ModelId="14">1</value><value key="RunIndex" datatype="5" valuetype="1" ModelId="15">1</value><value key="RunIndex" datatype="5" valuetype="1" ModelId="16">1</value><value key="RunIndex" datatype="5" valuetype="1" ModelId="17">1</value><value key="RunIndex" datatype="5" valuetype="1" ModelId="18">1</value><value key="RunIndex" datatype="5" valuetype="1" ModelId="19">1</value><value key="RunIndex" datatype="5" valuetype="1" ModelId="20">1</value><value key="RunIndex" datatype="5" valuetype="1" ModelId="21">1</value><value key="Literals" datatype="3" valuetype="-1" ModelId="1">10</value><value key="Variables" datatype="8" valuetype="-1" ModelId="1">el-salvador-aid_y_min(1), immigration_y_min(1), education-spending_u_min(1), duty-free-exports_y_min(1), handicapped-infants_n_max(1), physician-fee-freeze_y_max(1), aid-to-nicaraguan-contras_n_max(1), synfuels-corporation-cutback_n_max(1), export-administration-act-south-africa_n_max(1), export-administration-act-south-africa_y_max(1)</value><value key="Literals" datatype="3" valuetype="-1" ModelId="2">8</value><value key="Variables" datatype="8" valuetype="-1" ModelId="2">water-project-cost-sharing_u_min(1), aid-to-nicaraguan-contras_y_min(1), crime_n_min(1), crime_u_min(1), water-project-cost-sharing_y_max(1), anti-satellite-test-ban_n_max(1), superfund-right-to-sue_n_max(1), export-administration-act-south-africa_n_max(1)</value><value key="Literals" datatype="3" valuetype="-1" ModelId="3">7</value><value key="Variables" datatype="8" valuetype="-1" ModelId="3">water-project-cost-sharing_u_min(1), aid-to-nicaraguan-contras_y_min(1), crime_n_min(1), crime_u_min(1), anti-satellite-test-ban_n_max(1), superfund-right-to-sue_n_max(1), export-administration-act-south-africa_n_max(1)</value><value key="Literals" datatype="3" valuetype="-1" ModelId="4">7</value><value key="Variables" datatype="8" valuetype="-1" ModelId="4">water-project-cost-sharing_u_min(1), aid-to-nicaraguan-contras_y_min(1), crime_n_min(1), export-administration-act-south-africa_n_min(1), anti-satellite-test-ban_n_max(1), superfund-right-to-sue_n_max(1), export-administration-act-south-africa_n_max(1)</value><value key="Literals" datatype="3" valuetype="-1" ModelId="5">3</value><value key="Variables" datatype="8" valuetype="-1" ModelId="5">aid-to-nicaraguan-contras_y_min(1), superfund-right-to-sue_u_max(1), crime_u_max(1)</value><value key="Literals" datatype="3" valuetype="-1" ModelId="6">4</value><value key="Variables" datatype="8" valuetype="-1" ModelId="6">aid-to-nicaraguan-contras_y_min(1), crime_u_max(1), duty-free-exports_y_max(1), export-administration-act-south-africa_u_max(1)</value><value key="Literals" datatype="3" valuetype="-1" ModelId="7">3</value><value key="Variables" datatype="8" valuetype="-1" ModelId="7">el-salvador-aid_y_max(1), mx-missile_n_max(1), duty-free-exports_y_max(1)</value><value key="Literals" datatype="3" valuetype="-1" ModelId="8">4</value><value key="Variables" datatype="8" valuetype="-1" ModelId="8">religious-groups-in-schools_u_min(1), el-salvador-aid_y_max(1), mx-missile_n_max(1), duty-free-exports_y_max(1)</value><value key="Literals" datatype="3" valuetype="-1" ModelId="9">3</value><value key="Variables" datatype="8" valuetype="-1" ModelId="9">crime_n_min(1), el-salvador-aid_y_max(1), mx-missile_n_max(1)</value><value key="Literals" datatype="3" valuetype="-1" ModelId="10">3</value><value key="Variables" datatype="8" valuetype="-1" ModelId="10">crime_n_min(1), el-salvador-aid_y_max(1), mx-missile_n_max(1)</value><value key="Literals" datatype="3" valuetype="-1" ModelId="11">4</value><value key="Variables" datatype="8" valuetype="-1" ModelId="11">physician-fee-freeze_y_max(1), el-salvador-aid_y_max(1), mx-missile_n_max(1), duty-free-exports_y_max(1)</value><value key="Literals" datatype="3" valuetype="-1" ModelId="12">3</value><value key="Variables" datatype="8" valuetype="-1" ModelId="12">physician-fee-freeze_y_max(1), mx-missile_n_max(1), duty-free-exports_y_max(1)</value><value key="Literals" datatype="3" valuetype="-1" ModelId="13">7</value><value key="Variables" datatype="8" valuetype="-1" ModelId="13">water-project-cost-sharing_n_min(1), mx-missile_y_min(1), education-spending_n_min(1), physician-fee-freeze_n_max(1), physician-fee-freeze_y_max(2), religious-groups-in-schools_y_max(1)</value><value key="Literals" datatype="3" valuetype="-1" ModelId="14">7</value><value key="Variables" datatype="8" valuetype="-1" ModelId="14">el-salvador-aid_u_min(1), mx-missile_y_min(1), education-spending_n_min(1), physician-fee-freeze_n_max(1), physician-fee-freeze_y_max(2), religious-groups-in-schools_y_max(1)</value><value key="Literals" datatype="3" valuetype="-1" ModelId="15">6</value><value key="Variables" datatype="8" valuetype="-1" ModelId="15">el-salvador-aid_u_min(1), mx-missile_y_min(1), education-spending_n_min(1), physician-fee-freeze_n_max(1), physician-fee-freeze_y_max(1), religious-groups-in-schools_y_max(1)</value><value key="Literals" datatype="3" valuetype="-1" ModelId="16">7</value><value key="Variables" datatype="8" valuetype="-1" ModelId="16">el-salvador-aid_u_min(1), mx-missile_y_min(1), synfuels-corporation-cutback_y_min(1), education-spending_n_min(1), physician-fee-freeze_y_max(2), immigration_n_max(1)</value><value key="Literals" datatype="3" valuetype="-1" ModelId="17">7</value><value key="Variables" datatype="8" valuetype="-1" ModelId="17">adoption-of-the-budget-resolution_n_min(1), el-salvador-aid_u_min(1), mx-missile_y_min(1), synfuels-corporation-cutback_y_min(1), physician-fee-freeze_y_max(2), immigration_n_max(1)</value><value key="Literals" datatype="3" valuetype="-1" ModelId="18">7</value><value key="Variables" datatype="8" valuetype="-1" ModelId="18">adoption-of-the-budget-resolution_n_min(1), mx-missile_y_min(1), synfuels-corporation-cutback_y_min(1), physician-fee-freeze_y_max(2), immigration_n_max(1), education-spending_u_max(1)</value><value key="Literals" datatype="3" valuetype="-1" ModelId="19">9</value><value key="Variables" datatype="8" valuetype="-1" ModelId="19">water-project-cost-sharing_y_min(1), adoption-of-the-budget-resolution_n_min(1), mx-missile_y_min(1), synfuels-corporation-cutback_y_min(1), physician-fee-freeze_y_max(3), immigration_n_max(1), education-spending_u_max(1)</value><value key="Literals" datatype="3" valuetype="-1" ModelId="20">10</value><value key="Variables" datatype="8" valuetype="-1" ModelId="20">adoption-of-the-budget-resolution_n_min(1), mx-missile_y_min(1), immigration_n_min(2), synfuels-corporation-cutback_y_min(1), export-administration-act-south-africa_u_min(1), physician-fee-freeze_y_max(2), education-spending_u_max(1), crime_u_max(1)</value><value key="Literals" datatype="3" valuetype="-1" ModelId="21">11</value><value key="Variables" datatype="8" valuetype="-1" ModelId="21">mx-missile_y_min(1), immigration_n_min(1), synfuels-corporation-cutback_y_min(1), duty-free-exports_n_min(1), export-administration-act-south-africa_u_min(1), adoption-of-the-budget-resolution_y_max(1), physician-fee-freeze_y_max(4), religious-groups-in-schools_u_max(1)</value><value key="VariableImportance" datatype="8" valuetype="-1" ModelId="21">mx-missile_y_min(6.92911971175962E-02), immigration_n_min(6.78182438186415E-03), synfuels-corporation-cutback_y_min(0.142140879169684), duty-free-exports_n_min(6.87782750601514E-04), export-administration-act-south-africa_u_min(1.96705450322138E-02), adoption-of-the-budget-resolution_y_max(8.73012219573697E-02), physician-fee-freeze_y_max(0.673879254693789), religious-groups-in-schools_u_max(2.47294896881361E-04)</value></run></report>
