<log created='11/30/2019 14:02:40' name='vote_template_classification_000001'>
<item created='11/30/2019 14:02:40' severity='0'>Processing run 1...</item>
<item created='11/30/2019 14:02:40' severity='0'>Applied setting Genes (6)</item>
<item created='11/30/2019 14:02:40' severity='0'>Applied setting HeadSize (1)</item>
<item created='11/30/2019 14:02:40' severity='0'>Applied setting FitnessFunction (11)</item>
<item created='11/30/2019 14:02:40' severity='0'>Applied setting RoundingThreshold (0.5)</item>
<item created='11/30/2019 14:02:40' severity='0'>Changed function * to weight 2.</item>
<item created='11/30/2019 14:02:40' severity='0'>Loading data from file vote_TRAIN_fold_4.csv ...</item>
<item created='11/30/2019 14:02:41' severity='0'>Loading data from file vote_TEST_fold_4.csv ...</item>
<item created='11/30/2019 14:02:42' severity='0'>Loading run file... vote_1_6_4\vote_template_classification_000001.gep</item>
<item created='11/30/2019 14:02:42' severity='0'>Initializing run...</item>
<item created='11/30/2019 14:02:42' severity='0'>Training Set size: 391</item>
<item created='11/30/2019 14:02:42' severity='0'>Dataset loaded.</item>
<item created='11/30/2019 14:02:42' severity='0'>Starting...</item>
<item created='11/30/2019 14:02:42' severity='0'>Generation: 0 (728.948470883955, 89.00% (348))</item>
<item created='11/30/2019 14:02:44' severity='0'>Generation: 322 (940.446650124069, 96.93% (379))</item>
<item created='11/30/2019 14:02:46' severity='0'>Generation: 824 (940.446650124069, 96.93% (379))</item>
<item created='11/30/2019 14:02:48' severity='0'>Generation: 1324 (940.446650124069, 96.93% (379))</item>
<item created='11/30/2019 14:02:50' severity='0'>Generation: 1831 (955, 97.70% (382))</item>
<item created='11/30/2019 14:02:52' severity='0'>Generation: 2334 (959.899749373434, 97.95% (383))</item>
<item created='11/30/2019 14:02:54' severity='0'>Generation: 2843 (964.824120603015, 98.21% (384))</item>
<item created='11/30/2019 14:02:56' severity='0'>Generation: 3384 (964.824120603015, 98.21% (384))</item>
<item created='11/30/2019 14:02:58' severity='0'>Generation: 3932 (964.824120603015, 98.21% (384))</item>
<item created='11/30/2019 14:03:00' severity='0'>Generation: 4483 (964.824120603015, 98.21% (384))</item>
<item created='11/30/2019 14:03:02' severity='0'>Generation: 5018 (964.824120603015, 98.21% (384))</item>
<item created='11/30/2019 14:03:04' severity='0'>Generation: 5576 (964.824120603015, 98.21% (384))</item>
<item created='11/30/2019 14:03:06' severity='0'>Generation: 6107 (964.824120603015, 98.21% (384))</item>
<item created='11/30/2019 14:03:08' severity='0'>Generation: 6662 (964.824120603015, 98.21% (384))</item>
<item created='11/30/2019 14:03:10' severity='0'>Generation: 7190 (964.824120603015, 98.21% (384))</item>
<item created='11/30/2019 14:03:12' severity='0'>Generation: 7723 (964.824120603015, 98.21% (384))</item>
<item created='11/30/2019 14:03:14' severity='0'>Generation: 8252 (964.824120603015, 98.21% (384))</item>
<item created='11/30/2019 14:03:16' severity='0'>Generation: 8784 (964.824120603015, 98.21% (384))</item>
<item created='11/30/2019 14:03:18' severity='0'>Generation: 9349 (964.824120603015, 98.21% (384))</item>
<item created='11/30/2019 14:03:20' severity='0'>Generation: 9906 (964.824120603015, 98.21% (384))</item>
<item created='11/30/2019 14:03:22' severity='0'>Generation: 10467 (964.824120603015, 98.21% (384))</item>
<item created='11/30/2019 14:03:24' severity='0'>Generation: 11036 (964.824120603015, 98.21% (384))</item>
<item created='11/30/2019 14:03:26' severity='0'>Generation: 11607 (964.824120603015, 98.21% (384))</item>
<item created='11/30/2019 14:03:28' severity='0'>Generation: 12157 (964.824120603015, 98.21% (384))</item>
<item created='11/30/2019 14:03:30' severity='0'>Generation: 12692 (964.824120603015, 98.21% (384))</item>
<item created='11/30/2019 14:03:32' severity='0'>Generation: 13233 (964.824120603015, 98.21% (384))</item>
<item created='11/30/2019 14:03:34' severity='0'>Generation: 13778 (964.824120603015, 98.21% (384))</item>
<item created='11/30/2019 14:03:36' severity='0'>Generation: 14323 (964.824120603015, 98.21% (384))</item>
<item created='11/30/2019 14:03:38' severity='0'>Generation: 14862 (964.824120603015, 98.21% (384))</item>
<item created='11/30/2019 14:03:40' severity='0'>Generation: 15397 (964.824120603015, 98.21% (384))</item>
<item created='11/30/2019 14:03:42' severity='0'>Generation: 15928 (964.824120603015, 98.21% (384))</item>
<item created='11/30/2019 14:03:44' severity='0'>Generation: 16439 (964.824120603015, 98.21% (384))</item>
<item created='11/30/2019 14:03:46' severity='0'>Generation: 16963 (964.824120603015, 98.21% (384))</item>
<item created='11/30/2019 14:03:48' severity='0'>Generation: 17514 (964.824120603015, 98.21% (384))</item>
<item created='11/30/2019 14:03:50' severity='0'>Generation: 18076 (964.824120603015, 98.21% (384))</item>
<item created='11/30/2019 14:03:52' severity='0'>Generation: 18622 (964.824120603015, 98.21% (384))</item>
<item created='11/30/2019 14:03:54' severity='0'>Generation: 19172 (964.824120603015, 98.21% (384))</item>
<item created='11/30/2019 14:03:56' severity='0'>Generation: 19733 (964.824120603015, 98.21% (384))</item>
<item created='11/30/2019 14:03:56' severity='0'>Finished run.</item>
<item created='11/30/2019 14:03:57' severity='0'>Models created: 15</item>
<item created='11/30/2019 14:03:57' severity='0'>Models: 15</item>
<item created='11/30/2019 14:03:57' severity='0'>Last Model: 15</item>
<item created='11/30/2019 14:03:57' severity='0'>Generation: 2373</item>
<item created='11/30/2019 14:03:57' severity='0'>Training Fitness: 964.824120603015</item>
<item created='11/30/2019 14:03:57' severity='0'>Training Accuracy: 98.21%</item>
<item created='11/30/2019 14:03:57' severity='0'>Success</item>
<item created='11/30/2019 14:03:57' severity='0'>Loading run file... vote_1_6_4\vote_template_classification_000001.gep</item>
<item created='11/30/2019 14:03:57' severity='0'>Initializing tests for all models...</item>
<item created='11/30/2019 14:03:57' severity='0'>Testing model 1 on the Validation Set with 44 records..............</item>
<item created='11/30/2019 14:03:57' severity='0'>Testing model 2 on the Validation Set with 44 records..............</item>
<item created='11/30/2019 14:03:57' severity='0'>Testing model 3 on the Validation Set with 44 records..............</item>
<item created='11/30/2019 14:03:57' severity='0'>Testing model 4 on the Validation Set with 44 records..............</item>
<item created='11/30/2019 14:03:57' severity='0'>Testing model 5 on the Validation Set with 44 records..............</item>
<item created='11/30/2019 14:03:57' severity='0'>Testing model 6 on the Validation Set with 44 records..............</item>
<item created='11/30/2019 14:03:57' severity='0'>Testing model 7 on the Validation Set with 44 records..............</item>
<item created='11/30/2019 14:03:57' severity='0'>Testing model 8 on the Validation Set with 44 records..............</item>
<item created='11/30/2019 14:03:57' severity='0'>Testing model 9 on the Validation Set with 44 records..............</item>
<item created='11/30/2019 14:03:57' severity='0'>Testing model 10 on the Validation Set with 44 records..............</item>
<item created='11/30/2019 14:03:57' severity='0'>Testing model 11 on the Validation Set with 44 records..............</item>
<item created='11/30/2019 14:03:57' severity='0'>Testing model 12 on the Validation Set with 44 records..............</item>
<item created='11/30/2019 14:03:57' severity='0'>Testing model 13 on the Validation Set with 44 records..............</item>
<item created='11/30/2019 14:03:57' severity='0'>Testing model 14 on the Validation Set with 44 records..............</item>
<item created='11/30/2019 14:03:57' severity='0'>Testing model 15 on the Validation Set with 44 records..............</item>
<item created='11/30/2019 14:03:57' severity='0'>Success</item>
</log>
