<report id="0"><run id="1" name="vote_template_classification_000001.gep"><value key="HasTestingSet" datatype="3" valuetype="0">1</value><value key="TrainFitness" datatype="5" valuetype="1" ModelId="1">728.948470883955</value><value key="TrainFitness" datatype="5" valuetype="1" ModelId="2">740.350137101877</value><value key="TrainFitness" datatype="5" valuetype="1" ModelId="3">791.648542844715</value><value key="TrainFitness" datatype="5" valuetype="1" ModelId="4">861.904761904762</value><value key="TrainFitness" datatype="5" valuetype="1" ModelId="5">911.980440097799</value><value key="TrainFitness" datatype="5" valuetype="1" ModelId="6">916.666666666667</value><value key="TrainFitness" datatype="5" valuetype="1" ModelId="7">921.375921375921</value><value key="TrainFitness" datatype="5" valuetype="1" ModelId="8">926.108374384236</value><value key="TrainFitness" datatype="5" valuetype="1" ModelId="9">930.864197530864</value><value key="TrainFitness" datatype="5" valuetype="1" ModelId="10">940.446650124069</value><value key="TrainFitness" datatype="5" valuetype="1" ModelId="11">945.273631840796</value><value key="TrainFitness" datatype="5" valuetype="1" ModelId="12">950.124688279302</value><value key="TrainFitness" datatype="5" valuetype="1" ModelId="13">955</value><value key="TrainFitness" datatype="5" valuetype="1" ModelId="14">959.899749373434</value><value key="TrainFitness" datatype="5" valuetype="1" ModelId="15">964.824120603015</value><value key="TrainAccuracy" datatype="5" valuetype="1" ModelId="1">89</value><value key="TrainAccuracy" datatype="5" valuetype="1" ModelId="2">89.77</value><value key="TrainAccuracy" datatype="5" valuetype="1" ModelId="3">93.09</value><value key="TrainAccuracy" datatype="5" valuetype="1" ModelId="4">92.58</value><value key="TrainAccuracy" datatype="5" valuetype="1" ModelId="5">95.4</value><value key="TrainAccuracy" datatype="5" valuetype="1" ModelId="6">95.65</value><value key="TrainAccuracy" datatype="5" valuetype="1" ModelId="7">95.91</value><value key="TrainAccuracy" datatype="5" valuetype="1" ModelId="8">96.16</value><value key="TrainAccuracy" datatype="5" valuetype="1" ModelId="9">96.42</value><value key="TrainAccuracy" datatype="5" valuetype="1" ModelId="10">96.93</value><value key="TrainAccuracy" datatype="5" valuetype="1" ModelId="11">97.19</value><value key="TrainAccuracy" datatype="5" valuetype="1" ModelId="12">97.44</value><value key="TrainAccuracy" datatype="5" valuetype="1" ModelId="13">97.7</value><value key="TrainAccuracy" datatype="5" valuetype="1" ModelId="14">97.95</value><value key="TrainAccuracy" datatype="5" valuetype="1" ModelId="15">98.21</value><value key="TestFitness" datatype="5" valuetype="1" ModelId="1">584.615384615385</value><value key="TestFitness" datatype="5" valuetype="1" ModelId="2">690.909090909091</value><value key="TestFitness" datatype="5" valuetype="1" ModelId="3">793.036750483559</value><value key="TestFitness" datatype="5" valuetype="1" ModelId="4">757.575757575758</value><value key="TestFitness" datatype="5" valuetype="1" ModelId="5">913.04347826087</value><value key="TestFitness" datatype="5" valuetype="1" ModelId="6">913.04347826087</value><value key="TestFitness" datatype="5" valuetype="1" ModelId="7">1000</value><value key="TestFitness" datatype="5" valuetype="1" ModelId="8">955.555555555556</value><value key="TestFitness" datatype="5" valuetype="1" ModelId="9">723.562152133581</value><value key="TestFitness" datatype="5" valuetype="1" ModelId="10">757.575757575758</value><value key="TestFitness" datatype="5" valuetype="1" ModelId="11">955.555555555556</value><value key="TestFitness" datatype="5" valuetype="1" ModelId="12">757.575757575758</value><value key="TestFitness" datatype="5" valuetype="1" ModelId="13">757.575757575758</value><value key="TestFitness" datatype="5" valuetype="1" ModelId="14">913.04347826087</value><value key="TestFitness" datatype="5" valuetype="1" ModelId="15">913.04347826087</value><value key="TestAccuracy" datatype="5" valuetype="1" ModelId="1">86.36</value><value key="TestAccuracy" datatype="5" valuetype="1" ModelId="2">86.36</value><value key="TestAccuracy" datatype="5" valuetype="1" ModelId="3">93.18</value><value key="TestAccuracy" datatype="5" valuetype="1" ModelId="4">90.91</value><value key="TestAccuracy" datatype="5" valuetype="1" ModelId="5">95.45</value><value key="TestAccuracy" datatype="5" valuetype="1" ModelId="6">95.45</value><value key="TestAccuracy" datatype="5" valuetype="1" ModelId="7">100</value><value key="TestAccuracy" datatype="5" valuetype="1" ModelId="8">97.73</value><value key="TestAccuracy" datatype="5" valuetype="1" ModelId="9">88.64</value><value key="TestAccuracy" datatype="5" valuetype="1" ModelId="10">90.91</value><value key="TestAccuracy" datatype="5" valuetype="1" ModelId="11">97.73</value><value key="TestAccuracy" datatype="5" valuetype="1" ModelId="12">90.91</value><value key="TestAccuracy" datatype="5" valuetype="1" ModelId="13">90.91</value><value key="TestAccuracy" datatype="5" valuetype="1" ModelId="14">95.45</value><value key="TestAccuracy" datatype="5" valuetype="1" ModelId="15">95.45</value><value key="Size" datatype="3" valuetype="1" ModelId="1">15</value><value key="Size" datatype="3" valuetype="1" ModelId="2">16</value><value key="Size" datatype="3" valuetype="1" ModelId="3">17</value><value key="Size" datatype="3" valuetype="1" ModelId="4">17</value><value key="Size" datatype="3" valuetype="1" ModelId="5">17</value><value key="Size" datatype="3" valuetype="1" ModelId="6">17</value><value key="Size" datatype="3" valuetype="1" ModelId="7">17</value><value key="Size" datatype="3" valuetype="1" ModelId="8">17</value><value key="Size" datatype="3" valuetype="1" ModelId="9">13</value><value key="Size" datatype="3" valuetype="1" ModelId="10">14</value><value key="Size" datatype="3" valuetype="1" ModelId="11">15</value><value key="Size" datatype="3" valuetype="1" ModelId="12">15</value><value key="Size" datatype="3" valuetype="1" ModelId="13">15</value><value key="Size" datatype="3" valuetype="1" ModelId="14">16</value><value key="Size" datatype="3" valuetype="1" ModelId="15">16</value><value key="Generation" datatype="5" valuetype="1" ModelId="1">0</value><value key="Generation" datatype="5" valuetype="1" ModelId="2">1</value><value key="Generation" datatype="5" valuetype="1" ModelId="3">2</value><value key="Generation" datatype="5" valuetype="1" ModelId="4">8</value><value key="Generation" datatype="5" valuetype="1" ModelId="5">11</value><value key="Generation" datatype="5" valuetype="1" ModelId="6">13</value><value key="Generation" datatype="5" valuetype="1" ModelId="7">15</value><value key="Generation" datatype="5" valuetype="1" ModelId="8">111</value><value key="Generation" datatype="5" valuetype="1" ModelId="9">303</value><value key="Generation" datatype="5" valuetype="1" ModelId="10">321</value><value key="Generation" datatype="5" valuetype="1" ModelId="11">1332</value><value key="Generation" datatype="5" valuetype="1" ModelId="12">1345</value><value key="Generation" datatype="5" valuetype="1" ModelId="13">1439</value><value key="Generation" datatype="5" valuetype="1" ModelId="14">2190</value><value key="Generation" datatype="5" valuetype="1" ModelId="15">2373</value><value key="RunIndex" datatype="5" valuetype="1" ModelId="1">1</value><value key="RunIndex" datatype="5" valuetype="1" ModelId="2">1</value><value key="RunIndex" datatype="5" valuetype="1" ModelId="3">1</value><value key="RunIndex" datatype="5" valuetype="1" ModelId="4">1</value><value key="RunIndex" datatype="5" valuetype="1" ModelId="5">1</value><value key="RunIndex" datatype="5" valuetype="1" ModelId="6">1</value><value key="RunIndex" datatype="5" valuetype="1" ModelId="7">1</value><value key="RunIndex" datatype="5" valuetype="1" ModelId="8">1</value><value key="RunIndex" datatype="5" valuetype="1" ModelId="9">1</value><value key="RunIndex" datatype="5" valuetype="1" ModelId="10">1</value><value key="RunIndex" datatype="5" valuetype="1" ModelId="11">1</value><value key="RunIndex" datatype="5" valuetype="1" ModelId="12">1</value><value key="RunIndex" datatype="5" valuetype="1" ModelId="13">1</value><value key="RunIndex" datatype="5" valuetype="1" ModelId="14">1</value><value key="RunIndex" datatype="5" valuetype="1" ModelId="15">1</value><value key="Literals" datatype="3" valuetype="-1" ModelId="1">8</value><value key="Variables" datatype="8" valuetype="-1" ModelId="1">physician-fee-freeze_u_min(1), aid-to-nicaraguan-contras_u_min(1), crime_n_min(1), adoption-of-the-budget-resolution_u_max(1), physician-fee-freeze_n_max(1), el-salvador-aid_y_max(1), mx-missile_u_max(1), superfund-right-to-sue_n_max(1)</value><value key="Literals" datatype="3" valuetype="-1" ModelId="2">7</value><value key="Variables" datatype="8" valuetype="-1" ModelId="2">synfuels-corporation-cutback_y_min(1), duty-free-exports_u_min(1), adoption-of-the-budget-resolution_n_max(1), physician-fee-freeze_n_max(1), immigration_y_max(1), synfuels-corporation-cutback_n_max(1), export-administration-act-south-africa_u_max(1)</value><value key="Literals" datatype="3" valuetype="-1" ModelId="3">8</value><value key="Variables" datatype="8" valuetype="-1" ModelId="3">el-salvador-aid_u_min(1), el-salvador-aid_y_min(1), immigration_n_min(1), physician-fee-freeze_y_max(1), mx-missile_n_max(1), education-spending_u_max(1), duty-free-exports_y_max(1), export-administration-act-south-africa_u_max(1)</value><value key="Literals" datatype="3" valuetype="-1" ModelId="4">8</value><value key="Variables" datatype="8" valuetype="-1" ModelId="4">handicapped-infants_y_min(1), el-salvador-aid_u_min(1), el-salvador-aid_y_min(1), immigration_n_min(1), physician-fee-freeze_y_max(1), mx-missile_n_max(1), education-spending_u_max(1), export-administration-act-south-africa_u_max(1)</value><value key="Literals" datatype="3" valuetype="-1" ModelId="5">7</value><value key="Variables" datatype="8" valuetype="-1" ModelId="5">handicapped-infants_y_min(1), el-salvador-aid_u_min(1), immigration_n_min(1), physician-fee-freeze_y_max(1), mx-missile_n_max(1), education-spending_u_max(1), export-administration-act-south-africa_u_max(1)</value><value key="Literals" datatype="3" valuetype="-1" ModelId="6">5</value><value key="Variables" datatype="8" valuetype="-1" ModelId="6">handicapped-infants_y_min(1), immigration_n_min(1), physician-fee-freeze_y_max(1), mx-missile_n_max(1), export-administration-act-south-africa_u_max(1)</value><value key="Literals" datatype="3" valuetype="-1" ModelId="7">4</value><value key="Variables" datatype="8" valuetype="-1" ModelId="7">immigration_n_min(1), export-administration-act-south-africa_y_min(1), physician-fee-freeze_y_max(1), mx-missile_n_max(1)</value><value key="Literals" datatype="3" valuetype="-1" ModelId="8">5</value><value key="Variables" datatype="8" valuetype="-1" ModelId="8">synfuels-corporation-cutback_n_min(2), physician-fee-freeze_y_max(2), mx-missile_n_max(1)</value><value key="Literals" datatype="3" valuetype="-1" ModelId="9">4</value><value key="Variables" datatype="8" valuetype="-1" ModelId="9">adoption-of-the-budget-resolution_y_min(1), synfuels-corporation-cutback_n_min(1), physician-fee-freeze_y_max(1), mx-missile_n_max(1)</value><value key="Literals" datatype="3" valuetype="-1" ModelId="10">5</value><value key="Variables" datatype="8" valuetype="-1" ModelId="10">adoption-of-the-budget-resolution_y_min(1), synfuels-corporation-cutback_n_min(1), duty-free-exports_n_min(1), physician-fee-freeze_y_max(1), mx-missile_n_max(1)</value><value key="Literals" datatype="3" valuetype="-1" ModelId="11">5</value><value key="Variables" datatype="8" valuetype="-1" ModelId="11">adoption-of-the-budget-resolution_y_min(1), physician-fee-freeze_n_min(1), synfuels-corporation-cutback_n_min(1), physician-fee-freeze_y_max(1), mx-missile_n_max(1)</value><value key="Literals" datatype="3" valuetype="-1" ModelId="12">6</value><value key="Variables" datatype="8" valuetype="-1" ModelId="12">adoption-of-the-budget-resolution_y_min(1), physician-fee-freeze_n_min(1), mx-missile_u_min(1), synfuels-corporation-cutback_n_min(1), physician-fee-freeze_y_max(1), mx-missile_n_max(1)</value><value key="Literals" datatype="3" valuetype="-1" ModelId="13">7</value><value key="Variables" datatype="8" valuetype="-1" ModelId="13">adoption-of-the-budget-resolution_y_min(1), physician-fee-freeze_n_min(1), mx-missile_u_min(1), synfuels-corporation-cutback_n_min(1), physician-fee-freeze_y_max(1), mx-missile_n_max(1), synfuels-corporation-cutback_u_max(1)</value><value key="Literals" datatype="3" valuetype="-1" ModelId="14">8</value><value key="Variables" datatype="8" valuetype="-1" ModelId="14">adoption-of-the-budget-resolution_y_min(1), physician-fee-freeze_n_min(1), mx-missile_u_min(1), synfuels-corporation-cutback_n_min(1), water-project-cost-sharing_n_max(1), physician-fee-freeze_y_max(1), mx-missile_n_max(1), synfuels-corporation-cutback_u_max(1)</value><value key="Literals" datatype="3" valuetype="-1" ModelId="15">8</value><value key="Variables" datatype="8" valuetype="-1" ModelId="15">adoption-of-the-budget-resolution_y_min(1), physician-fee-freeze_n_min(1), mx-missile_u_min(1), synfuels-corporation-cutback_n_min(1), water-project-cost-sharing_n_max(1), physician-fee-freeze_y_max(1), mx-missile_n_max(1), synfuels-corporation-cutback_u_max(1)</value><value key="VariableImportance" datatype="8" valuetype="-1" ModelId="15">adoption-of-the-budget-resolution_y_min(0.123182011868813), physician-fee-freeze_n_min(0.333497168610039), mx-missile_u_min(4.46603903570714E-03), synfuels-corporation-cutback_n_min(0.177513539617268), water-project-cost-sharing_n_max(1.77522422994002E-02), physician-fee-freeze_y_max(0.175335891076777), mx-missile_n_max(0.134108943041851), synfuels-corporation-cutback_u_max(3.41441644501435E-02)</value></run></report>
