<summary><value key="AverageTrainFitness" datatype="5" valuetype="4">964.824120603015</value><value key="AverageTrainRSQuare" datatype="5" valuetype="4">0.778859807973026</value><value key="AverageTrainAccuracy" datatype="5" valuetype="4">98.21</value><value key="MaxTrainFitness" datatype="5" valuetype="4">1000</value><value key="MaxTestFitness" datatype="5" valuetype="4">1000</value><value key="TrainSuccessCount" datatype="3" valuetype="4">0</value><value key="TrainSuccessRate" datatype="5" valuetype="4">0</value><value key="BestTrainFitness" datatype="5" valuetype="4">964.824120603015</value><value key="BestTrainFitnessRun" datatype="3" valuetype="4">1</value><value key="BestTrainFitnessHistory" datatype="3" valuetype="4">1</value><value key="BestTrainFitnessModelId" datatype="3" valuetype="4">15</value><value key="BestTrainFitnessModelSize" datatype="3" valuetype="4">16</value><value key="BestTrainFitnessModelLiterals" datatype="3" valuetype="4">8</value><value key="BestTrainFitnessModelTerminals" datatype="8" valuetype="4">adoption-of-the-budget-resolution_y_min(1), physician-fee-freeze_n_min(1), mx-missile_u_min(1), synfuels-corporation-cutback_n_min(1), water-project-cost-sharing_n_max(1), physician-fee-freeze_y_max(1), mx-missile_n_max(1), synfuels-corporation-cutback_u_max(1)</value><value key="BestTrainFitnessModelVariableImportance" datatype="8" valuetype="4">adoption-of-the-budget-resolution_y_min(0.125292767849467), physician-fee-freeze_n_min(0.331312751473933), mx-missile_u_min(2.43198775342922E-02), synfuels-corporation-cutback_n_min(0.206223513353857), water-project-cost-sharing_n_max(9.27742410913214E-03), physician-fee-freeze_y_max(0.147160504518241), mx-missile_n_max(0.134442363370958), synfuels-corporation-cutback_u_max(2.19707977901188E-02)</value><value key="BestTrainAccuracy" datatype="5" valuetype="4">98.21</value><value key="BestTrainAccuracyRun" datatype="3" valuetype="4">1</value><value key="BestTrainAccuracyHistory" datatype="3" valuetype="4">1</value><value key="BestTrainAccuracyModelId" datatype="3" valuetype="4">15</value><value key="BestTrainAccuracyModelSize" datatype="3" valuetype="4">16</value><value key="BestTrainAccuracyModelLiterals" datatype="3" valuetype="4">8</value><value key="BestTrainAccuracyModelTerminals" datatype="8" valuetype="4">adoption-of-the-budget-resolution_y_min(1), physician-fee-freeze_n_min(1), mx-missile_u_min(1), synfuels-corporation-cutback_n_min(1), water-project-cost-sharing_n_max(1), physician-fee-freeze_y_max(1), mx-missile_n_max(1), synfuels-corporation-cutback_u_max(1)</value><value key="BestTrainAccuracyModelVariableImportance" datatype="8" valuetype="4">adoption-of-the-budget-resolution_y_min(0.125292767849467), physician-fee-freeze_n_min(0.331312751473933), mx-missile_u_min(2.43198775342922E-02), synfuels-corporation-cutback_n_min(0.206223513353857), water-project-cost-sharing_n_max(9.27742410913214E-03), physician-fee-freeze_y_max(0.147160504518241), mx-missile_n_max(0.134442363370958), synfuels-corporation-cutback_u_max(2.19707977901188E-02)</value><value key="BestTrainRSQuare" datatype="5" valuetype="4">0.778859807973026</value><value key="BestTrainRSQuareRun" datatype="3" valuetype="4">1</value><value key="BestTrainRSQuareHistory" datatype="3" valuetype="4">1</value><value key="BestTrainRSQuareModelId" datatype="3" valuetype="4">15</value><value key="BestTrainRSQuareModelSize" datatype="3" valuetype="4">16</value><value key="BestTrainRSQuareModelLiterals" datatype="3" valuetype="4">8</value><value key="BestTrainRSQuareModelTerminals" datatype="8" valuetype="4">adoption-of-the-budget-resolution_y_min(1), physician-fee-freeze_n_min(1), mx-missile_u_min(1), synfuels-corporation-cutback_n_min(1), water-project-cost-sharing_n_max(1), physician-fee-freeze_y_max(1), mx-missile_n_max(1), synfuels-corporation-cutback_u_max(1)</value><value key="BestTrainRSQuareModelVariableImportance" datatype="8" valuetype="4">adoption-of-the-budget-resolution_y_min(0.125292767849467), physician-fee-freeze_n_min(0.331312751473933), mx-missile_u_min(2.43198775342922E-02), synfuels-corporation-cutback_n_min(0.206223513353857), water-project-cost-sharing_n_max(9.27742410913214E-03), physician-fee-freeze_y_max(0.147160504518241), mx-missile_n_max(0.134442363370958), synfuels-corporation-cutback_u_max(2.19707977901188E-02)</value><value key="TestSuccessCount" datatype="3" valuetype="4">1</value><value key="TestSuccessRate" datatype="5" valuetype="4">100</value><value key="AverageTestFitness" datatype="5" valuetype="4">913.04347826087</value><value key="AverageTestRSQuare" datatype="5" valuetype="4">0.686016792840819</value><value key="AverageTestAccuracy" datatype="5" valuetype="4">95.45</value><value key="BestTestFitness" datatype="5" valuetype="4">1000</value><value key="BestTestFitnessRun" datatype="3" valuetype="4">1</value><value key="BestTestFitnessHistory" datatype="3" valuetype="4">1</value><value key="BestTestFitnessModelId" datatype="3" valuetype="4">7</value><value key="BestTestFitnessModelSize" datatype="3" valuetype="4">17</value><value key="BestTestFitnessModelLiterals" datatype="3" valuetype="4">4</value><value key="BestTestFitnessModelTerminals" datatype="8" valuetype="4">immigration_n_min(1), export-administration-act-south-africa_y_min(1), physician-fee-freeze_y_max(1), mx-missile_n_max(1)</value><value key="BestTestFitnessModelVariableImportance" datatype="8" valuetype="4">immigration_n_min(0.161091017384273), export-administration-act-south-africa_y_min(3.74119966558523E-02), physician-fee-freeze_y_max(0.75347129427487), mx-missile_n_max(4.80256916850042E-02)</value><value key="BestTestAccuracy" datatype="5" valuetype="4">100</value><value key="BestTestAccuracyRun" datatype="3" valuetype="4">1</value><value key="BestTestAccuracyHistory" datatype="3" valuetype="4">1</value><value key="BestTestAccuracyModelId" datatype="3" valuetype="4">7</value><value key="BestTestAccuracyModelSize" datatype="3" valuetype="4">17</value><value key="BestTestAccuracyModelLiterals" datatype="3" valuetype="4">4</value><value key="BestTestAccuracyModelTerminals" datatype="8" valuetype="4">immigration_n_min(1), export-administration-act-south-africa_y_min(1), physician-fee-freeze_y_max(1), mx-missile_n_max(1)</value><value key="BestTestAccuracyModelVariableImportance" datatype="8" valuetype="4">immigration_n_min(0.161091017384273), export-administration-act-south-africa_y_min(3.74119966558523E-02), physician-fee-freeze_y_max(0.75347129427487), mx-missile_n_max(4.80256916850042E-02)</value><value key="BestTestRSQuare" datatype="5" valuetype="4">0.824507793693894</value><value key="BestTestRSQuareRun" datatype="3" valuetype="4">1</value><value key="BestTestRSQuareHistory" datatype="3" valuetype="4">1</value><value key="BestTestRSQuareModelId" datatype="3" valuetype="4">7</value><value key="BestTestRSQuareModelSize" datatype="3" valuetype="4">17</value><value key="BestTestRSQuareModelLiterals" datatype="3" valuetype="4">4</value><value key="BestTestRSQuareModelTerminals" datatype="8" valuetype="4">immigration_n_min(1), export-administration-act-south-africa_y_min(1), physician-fee-freeze_y_max(1), mx-missile_n_max(1)</value><value key="BestTestRSQuareModelVariableImportance" datatype="8" valuetype="4">immigration_n_min(0.161091017384273), export-administration-act-south-africa_y_min(3.74119966558523E-02), physician-fee-freeze_y_max(0.75347129427487), mx-missile_n_max(4.80256916850042E-02)</value><value key="DefinitionFile" datatype="8" valuetype="4">../vote_1_6_4_jobdef.xml</value></summary>
