<report id="0"><run id="1" name="vote_template_classification_000001.gep"><value key="HasTestingSet" datatype="3" valuetype="0">1</value><value key="TrainFitness" datatype="5" valuetype="1" ModelId="1">599.927060539752</value><value key="TrainFitness" datatype="5" valuetype="1" ModelId="2">671.761866452132</value><value key="TrainFitness" datatype="5" valuetype="1" ModelId="3">912.408759124088</value><value key="TrainAccuracy" datatype="5" valuetype="1" ModelId="1">83.72</value><value key="TrainAccuracy" datatype="5" valuetype="1" ModelId="2">84.99</value><value key="TrainAccuracy" datatype="5" valuetype="1" ModelId="3">95.42</value><value key="TestFitness" datatype="5" valuetype="1" ModelId="1">497.737556561086</value><value key="TestFitness" datatype="5" valuetype="1" ModelId="2">523.076923076923</value><value key="TestFitness" datatype="5" valuetype="1" ModelId="3">953.488372093023</value><value key="TestAccuracy" datatype="5" valuetype="1" ModelId="1">78.57</value><value key="TestAccuracy" datatype="5" valuetype="1" ModelId="2">80.95</value><value key="TestAccuracy" datatype="5" valuetype="1" ModelId="3">97.62</value><value key="Size" datatype="3" valuetype="1" ModelId="1">2</value><value key="Size" datatype="3" valuetype="1" ModelId="2">3</value><value key="Size" datatype="3" valuetype="1" ModelId="3">3</value><value key="Generation" datatype="5" valuetype="1" ModelId="1">0</value><value key="Generation" datatype="5" valuetype="1" ModelId="2">5</value><value key="Generation" datatype="5" valuetype="1" ModelId="3">11</value><value key="RunIndex" datatype="5" valuetype="1" ModelId="1">1</value><value key="RunIndex" datatype="5" valuetype="1" ModelId="2">1</value><value key="RunIndex" datatype="5" valuetype="1" ModelId="3">1</value><value key="Literals" datatype="3" valuetype="-1" ModelId="1">1</value><value key="Variables" datatype="8" valuetype="-1" ModelId="1">aid-to-nicaraguan-contras_y_min(1)</value><value key="Literals" datatype="3" valuetype="-1" ModelId="2">2</value><value key="Variables" datatype="8" valuetype="-1" ModelId="2">aid-to-nicaraguan-contras_y_min(1), crime_n_min(1)</value><value key="Literals" datatype="3" valuetype="-1" ModelId="3">2</value><value key="Variables" datatype="8" valuetype="-1" ModelId="3">aid-to-nicaraguan-contras_y_min(1), physician-fee-freeze_y_max(1)</value><value key="VariableImportance" datatype="8" valuetype="-1" ModelId="3">aid-to-nicaraguan-contras_y_min(9.11989114982073E-02), physician-fee-freeze_y_max(0.908801088501793)</value></run></report>
