<log created='11/30/2019 13:24:23' name='vote_template_classification_000001'>
<item created='11/30/2019 13:24:23' severity='0'>Processing run 1...</item>
<item created='11/30/2019 13:24:23' severity='0'>Applied setting Genes (1)</item>
<item created='11/30/2019 13:24:23' severity='0'>Applied setting HeadSize (1)</item>
<item created='11/30/2019 13:24:23' severity='0'>Applied setting FitnessFunction (11)</item>
<item created='11/30/2019 13:24:23' severity='0'>Applied setting RoundingThreshold (0.5)</item>
<item created='11/30/2019 13:24:23' severity='0'>Changed function * to weight 2.</item>
<item created='11/30/2019 13:24:23' severity='0'>Loading data from file vote_TRAIN_fold_10.csv ...</item>
<item created='11/30/2019 13:24:24' severity='0'>Loading data from file vote_TEST_fold_10.csv ...</item>
<item created='11/30/2019 13:24:25' severity='0'>Loading run file... vote_1_1_10\vote_template_classification_000001.gep</item>
<item created='11/30/2019 13:24:25' severity='0'>Initializing run...</item>
<item created='11/30/2019 13:24:25' severity='0'>Training Set size: 393</item>
<item created='11/30/2019 13:24:25' severity='0'>Dataset loaded.</item>
<item created='11/30/2019 13:24:25' severity='0'>Starting...</item>
<item created='11/30/2019 13:24:25' severity='0'>Generation: 0 (599.927060539752, 83.72% (329))</item>
<item created='11/30/2019 13:24:27' severity='0'>Generation: 1259 (912.408759124088, 95.42% (375))</item>
<item created='11/30/2019 13:24:29' severity='0'>Generation: 3199 (912.408759124088, 95.42% (375))</item>
<item created='11/30/2019 13:24:31' severity='0'>Generation: 5390 (912.408759124088, 95.42% (375))</item>
<item created='11/30/2019 13:24:33' severity='0'>Generation: 7676 (912.408759124088, 95.42% (375))</item>
<item created='11/30/2019 13:24:35' severity='0'>Generation: 9779 (912.408759124088, 95.42% (375))</item>
<item created='11/30/2019 13:24:37' severity='0'>Generation: 11943 (912.408759124088, 95.42% (375))</item>
<item created='11/30/2019 13:24:39' severity='0'>Generation: 13823 (912.408759124088, 95.42% (375))</item>
<item created='11/30/2019 13:24:41' severity='0'>Generation: 16075 (912.408759124088, 95.42% (375))</item>
<item created='11/30/2019 13:24:43' severity='0'>Generation: 18220 (912.408759124088, 95.42% (375))</item>
<item created='11/30/2019 13:24:44' severity='0'>Finished run.</item>
<item created='11/30/2019 13:24:44' severity='0'>Models created: 3</item>
<item created='11/30/2019 13:24:44' severity='0'>Models: 3</item>
<item created='11/30/2019 13:24:44' severity='0'>Last Model: 3</item>
<item created='11/30/2019 13:24:44' severity='0'>Generation: 11</item>
<item created='11/30/2019 13:24:44' severity='0'>Training Fitness: 912.408759124088</item>
<item created='11/30/2019 13:24:44' severity='0'>Training Accuracy: 95.42%</item>
<item created='11/30/2019 13:24:44' severity='0'>Success</item>
<item created='11/30/2019 13:24:44' severity='0'>Loading run file... vote_1_1_10\vote_template_classification_000001.gep</item>
<item created='11/30/2019 13:24:44' severity='0'>Initializing tests for all models...</item>
<item created='11/30/2019 13:24:45' severity='0'>Testing model 1 on the Validation Set with 42 records.............</item>
<item created='11/30/2019 13:24:45' severity='0'>Testing model 2 on the Validation Set with 42 records.............</item>
<item created='11/30/2019 13:24:45' severity='0'>Testing model 3 on the Validation Set with 42 records.............</item>
<item created='11/30/2019 13:24:45' severity='0'>Success</item>
</log>
