<report id="0"><run id="1" name="vote_template_classification_000001.gep"><value key="HasTestingSet" datatype="3" valuetype="0">1</value><value key="TrainFitness" datatype="5" valuetype="1" ModelId="1">647.727272727273</value><value key="TrainFitness" datatype="5" valuetype="1" ModelId="2">681.309741712426</value><value key="TrainFitness" datatype="5" valuetype="1" ModelId="3">893.462469733656</value><value key="TrainFitness" datatype="5" valuetype="1" ModelId="4">916.666666666667</value><value key="TrainAccuracy" datatype="5" valuetype="1" ModelId="1">87.47</value><value key="TrainAccuracy" datatype="5" valuetype="1" ModelId="2">85.68</value><value key="TrainAccuracy" datatype="5" valuetype="1" ModelId="3">94.37</value><value key="TrainAccuracy" datatype="5" valuetype="1" ModelId="4">95.65</value><value key="TestFitness" datatype="5" valuetype="1" ModelId="1">830.0395256917</value><value key="TestFitness" datatype="5" valuetype="1" ModelId="2">830.0395256917</value><value key="TestFitness" datatype="5" valuetype="1" ModelId="3">913.04347826087</value><value key="TestFitness" datatype="5" valuetype="1" ModelId="4">913.04347826087</value><value key="TestAccuracy" datatype="5" valuetype="1" ModelId="1">95.45</value><value key="TestAccuracy" datatype="5" valuetype="1" ModelId="2">95.45</value><value key="TestAccuracy" datatype="5" valuetype="1" ModelId="3">95.45</value><value key="TestAccuracy" datatype="5" valuetype="1" ModelId="4">95.45</value><value key="Size" datatype="3" valuetype="1" ModelId="1">3</value><value key="Size" datatype="3" valuetype="1" ModelId="2">3</value><value key="Size" datatype="3" valuetype="1" ModelId="3">1</value><value key="Size" datatype="3" valuetype="1" ModelId="4">1</value><value key="Generation" datatype="5" valuetype="1" ModelId="1">0</value><value key="Generation" datatype="5" valuetype="1" ModelId="2">1</value><value key="Generation" datatype="5" valuetype="1" ModelId="3">16</value><value key="Generation" datatype="5" valuetype="1" ModelId="4">119</value><value key="RunIndex" datatype="5" valuetype="1" ModelId="1">1</value><value key="RunIndex" datatype="5" valuetype="1" ModelId="2">1</value><value key="RunIndex" datatype="5" valuetype="1" ModelId="3">1</value><value key="RunIndex" datatype="5" valuetype="1" ModelId="4">1</value><value key="Literals" datatype="3" valuetype="-1" ModelId="1">2</value><value key="Variables" datatype="8" valuetype="-1" ModelId="1">adoption-of-the-budget-resolution_y_min(1), mx-missile_y_min(1)</value><value key="Literals" datatype="3" valuetype="-1" ModelId="2">1</value><value key="Variables" datatype="8" valuetype="-1" ModelId="2">adoption-of-the-budget-resolution_y_min(1)</value><value key="Literals" datatype="3" valuetype="-1" ModelId="3">1</value><value key="Variables" datatype="8" valuetype="-1" ModelId="3">physician-fee-freeze_n_min(1)</value><value key="Literals" datatype="3" valuetype="-1" ModelId="4">1</value><value key="Variables" datatype="8" valuetype="-1" ModelId="4">physician-fee-freeze_y_max(1)</value><value key="VariableImportance" datatype="8" valuetype="-1" ModelId="4">physician-fee-freeze_y_max(1)</value></run></report>
