<log created='11/30/2019 13:21:07' name='vote_template_classification_000001'>
<item created='11/30/2019 13:21:07' severity='0'>Processing run 1...</item>
<item created='11/30/2019 13:21:07' severity='0'>Applied setting Genes (1)</item>
<item created='11/30/2019 13:21:07' severity='0'>Applied setting HeadSize (1)</item>
<item created='11/30/2019 13:21:07' severity='0'>Applied setting FitnessFunction (11)</item>
<item created='11/30/2019 13:21:07' severity='0'>Applied setting RoundingThreshold (0.5)</item>
<item created='11/30/2019 13:21:07' severity='0'>Changed function * to weight 2.</item>
<item created='11/30/2019 13:21:07' severity='0'>Loading data from file vote_TRAIN_fold_2.csv ...</item>
<item created='11/30/2019 13:21:08' severity='0'>Loading data from file vote_TEST_fold_2.csv ...</item>
<item created='11/30/2019 13:21:09' severity='0'>Loading run file... vote_1_1_2\vote_template_classification_000001.gep</item>
<item created='11/30/2019 13:21:10' severity='0'>Initializing run...</item>
<item created='11/30/2019 13:21:10' severity='0'>Training Set size: 391</item>
<item created='11/30/2019 13:21:10' severity='0'>Dataset loaded.</item>
<item created='11/30/2019 13:21:10' severity='0'>Starting...</item>
<item created='11/30/2019 13:21:10' severity='0'>Generation: 0 (647.727272727273, 87.47% (342))</item>
<item created='11/30/2019 13:21:12' severity='0'>Generation: 1817 (916.666666666667, 95.65% (374))</item>
<item created='11/30/2019 13:21:14' severity='0'>Generation: 3967 (916.666666666667, 95.65% (374))</item>
<item created='11/30/2019 13:21:16' severity='0'>Generation: 6096 (916.666666666667, 95.65% (374))</item>
<item created='11/30/2019 13:21:18' severity='0'>Generation: 7778 (916.666666666667, 95.65% (374))</item>
<item created='11/30/2019 13:21:20' severity='0'>Generation: 9978 (916.666666666667, 95.65% (374))</item>
<item created='11/30/2019 13:21:22' severity='0'>Generation: 12213 (916.666666666667, 95.65% (374))</item>
<item created='11/30/2019 13:21:24' severity='0'>Generation: 14359 (916.666666666667, 95.65% (374))</item>
<item created='11/30/2019 13:21:26' severity='0'>Generation: 16157 (916.666666666667, 95.65% (374))</item>
<item created='11/30/2019 13:21:28' severity='0'>Generation: 18337 (916.666666666667, 95.65% (374))</item>
<item created='11/30/2019 13:21:29' severity='0'>Finished run.</item>
<item created='11/30/2019 13:21:29' severity='0'>Models created: 4</item>
<item created='11/30/2019 13:21:29' severity='0'>Models: 4</item>
<item created='11/30/2019 13:21:29' severity='0'>Last Model: 4</item>
<item created='11/30/2019 13:21:29' severity='0'>Generation: 119</item>
<item created='11/30/2019 13:21:29' severity='0'>Training Fitness: 916.666666666667</item>
<item created='11/30/2019 13:21:29' severity='0'>Training Accuracy: 95.65%</item>
<item created='11/30/2019 13:21:29' severity='0'>Success</item>
<item created='11/30/2019 13:21:29' severity='0'>Loading run file... vote_1_1_2\vote_template_classification_000001.gep</item>
<item created='11/30/2019 13:21:29' severity='0'>Initializing tests for all models...</item>
<item created='11/30/2019 13:21:29' severity='0'>Testing model 1 on the Validation Set with 44 records..............</item>
<item created='11/30/2019 13:21:29' severity='0'>Testing model 2 on the Validation Set with 44 records..............</item>
<item created='11/30/2019 13:21:29' severity='0'>Testing model 3 on the Validation Set with 44 records..............</item>
<item created='11/30/2019 13:21:29' severity='0'>Testing model 4 on the Validation Set with 44 records..............</item>
<item created='11/30/2019 13:21:30' severity='0'>Success</item>
</log>
