<log created='11/30/2019 13:34:51' name='vote_template_classification_000001'>
<item created='11/30/2019 13:34:51' severity='0'>Processing run 1...</item>
<item created='11/30/2019 13:34:52' severity='0'>Applied setting Genes (3)</item>
<item created='11/30/2019 13:34:52' severity='0'>Applied setting HeadSize (1)</item>
<item created='11/30/2019 13:34:52' severity='0'>Applied setting FitnessFunction (11)</item>
<item created='11/30/2019 13:34:52' severity='0'>Applied setting RoundingThreshold (0.5)</item>
<item created='11/30/2019 13:34:52' severity='0'>Changed function * to weight 2.</item>
<item created='11/30/2019 13:34:52' severity='0'>Loading data from file vote_TRAIN_fold_7.csv ...</item>
<item created='11/30/2019 13:34:53' severity='0'>Loading data from file vote_TEST_fold_7.csv ...</item>
<item created='11/30/2019 13:34:54' severity='0'>Loading run file... vote_1_3_7\vote_template_classification_000001.gep</item>
<item created='11/30/2019 13:34:54' severity='0'>Initializing run...</item>
<item created='11/30/2019 13:34:54' severity='0'>Training Set size: 391</item>
<item created='11/30/2019 13:34:54' severity='0'>Dataset loaded.</item>
<item created='11/30/2019 13:34:54' severity='0'>Starting...</item>
<item created='11/30/2019 13:34:54' severity='0'>Generation: 0 (618.04008908686, 85.17% (333))</item>
<item created='11/30/2019 13:34:56' severity='0'>Generation: 909 (930.864197530864, 96.42% (377))</item>
<item created='11/30/2019 13:34:58' severity='0'>Generation: 1950 (935.643564356436, 96.68% (378))</item>
<item created='11/30/2019 13:35:00' severity='0'>Generation: 2936 (935.643564356436, 96.68% (378))</item>
<item created='11/30/2019 13:35:02' severity='0'>Generation: 4000 (935.643564356436, 96.68% (378))</item>
<item created='11/30/2019 13:35:04' severity='0'>Generation: 5053 (935.643564356436, 96.68% (378))</item>
<item created='11/30/2019 13:35:06' severity='0'>Generation: 5966 (935.643564356436, 96.68% (378))</item>
<item created='11/30/2019 13:35:08' severity='0'>Generation: 6902 (935.643564356436, 96.68% (378))</item>
<item created='11/30/2019 13:35:10' severity='0'>Generation: 7804 (935.643564356436, 96.68% (378))</item>
<item created='11/30/2019 13:35:12' severity='0'>Generation: 8847 (935.643564356436, 96.68% (378))</item>
<item created='11/30/2019 13:35:14' severity='0'>Generation: 9781 (945.273631840796, 97.19% (380))</item>
<item created='11/30/2019 13:35:16' severity='0'>Generation: 10694 (945.273631840796, 97.19% (380))</item>
<item created='11/30/2019 13:35:18' severity='0'>Generation: 11617 (945.273631840796, 97.19% (380))</item>
<item created='11/30/2019 13:35:20' severity='0'>Generation: 12561 (945.273631840796, 97.19% (380))</item>
<item created='11/30/2019 13:35:22' severity='0'>Generation: 13436 (945.273631840796, 97.19% (380))</item>
<item created='11/30/2019 13:35:24' severity='0'>Generation: 14310 (945.273631840796, 97.19% (380))</item>
<item created='11/30/2019 13:35:26' severity='0'>Generation: 15129 (945.273631840796, 97.19% (380))</item>
<item created='11/30/2019 13:35:28' severity='0'>Generation: 16041 (945.273631840796, 97.19% (380))</item>
<item created='11/30/2019 13:35:30' severity='0'>Generation: 16967 (945.273631840796, 97.19% (380))</item>
<item created='11/30/2019 13:35:32' severity='0'>Generation: 17899 (945.273631840796, 97.19% (380))</item>
<item created='11/30/2019 13:35:34' severity='0'>Generation: 18803 (945.273631840796, 97.19% (380))</item>
<item created='11/30/2019 13:35:36' severity='0'>Generation: 19731 (945.273631840796, 97.19% (380))</item>
<item created='11/30/2019 13:35:36' severity='0'>Finished run.</item>
<item created='11/30/2019 13:35:36' severity='0'>Models created: 15</item>
<item created='11/30/2019 13:35:36' severity='0'>Models: 15</item>
<item created='11/30/2019 13:35:36' severity='0'>Last Model: 15</item>
<item created='11/30/2019 13:35:36' severity='0'>Generation: 9538</item>
<item created='11/30/2019 13:35:36' severity='0'>Training Fitness: 945.273631840796</item>
<item created='11/30/2019 13:35:36' severity='0'>Training Accuracy: 97.19%</item>
<item created='11/30/2019 13:35:36' severity='0'>Success</item>
<item created='11/30/2019 13:35:36' severity='0'>Loading run file... vote_1_3_7\vote_template_classification_000001.gep</item>
<item created='11/30/2019 13:35:37' severity='0'>Initializing tests for all models...</item>
<item created='11/30/2019 13:35:37' severity='0'>Testing model 1 on the Validation Set with 44 records..............</item>
<item created='11/30/2019 13:35:37' severity='0'>Testing model 2 on the Validation Set with 44 records..............</item>
<item created='11/30/2019 13:35:37' severity='0'>Testing model 3 on the Validation Set with 44 records..............</item>
<item created='11/30/2019 13:35:37' severity='0'>Testing model 4 on the Validation Set with 44 records..............</item>
<item created='11/30/2019 13:35:37' severity='0'>Testing model 5 on the Validation Set with 44 records..............</item>
<item created='11/30/2019 13:35:37' severity='0'>Testing model 6 on the Validation Set with 44 records..............</item>
<item created='11/30/2019 13:35:37' severity='0'>Testing model 7 on the Validation Set with 44 records..............</item>
<item created='11/30/2019 13:35:37' severity='0'>Testing model 8 on the Validation Set with 44 records..............</item>
<item created='11/30/2019 13:35:37' severity='0'>Testing model 9 on the Validation Set with 44 records..............</item>
<item created='11/30/2019 13:35:37' severity='0'>Testing model 10 on the Validation Set with 44 records..............</item>
<item created='11/30/2019 13:35:37' severity='0'>Testing model 11 on the Validation Set with 44 records..............</item>
<item created='11/30/2019 13:35:37' severity='0'>Testing model 12 on the Validation Set with 44 records..............</item>
<item created='11/30/2019 13:35:37' severity='0'>Testing model 13 on the Validation Set with 44 records..............</item>
<item created='11/30/2019 13:35:37' severity='0'>Testing model 14 on the Validation Set with 44 records..............</item>
<item created='11/30/2019 13:35:37' severity='0'>Testing model 15 on the Validation Set with 44 records..............</item>
<item created='11/30/2019 13:35:37' severity='0'>Success</item>
</log>
