<report id="0"><run id="1" name="vote_template_classification_000001.gep"><value key="HasTestingSet" datatype="3" valuetype="0">1</value><value key="TrainFitness" datatype="5" valuetype="1" ModelId="1">618.04008908686</value><value key="TrainFitness" datatype="5" valuetype="1" ModelId="2">637.697516930023</value><value key="TrainFitness" datatype="5" valuetype="1" ModelId="3">692.055692055692</value><value key="TrainFitness" datatype="5" valuetype="1" ModelId="4">699.300699300699</value><value key="TrainFitness" datatype="5" valuetype="1" ModelId="5">888.888888888889</value><value key="TrainFitness" datatype="5" valuetype="1" ModelId="6">893.462469733656</value><value key="TrainFitness" datatype="5" valuetype="1" ModelId="7">902.676399026764</value><value key="TrainFitness" datatype="5" valuetype="1" ModelId="8">907.317073170732</value><value key="TrainFitness" datatype="5" valuetype="1" ModelId="9">911.980440097799</value><value key="TrainFitness" datatype="5" valuetype="1" ModelId="10">916.666666666667</value><value key="TrainFitness" datatype="5" valuetype="1" ModelId="11">921.375921375921</value><value key="TrainFitness" datatype="5" valuetype="1" ModelId="12">930.864197530864</value><value key="TrainFitness" datatype="5" valuetype="1" ModelId="13">935.643564356436</value><value key="TrainFitness" datatype="5" valuetype="1" ModelId="14">940.446650124069</value><value key="TrainFitness" datatype="5" valuetype="1" ModelId="15">945.273631840796</value><value key="TrainAccuracy" datatype="5" valuetype="1" ModelId="1">85.17</value><value key="TrainAccuracy" datatype="5" valuetype="1" ModelId="2">86.7</value><value key="TrainAccuracy" datatype="5" valuetype="1" ModelId="3">86.45</value><value key="TrainAccuracy" datatype="5" valuetype="1" ModelId="4">86.96</value><value key="TrainAccuracy" datatype="5" valuetype="1" ModelId="5">94.12</value><value key="TrainAccuracy" datatype="5" valuetype="1" ModelId="6">94.37</value><value key="TrainAccuracy" datatype="5" valuetype="1" ModelId="7">94.88</value><value key="TrainAccuracy" datatype="5" valuetype="1" ModelId="8">95.14</value><value key="TrainAccuracy" datatype="5" valuetype="1" ModelId="9">95.4</value><value key="TrainAccuracy" datatype="5" valuetype="1" ModelId="10">95.65</value><value key="TrainAccuracy" datatype="5" valuetype="1" ModelId="11">95.91</value><value key="TrainAccuracy" datatype="5" valuetype="1" ModelId="12">96.42</value><value key="TrainAccuracy" datatype="5" valuetype="1" ModelId="13">96.68</value><value key="TrainAccuracy" datatype="5" valuetype="1" ModelId="14">96.93</value><value key="TrainAccuracy" datatype="5" valuetype="1" ModelId="15">97.19</value><value key="TestFitness" datatype="5" valuetype="1" ModelId="1">584.615384615385</value><value key="TestFitness" datatype="5" valuetype="1" ModelId="2">568.513119533528</value><value key="TestFitness" datatype="5" valuetype="1" ModelId="3">663.265306122449</value><value key="TestFitness" datatype="5" valuetype="1" ModelId="4">694.444444444444</value><value key="TestFitness" datatype="5" valuetype="1" ModelId="5">955.555555555556</value><value key="TestFitness" datatype="5" valuetype="1" ModelId="6">955.555555555556</value><value key="TestFitness" datatype="5" valuetype="1" ModelId="7">913.04347826087</value><value key="TestFitness" datatype="5" valuetype="1" ModelId="8">913.04347826087</value><value key="TestFitness" datatype="5" valuetype="1" ModelId="9">913.04347826087</value><value key="TestFitness" datatype="5" valuetype="1" ModelId="10">913.04347826087</value><value key="TestFitness" datatype="5" valuetype="1" ModelId="11">1000</value><value key="TestFitness" datatype="5" valuetype="1" ModelId="12">1000</value><value key="TestFitness" datatype="5" valuetype="1" ModelId="13">955.555555555556</value><value key="TestFitness" datatype="5" valuetype="1" ModelId="14">1000</value><value key="TestFitness" datatype="5" valuetype="1" ModelId="15">1000</value><value key="TestAccuracy" datatype="5" valuetype="1" ModelId="1">86.36</value><value key="TestAccuracy" datatype="5" valuetype="1" ModelId="2">88.64</value><value key="TestAccuracy" datatype="5" valuetype="1" ModelId="3">88.64</value><value key="TestAccuracy" datatype="5" valuetype="1" ModelId="4">90.91</value><value key="TestAccuracy" datatype="5" valuetype="1" ModelId="5">97.73</value><value key="TestAccuracy" datatype="5" valuetype="1" ModelId="6">97.73</value><value key="TestAccuracy" datatype="5" valuetype="1" ModelId="7">95.45</value><value key="TestAccuracy" datatype="5" valuetype="1" ModelId="8">95.45</value><value key="TestAccuracy" datatype="5" valuetype="1" ModelId="9">95.45</value><value key="TestAccuracy" datatype="5" valuetype="1" ModelId="10">95.45</value><value key="TestAccuracy" datatype="5" valuetype="1" ModelId="11">100</value><value key="TestAccuracy" datatype="5" valuetype="1" ModelId="12">100</value><value key="TestAccuracy" datatype="5" valuetype="1" ModelId="13">97.73</value><value key="TestAccuracy" datatype="5" valuetype="1" ModelId="14">100</value><value key="TestAccuracy" datatype="5" valuetype="1" ModelId="15">100</value><value key="Size" datatype="3" valuetype="1" ModelId="1">8</value><value key="Size" datatype="3" valuetype="1" ModelId="2">7</value><value key="Size" datatype="3" valuetype="1" ModelId="3">8</value><value key="Size" datatype="3" valuetype="1" ModelId="4">8</value><value key="Size" datatype="3" valuetype="1" ModelId="5">6</value><value key="Size" datatype="3" valuetype="1" ModelId="6">7</value><value key="Size" datatype="3" valuetype="1" ModelId="7">9</value><value key="Size" datatype="3" valuetype="1" ModelId="8">7</value><value key="Size" datatype="3" valuetype="1" ModelId="9">7</value><value key="Size" datatype="3" valuetype="1" ModelId="10">7</value><value key="Size" datatype="3" valuetype="1" ModelId="11">7</value><value key="Size" datatype="3" valuetype="1" ModelId="12">7</value><value key="Size" datatype="3" valuetype="1" ModelId="13">7</value><value key="Size" datatype="3" valuetype="1" ModelId="14">9</value><value key="Size" datatype="3" valuetype="1" ModelId="15">9</value><value key="Generation" datatype="5" valuetype="1" ModelId="1">0</value><value key="Generation" datatype="5" valuetype="1" ModelId="2">1</value><value key="Generation" datatype="5" valuetype="1" ModelId="3">2</value><value key="Generation" datatype="5" valuetype="1" ModelId="4">21</value><value key="Generation" datatype="5" valuetype="1" ModelId="5">45</value><value key="Generation" datatype="5" valuetype="1" ModelId="6">67</value><value key="Generation" datatype="5" valuetype="1" ModelId="7">84</value><value key="Generation" datatype="5" valuetype="1" ModelId="8">88</value><value key="Generation" datatype="5" valuetype="1" ModelId="9">92</value><value key="Generation" datatype="5" valuetype="1" ModelId="10">93</value><value key="Generation" datatype="5" valuetype="1" ModelId="11">112</value><value key="Generation" datatype="5" valuetype="1" ModelId="12">132</value><value key="Generation" datatype="5" valuetype="1" ModelId="13">1162</value><value key="Generation" datatype="5" valuetype="1" ModelId="14">9292</value><value key="Generation" datatype="5" valuetype="1" ModelId="15">9538</value><value key="RunIndex" datatype="5" valuetype="1" ModelId="1">1</value><value key="RunIndex" datatype="5" valuetype="1" ModelId="2">1</value><value key="RunIndex" datatype="5" valuetype="1" ModelId="3">1</value><value key="RunIndex" datatype="5" valuetype="1" ModelId="4">1</value><value key="RunIndex" datatype="5" valuetype="1" ModelId="5">1</value><value key="RunIndex" datatype="5" valuetype="1" ModelId="6">1</value><value key="RunIndex" datatype="5" valuetype="1" ModelId="7">1</value><value key="RunIndex" datatype="5" valuetype="1" ModelId="8">1</value><value key="RunIndex" datatype="5" valuetype="1" ModelId="9">1</value><value key="RunIndex" datatype="5" valuetype="1" ModelId="10">1</value><value key="RunIndex" datatype="5" valuetype="1" ModelId="11">1</value><value key="RunIndex" datatype="5" valuetype="1" ModelId="12">1</value><value key="RunIndex" datatype="5" valuetype="1" ModelId="13">1</value><value key="RunIndex" datatype="5" valuetype="1" ModelId="14">1</value><value key="RunIndex" datatype="5" valuetype="1" ModelId="15">1</value><value key="Literals" datatype="3" valuetype="-1" ModelId="1">2</value><value key="Variables" datatype="8" valuetype="-1" ModelId="1">adoption-of-the-budget-resolution_y_min(1), superfund-right-to-sue_u_min(1)</value><value key="Literals" datatype="3" valuetype="-1" ModelId="2">3</value><value key="Variables" datatype="8" valuetype="-1" ModelId="2">el-salvador-aid_y_min(1), anti-satellite-test-ban_u_min(1), education-spending_y_max(1)</value><value key="Literals" datatype="3" valuetype="-1" ModelId="3">1</value><value key="Variables" datatype="8" valuetype="-1" ModelId="3">adoption-of-the-budget-resolution_y_min(1)</value><value key="Literals" datatype="3" valuetype="-1" ModelId="4">2</value><value key="Variables" datatype="8" valuetype="-1" ModelId="4">adoption-of-the-budget-resolution_y_min(1), adoption-of-the-budget-resolution_n_max(1)</value><value key="Literals" datatype="3" valuetype="-1" ModelId="5">4</value><value key="Variables" datatype="8" valuetype="-1" ModelId="5">physician-fee-freeze_n_min(1), el-salvador-aid_y_min(1), synfuels-corporation-cutback_u_min(1), adoption-of-the-budget-resolution_n_max(1)</value><value key="Literals" datatype="3" valuetype="-1" ModelId="6">3</value><value key="Variables" datatype="8" valuetype="-1" ModelId="6">handicapped-infants_u_min(1), physician-fee-freeze_n_min(1), synfuels-corporation-cutback_u_min(1)</value><value key="Literals" datatype="3" valuetype="-1" ModelId="7">5</value><value key="Variables" datatype="8" valuetype="-1" ModelId="7">physician-fee-freeze_n_min(1), anti-satellite-test-ban_y_min(1), immigration_u_min(1), synfuels-corporation-cutback_u_min(1), adoption-of-the-budget-resolution_n_max(1)</value><value key="Literals" datatype="3" valuetype="-1" ModelId="8">5</value><value key="Variables" datatype="8" valuetype="-1" ModelId="8">physician-fee-freeze_n_min(1), anti-satellite-test-ban_n_min(1), synfuels-corporation-cutback_u_min(1), adoption-of-the-budget-resolution_n_max(2)</value><value key="Literals" datatype="3" valuetype="-1" ModelId="9">5</value><value key="Variables" datatype="8" valuetype="-1" ModelId="9">physician-fee-freeze_n_min(1), anti-satellite-test-ban_n_min(1), synfuels-corporation-cutback_u_min(1), adoption-of-the-budget-resolution_n_max(2)</value><value key="Literals" datatype="3" valuetype="-1" ModelId="10">5</value><value key="Variables" datatype="8" valuetype="-1" ModelId="10">physician-fee-freeze_n_min(2), anti-satellite-test-ban_n_min(1), adoption-of-the-budget-resolution_n_max(2)</value><value key="Literals" datatype="3" valuetype="-1" ModelId="11">5</value><value key="Variables" datatype="8" valuetype="-1" ModelId="11">physician-fee-freeze_n_min(2), adoption-of-the-budget-resolution_n_max(2), synfuels-corporation-cutback_n_max(1)</value><value key="Literals" datatype="3" valuetype="-1" ModelId="12">5</value><value key="Variables" datatype="8" valuetype="-1" ModelId="12">physician-fee-freeze_n_min(2), adoption-of-the-budget-resolution_n_max(1), mx-missile_u_max(1), synfuels-corporation-cutback_n_max(1)</value><value key="Literals" datatype="3" valuetype="-1" ModelId="13">5</value><value key="Variables" datatype="8" valuetype="-1" ModelId="13">physician-fee-freeze_n_min(2), anti-satellite-test-ban_n_min(1), adoption-of-the-budget-resolution_n_max(1), synfuels-corporation-cutback_n_max(1)</value><value key="Literals" datatype="3" valuetype="-1" ModelId="14">6</value><value key="Variables" datatype="8" valuetype="-1" ModelId="14">water-project-cost-sharing_y_min(1), physician-fee-freeze_n_min(2), adoption-of-the-budget-resolution_n_max(1), el-salvador-aid_y_max(1), synfuels-corporation-cutback_n_max(1)</value><value key="Literals" datatype="3" valuetype="-1" ModelId="15">6</value><value key="Variables" datatype="8" valuetype="-1" ModelId="15">water-project-cost-sharing_y_min(1), physician-fee-freeze_n_min(2), el-salvador-aid_n_min(1), adoption-of-the-budget-resolution_n_max(1), synfuels-corporation-cutback_n_max(1)</value><value key="VariableImportance" datatype="8" valuetype="-1" ModelId="15">water-project-cost-sharing_y_min(3.31858304271326E-03), physician-fee-freeze_n_min(0.719164940867494), el-salvador-aid_n_min(6.91291094180126E-02), adoption-of-the-budget-resolution_n_max(0.151020954417255), synfuels-corporation-cutback_n_max(5.73664122545258E-02)</value></run></report>
