<report id="0"><run id="1" name="vote_template_classification_000001.gep"><value key="HasTestingSet" datatype="3" valuetype="0">1</value><value key="TrainFitness" datatype="5" valuetype="1" ModelId="1">756.516211061666</value><value key="TrainFitness" datatype="5" valuetype="1" ModelId="2">898.550724637681</value><value key="TrainFitness" datatype="5" valuetype="1" ModelId="3">940.740740740741</value><value key="TrainFitness" datatype="5" valuetype="1" ModelId="4">950.372208436725</value><value key="TrainFitness" datatype="5" valuetype="1" ModelId="5">955.223880597015</value><value key="TrainFitness" datatype="5" valuetype="1" ModelId="6">960.099750623441</value><value key="TrainFitness" datatype="5" valuetype="1" ModelId="7">965</value><value key="TrainAccuracy" datatype="5" valuetype="1" ModelId="1">90.84</value><value key="TrainAccuracy" datatype="5" valuetype="1" ModelId="2">94.66</value><value key="TrainAccuracy" datatype="5" valuetype="1" ModelId="3">96.95</value><value key="TrainAccuracy" datatype="5" valuetype="1" ModelId="4">97.46</value><value key="TrainAccuracy" datatype="5" valuetype="1" ModelId="5">97.71</value><value key="TrainAccuracy" datatype="5" valuetype="1" ModelId="6">97.96</value><value key="TrainAccuracy" datatype="5" valuetype="1" ModelId="7">98.22</value><value key="TestFitness" datatype="5" valuetype="1" ModelId="1">549.450549450549</value><value key="TestFitness" datatype="5" valuetype="1" ModelId="2">539.21568627451</value><value key="TestFitness" datatype="5" valuetype="1" ModelId="3">566.666666666667</value><value key="TestFitness" datatype="5" valuetype="1" ModelId="4">625</value><value key="TestFitness" datatype="5" valuetype="1" ModelId="5">625</value><value key="TestFitness" datatype="5" valuetype="1" ModelId="6">625</value><value key="TestFitness" datatype="5" valuetype="1" ModelId="7">715.667311411992</value><value key="TestAccuracy" datatype="5" valuetype="1" ModelId="1">83.33</value><value key="TestAccuracy" datatype="5" valuetype="1" ModelId="2">78.57</value><value key="TestAccuracy" datatype="5" valuetype="1" ModelId="3">80.95</value><value key="TestAccuracy" datatype="5" valuetype="1" ModelId="4">85.71</value><value key="TestAccuracy" datatype="5" valuetype="1" ModelId="5">85.71</value><value key="TestAccuracy" datatype="5" valuetype="1" ModelId="6">85.71</value><value key="TestAccuracy" datatype="5" valuetype="1" ModelId="7">88.1</value><value key="Size" datatype="3" valuetype="1" ModelId="1">9</value><value key="Size" datatype="3" valuetype="1" ModelId="2">9</value><value key="Size" datatype="3" valuetype="1" ModelId="3">8</value><value key="Size" datatype="3" valuetype="1" ModelId="4">9</value><value key="Size" datatype="3" valuetype="1" ModelId="5">9</value><value key="Size" datatype="3" valuetype="1" ModelId="6">8</value><value key="Size" datatype="3" valuetype="1" ModelId="7">9</value><value key="Generation" datatype="5" valuetype="1" ModelId="1">0</value><value key="Generation" datatype="5" valuetype="1" ModelId="2">1</value><value key="Generation" datatype="5" valuetype="1" ModelId="3">6</value><value key="Generation" datatype="5" valuetype="1" ModelId="4">562</value><value key="Generation" datatype="5" valuetype="1" ModelId="5">1340</value><value key="Generation" datatype="5" valuetype="1" ModelId="6">2747</value><value key="Generation" datatype="5" valuetype="1" ModelId="7">8020</value><value key="RunIndex" datatype="5" valuetype="1" ModelId="1">1</value><value key="RunIndex" datatype="5" valuetype="1" ModelId="2">1</value><value key="RunIndex" datatype="5" valuetype="1" ModelId="3">1</value><value key="RunIndex" datatype="5" valuetype="1" ModelId="4">1</value><value key="RunIndex" datatype="5" valuetype="1" ModelId="5">1</value><value key="RunIndex" datatype="5" valuetype="1" ModelId="6">1</value><value key="RunIndex" datatype="5" valuetype="1" ModelId="7">1</value><value key="Literals" datatype="3" valuetype="-1" ModelId="1">5</value><value key="Variables" datatype="8" valuetype="-1" ModelId="1">physician-fee-freeze_n_min(1), synfuels-corporation-cutback_u_min(1), export-administration-act-south-africa_u_min(1), synfuels-corporation-cutback_u_max(2)</value><value key="Literals" datatype="3" valuetype="-1" ModelId="2">4</value><value key="Variables" datatype="8" valuetype="-1" ModelId="2">physician-fee-freeze_n_min(1), synfuels-corporation-cutback_u_min(1), synfuels-corporation-cutback_u_max(2)</value><value key="Literals" datatype="3" valuetype="-1" ModelId="3">4</value><value key="Variables" datatype="8" valuetype="-1" ModelId="3">physician-fee-freeze_u_min(1), physician-fee-freeze_y_min(1), el-salvador-aid_u_min(1), physician-fee-freeze_y_max(1)</value><value key="Literals" datatype="3" valuetype="-1" ModelId="4">4</value><value key="Variables" datatype="8" valuetype="-1" ModelId="4">physician-fee-freeze_y_max(2), mx-missile_n_max(1), synfuels-corporation-cutback_n_max(1)</value><value key="Literals" datatype="3" valuetype="-1" ModelId="5">6</value><value key="Variables" datatype="8" valuetype="-1" ModelId="5">education-spending_u_min(1), physician-fee-freeze_y_max(2), mx-missile_n_max(1), synfuels-corporation-cutback_n_max(1), export-administration-act-south-africa_y_max(1)</value><value key="Literals" datatype="3" valuetype="-1" ModelId="6">5</value><value key="Variables" datatype="8" valuetype="-1" ModelId="6">duty-free-exports_y_min(1), physician-fee-freeze_y_max(1), mx-missile_n_max(1), synfuels-corporation-cutback_n_max(1), export-administration-act-south-africa_y_max(1)</value><value key="Literals" datatype="3" valuetype="-1" ModelId="7">6</value><value key="Variables" datatype="8" valuetype="-1" ModelId="7">adoption-of-the-budget-resolution_n_max(1), physician-fee-freeze_y_max(2), mx-missile_n_max(1), synfuels-corporation-cutback_n_max(1), export-administration-act-south-africa_y_max(1)</value><value key="VariableImportance" datatype="8" valuetype="-1" ModelId="7">adoption-of-the-budget-resolution_n_max(2.76820219516721E-02), physician-fee-freeze_y_max(0.923541210560923), mx-missile_n_max(2.92825121911695E-02), synfuels-corporation-cutback_n_max(6.57079177315935E-03), export-administration-act-south-africa_y_max(1.29234635230761E-02)</value></run></report>
