<summary><value key="AverageTrainFitness" datatype="5" valuetype="4">965</value><value key="AverageTrainRSQuare" datatype="5" valuetype="4">0.807728322544578</value><value key="AverageTrainAccuracy" datatype="5" valuetype="4">98.22</value><value key="MaxTrainFitness" datatype="5" valuetype="4">1000</value><value key="MaxTestFitness" datatype="5" valuetype="4">1000</value><value key="TrainSuccessCount" datatype="3" valuetype="4">0</value><value key="TrainSuccessRate" datatype="5" valuetype="4">0</value><value key="BestTrainFitness" datatype="5" valuetype="4">965</value><value key="BestTrainFitnessRun" datatype="3" valuetype="4">1</value><value key="BestTrainFitnessHistory" datatype="3" valuetype="4">1</value><value key="BestTrainFitnessModelId" datatype="3" valuetype="4">7</value><value key="BestTrainFitnessModelSize" datatype="3" valuetype="4">9</value><value key="BestTrainFitnessModelLiterals" datatype="3" valuetype="4">6</value><value key="BestTrainFitnessModelTerminals" datatype="8" valuetype="4">adoption-of-the-budget-resolution_n_max(1), physician-fee-freeze_y_max(2), mx-missile_n_max(1), synfuels-corporation-cutback_n_max(1), export-administration-act-south-africa_y_max(1)</value><value key="BestTrainFitnessModelVariableImportance" datatype="8" valuetype="4">adoption-of-the-budget-resolution_n_max(3.35286262075804E-02), physician-fee-freeze_y_max(0.910852327986816), mx-missile_n_max(3.78309267036769E-02), synfuels-corporation-cutback_n_max(1.30466438180456E-02), export-administration-act-south-africa_y_max(4.74147528388123E-03)</value><value key="BestTrainAccuracy" datatype="5" valuetype="4">98.22</value><value key="BestTrainAccuracyRun" datatype="3" valuetype="4">1</value><value key="BestTrainAccuracyHistory" datatype="3" valuetype="4">1</value><value key="BestTrainAccuracyModelId" datatype="3" valuetype="4">7</value><value key="BestTrainAccuracyModelSize" datatype="3" valuetype="4">9</value><value key="BestTrainAccuracyModelLiterals" datatype="3" valuetype="4">6</value><value key="BestTrainAccuracyModelTerminals" datatype="8" valuetype="4">adoption-of-the-budget-resolution_n_max(1), physician-fee-freeze_y_max(2), mx-missile_n_max(1), synfuels-corporation-cutback_n_max(1), export-administration-act-south-africa_y_max(1)</value><value key="BestTrainAccuracyModelVariableImportance" datatype="8" valuetype="4">adoption-of-the-budget-resolution_n_max(3.35286262075804E-02), physician-fee-freeze_y_max(0.910852327986816), mx-missile_n_max(3.78309267036769E-02), synfuels-corporation-cutback_n_max(1.30466438180456E-02), export-administration-act-south-africa_y_max(4.74147528388123E-03)</value><value key="BestTrainRSQuare" datatype="5" valuetype="4">0.807728322544578</value><value key="BestTrainRSQuareRun" datatype="3" valuetype="4">1</value><value key="BestTrainRSQuareHistory" datatype="3" valuetype="4">1</value><value key="BestTrainRSQuareModelId" datatype="3" valuetype="4">7</value><value key="BestTrainRSQuareModelSize" datatype="3" valuetype="4">9</value><value key="BestTrainRSQuareModelLiterals" datatype="3" valuetype="4">6</value><value key="BestTrainRSQuareModelTerminals" datatype="8" valuetype="4">adoption-of-the-budget-resolution_n_max(1), physician-fee-freeze_y_max(2), mx-missile_n_max(1), synfuels-corporation-cutback_n_max(1), export-administration-act-south-africa_y_max(1)</value><value key="BestTrainRSQuareModelVariableImportance" datatype="8" valuetype="4">adoption-of-the-budget-resolution_n_max(3.35286262075804E-02), physician-fee-freeze_y_max(0.910852327986816), mx-missile_n_max(3.78309267036769E-02), synfuels-corporation-cutback_n_max(1.30466438180456E-02), export-administration-act-south-africa_y_max(4.74147528388123E-03)</value><value key="TestSuccessCount" datatype="3" valuetype="4">0</value><value key="TestSuccessRate" datatype="5" valuetype="4">0</value><value key="AverageTestFitness" datatype="5" valuetype="4">715.667311411992</value><value key="AverageTestRSQuare" datatype="5" valuetype="4">0.449512000320365</value><value key="AverageTestAccuracy" datatype="5" valuetype="4">88.1</value><value key="BestTestFitness" datatype="5" valuetype="4">715.667311411992</value><value key="BestTestFitnessRun" datatype="3" valuetype="4">1</value><value key="BestTestFitnessHistory" datatype="3" valuetype="4">1</value><value key="BestTestFitnessModelId" datatype="3" valuetype="4">7</value><value key="BestTestFitnessModelSize" datatype="3" valuetype="4">9</value><value key="BestTestFitnessModelLiterals" datatype="3" valuetype="4">6</value><value key="BestTestFitnessModelTerminals" datatype="8" valuetype="4">adoption-of-the-budget-resolution_n_max(1), physician-fee-freeze_y_max(2), mx-missile_n_max(1), synfuels-corporation-cutback_n_max(1), export-administration-act-south-africa_y_max(1)</value><value key="BestTestFitnessModelVariableImportance" datatype="8" valuetype="4">adoption-of-the-budget-resolution_n_max(0.170598136125044), physician-fee-freeze_y_max(0.323057768580596), mx-missile_n_max(0.182960176041894), synfuels-corporation-cutback_n_max(0.154396015935747), export-administration-act-south-africa_y_max(0.16898790331672)</value><value key="BestTestAccuracy" datatype="5" valuetype="4">88.1</value><value key="BestTestAccuracyRun" datatype="3" valuetype="4">1</value><value key="BestTestAccuracyHistory" datatype="3" valuetype="4">1</value><value key="BestTestAccuracyModelId" datatype="3" valuetype="4">7</value><value key="BestTestAccuracyModelSize" datatype="3" valuetype="4">9</value><value key="BestTestAccuracyModelLiterals" datatype="3" valuetype="4">6</value><value key="BestTestAccuracyModelTerminals" datatype="8" valuetype="4">adoption-of-the-budget-resolution_n_max(1), physician-fee-freeze_y_max(2), mx-missile_n_max(1), synfuels-corporation-cutback_n_max(1), export-administration-act-south-africa_y_max(1)</value><value key="BestTestAccuracyModelVariableImportance" datatype="8" valuetype="4">adoption-of-the-budget-resolution_n_max(0.170598136125044), physician-fee-freeze_y_max(0.323057768580596), mx-missile_n_max(0.182960176041894), synfuels-corporation-cutback_n_max(0.154396015935747), export-administration-act-south-africa_y_max(0.16898790331672)</value><value key="BestTestRSQuare" datatype="5" valuetype="4">0.449512000320365</value><value key="BestTestRSQuareRun" datatype="3" valuetype="4">1</value><value key="BestTestRSQuareHistory" datatype="3" valuetype="4">1</value><value key="BestTestRSQuareModelId" datatype="3" valuetype="4">7</value><value key="BestTestRSQuareModelSize" datatype="3" valuetype="4">9</value><value key="BestTestRSQuareModelLiterals" datatype="3" valuetype="4">6</value><value key="BestTestRSQuareModelTerminals" datatype="8" valuetype="4">adoption-of-the-budget-resolution_n_max(1), physician-fee-freeze_y_max(2), mx-missile_n_max(1), synfuels-corporation-cutback_n_max(1), export-administration-act-south-africa_y_max(1)</value><value key="BestTestRSQuareModelVariableImportance" datatype="8" valuetype="4">adoption-of-the-budget-resolution_n_max(0.170598136125044), physician-fee-freeze_y_max(0.323057768580596), mx-missile_n_max(0.182960176041894), synfuels-corporation-cutback_n_max(0.154396015935747), export-administration-act-south-africa_y_max(0.16898790331672)</value><value key="DefinitionFile" datatype="8" valuetype="4">../vote_1_3_9_jobdef.xml</value></summary>
