<log created='11/30/2019 13:36:20' name='vote_template_classification_000001'>
<item created='11/30/2019 13:36:20' severity='0'>Processing run 1...</item>
<item created='11/30/2019 13:36:20' severity='0'>Applied setting Genes (3)</item>
<item created='11/30/2019 13:36:20' severity='0'>Applied setting HeadSize (1)</item>
<item created='11/30/2019 13:36:20' severity='0'>Applied setting FitnessFunction (11)</item>
<item created='11/30/2019 13:36:20' severity='0'>Applied setting RoundingThreshold (0.5)</item>
<item created='11/30/2019 13:36:20' severity='0'>Changed function * to weight 2.</item>
<item created='11/30/2019 13:36:20' severity='0'>Loading data from file vote_TRAIN_fold_9.csv ...</item>
<item created='11/30/2019 13:36:21' severity='0'>Loading data from file vote_TEST_fold_9.csv ...</item>
<item created='11/30/2019 13:36:22' severity='0'>Loading run file... vote_1_3_9\vote_template_classification_000001.gep</item>
<item created='11/30/2019 13:36:22' severity='0'>Initializing run...</item>
<item created='11/30/2019 13:36:22' severity='0'>Training Set size: 393</item>
<item created='11/30/2019 13:36:22' severity='0'>Dataset loaded.</item>
<item created='11/30/2019 13:36:22' severity='0'>Starting...</item>
<item created='11/30/2019 13:36:22' severity='0'>Generation: 0 (756.516211061666, 90.84% (357))</item>
<item created='11/30/2019 13:36:24' severity='0'>Generation: 488 (940.740740740741, 96.95% (381))</item>
<item created='11/30/2019 13:36:26' severity='0'>Generation: 1444 (955.223880597015, 97.71% (384))</item>
<item created='11/30/2019 13:36:28' severity='0'>Generation: 2294 (955.223880597015, 97.71% (384))</item>
<item created='11/30/2019 13:36:30' severity='0'>Generation: 3130 (960.099750623441, 97.96% (385))</item>
<item created='11/30/2019 13:36:32' severity='0'>Generation: 3996 (960.099750623441, 97.96% (385))</item>
<item created='11/30/2019 13:36:34' severity='0'>Generation: 4850 (960.099750623441, 97.96% (385))</item>
<item created='11/30/2019 13:36:36' severity='0'>Generation: 5760 (960.099750623441, 97.96% (385))</item>
<item created='11/30/2019 13:36:38' severity='0'>Generation: 6706 (960.099750623441, 97.96% (385))</item>
<item created='11/30/2019 13:36:40' severity='0'>Generation: 7636 (960.099750623441, 97.96% (385))</item>
<item created='11/30/2019 13:36:42' severity='0'>Generation: 8531 (965, 98.22% (386))</item>
<item created='11/30/2019 13:36:44' severity='0'>Generation: 9436 (965, 98.22% (386))</item>
<item created='11/30/2019 13:36:46' severity='0'>Generation: 10329 (965, 98.22% (386))</item>
<item created='11/30/2019 13:36:48' severity='0'>Generation: 11211 (965, 98.22% (386))</item>
<item created='11/30/2019 13:36:50' severity='0'>Generation: 12139 (965, 98.22% (386))</item>
<item created='11/30/2019 13:36:52' severity='0'>Generation: 13058 (965, 98.22% (386))</item>
<item created='11/30/2019 13:36:54' severity='0'>Generation: 13944 (965, 98.22% (386))</item>
<item created='11/30/2019 13:36:56' severity='0'>Generation: 14869 (965, 98.22% (386))</item>
<item created='11/30/2019 13:36:58' severity='0'>Generation: 15747 (965, 98.22% (386))</item>
<item created='11/30/2019 13:37:00' severity='0'>Generation: 16591 (965, 98.22% (386))</item>
<item created='11/30/2019 13:37:02' severity='0'>Generation: 17441 (965, 98.22% (386))</item>
<item created='11/30/2019 13:37:04' severity='0'>Generation: 18258 (965, 98.22% (386))</item>
<item created='11/30/2019 13:37:06' severity='0'>Generation: 19056 (965, 98.22% (386))</item>
<item created='11/30/2019 13:37:08' severity='0'>Generation: 19757 (965, 98.22% (386))</item>
<item created='11/30/2019 13:37:08' severity='0'>Finished run.</item>
<item created='11/30/2019 13:37:08' severity='0'>Models created: 7</item>
<item created='11/30/2019 13:37:08' severity='0'>Models: 7</item>
<item created='11/30/2019 13:37:08' severity='0'>Last Model: 7</item>
<item created='11/30/2019 13:37:08' severity='0'>Generation: 8020</item>
<item created='11/30/2019 13:37:08' severity='0'>Training Fitness: 965</item>
<item created='11/30/2019 13:37:08' severity='0'>Training Accuracy: 98.22%</item>
<item created='11/30/2019 13:37:08' severity='0'>Success</item>
<item created='11/30/2019 13:37:08' severity='0'>Loading run file... vote_1_3_9\vote_template_classification_000001.gep</item>
<item created='11/30/2019 13:37:09' severity='0'>Initializing tests for all models...</item>
<item created='11/30/2019 13:37:09' severity='0'>Testing model 1 on the Validation Set with 42 records.............</item>
<item created='11/30/2019 13:37:09' severity='0'>Testing model 2 on the Validation Set with 42 records.............</item>
<item created='11/30/2019 13:37:09' severity='0'>Testing model 3 on the Validation Set with 42 records.............</item>
<item created='11/30/2019 13:37:09' severity='0'>Testing model 4 on the Validation Set with 42 records.............</item>
<item created='11/30/2019 13:37:09' severity='0'>Testing model 5 on the Validation Set with 42 records.............</item>
<item created='11/30/2019 13:37:09' severity='0'>Testing model 6 on the Validation Set with 42 records.............</item>
<item created='11/30/2019 13:37:09' severity='0'>Testing model 7 on the Validation Set with 42 records.............</item>
<item created='11/30/2019 13:37:09' severity='0'>Success</item>
</log>
