<summary><value key="AverageTrainFitness" datatype="5" valuetype="4">959.899749373434</value><value key="AverageTrainRSQuare" datatype="5" valuetype="4">0.684305195286541</value><value key="AverageTrainAccuracy" datatype="5" valuetype="4">97.95</value><value key="MaxTrainFitness" datatype="5" valuetype="4">1000</value><value key="MaxTestFitness" datatype="5" valuetype="4">1000</value><value key="TrainSuccessCount" datatype="3" valuetype="4">0</value><value key="TrainSuccessRate" datatype="5" valuetype="4">0</value><value key="BestTrainFitness" datatype="5" valuetype="4">959.899749373434</value><value key="BestTrainFitnessRun" datatype="3" valuetype="4">1</value><value key="BestTrainFitnessHistory" datatype="3" valuetype="4">1</value><value key="BestTrainFitnessModelId" datatype="3" valuetype="4">13</value><value key="BestTrainFitnessModelSize" datatype="3" valuetype="4">16</value><value key="BestTrainFitnessModelLiterals" datatype="3" valuetype="4">10</value><value key="BestTrainFitnessModelTerminals" datatype="8" valuetype="4">adoption-of-the-budget-resolution_n_min(2), el-salvador-aid_y_min(1), export-administration-act-south-africa_u_min(1), water-project-cost-sharing_n_max(1), physician-fee-freeze_u_max(1), physician-fee-freeze_y_max(1), synfuels-corporation-cutback_y_max(2), superfund-right-to-sue_n_max(1)</value><value key="BestTrainFitnessModelVariableImportance" datatype="8" valuetype="4">adoption-of-the-budget-resolution_n_min(9.16627751111278E-02), el-salvador-aid_y_min(1.78741431108781E-02), export-administration-act-south-africa_u_min(6.34160209741129E-02), water-project-cost-sharing_n_max(1.09084371509096E-02), physician-fee-freeze_u_max(1.45383384549358E-02), physician-fee-freeze_y_max(0.634770458735007), synfuels-corporation-cutback_y_max(7.18986657445755E-02), superfund-right-to-sue_n_max(9.49311607184531E-02)</value><value key="BestTrainAccuracy" datatype="5" valuetype="4">97.95</value><value key="BestTrainAccuracyRun" datatype="3" valuetype="4">1</value><value key="BestTrainAccuracyHistory" datatype="3" valuetype="4">1</value><value key="BestTrainAccuracyModelId" datatype="3" valuetype="4">13</value><value key="BestTrainAccuracyModelSize" datatype="3" valuetype="4">16</value><value key="BestTrainAccuracyModelLiterals" datatype="3" valuetype="4">10</value><value key="BestTrainAccuracyModelTerminals" datatype="8" valuetype="4">adoption-of-the-budget-resolution_n_min(2), el-salvador-aid_y_min(1), export-administration-act-south-africa_u_min(1), water-project-cost-sharing_n_max(1), physician-fee-freeze_u_max(1), physician-fee-freeze_y_max(1), synfuels-corporation-cutback_y_max(2), superfund-right-to-sue_n_max(1)</value><value key="BestTrainAccuracyModelVariableImportance" datatype="8" valuetype="4">adoption-of-the-budget-resolution_n_min(9.16627751111278E-02), el-salvador-aid_y_min(1.78741431108781E-02), export-administration-act-south-africa_u_min(6.34160209741129E-02), water-project-cost-sharing_n_max(1.09084371509096E-02), physician-fee-freeze_u_max(1.45383384549358E-02), physician-fee-freeze_y_max(0.634770458735007), synfuels-corporation-cutback_y_max(7.18986657445755E-02), superfund-right-to-sue_n_max(9.49311607184531E-02)</value><value key="BestTrainRSQuare" datatype="5" valuetype="4">0.684305195286541</value><value key="BestTrainRSQuareRun" datatype="3" valuetype="4">1</value><value key="BestTrainRSQuareHistory" datatype="3" valuetype="4">1</value><value key="BestTrainRSQuareModelId" datatype="3" valuetype="4">13</value><value key="BestTrainRSQuareModelSize" datatype="3" valuetype="4">16</value><value key="BestTrainRSQuareModelLiterals" datatype="3" valuetype="4">10</value><value key="BestTrainRSQuareModelTerminals" datatype="8" valuetype="4">adoption-of-the-budget-resolution_n_min(2), el-salvador-aid_y_min(1), export-administration-act-south-africa_u_min(1), water-project-cost-sharing_n_max(1), physician-fee-freeze_u_max(1), physician-fee-freeze_y_max(1), synfuels-corporation-cutback_y_max(2), superfund-right-to-sue_n_max(1)</value><value key="BestTrainRSQuareModelVariableImportance" datatype="8" valuetype="4">adoption-of-the-budget-resolution_n_min(9.16627751111278E-02), el-salvador-aid_y_min(1.78741431108781E-02), export-administration-act-south-africa_u_min(6.34160209741129E-02), water-project-cost-sharing_n_max(1.09084371509096E-02), physician-fee-freeze_u_max(1.45383384549358E-02), physician-fee-freeze_y_max(0.634770458735007), synfuels-corporation-cutback_y_max(7.18986657445755E-02), superfund-right-to-sue_n_max(9.49311607184531E-02)</value><value key="TestSuccessCount" datatype="3" valuetype="4">1</value><value key="TestSuccessRate" datatype="5" valuetype="4">100</value><value key="AverageTestFitness" datatype="5" valuetype="4">955.555555555556</value><value key="AverageTestRSQuare" datatype="5" valuetype="4">0.680105750165232</value><value key="AverageTestAccuracy" datatype="5" valuetype="4">97.73</value><value key="BestTestFitness" datatype="5" valuetype="4">1000</value><value key="BestTestFitnessRun" datatype="3" valuetype="4">1</value><value key="BestTestFitnessHistory" datatype="3" valuetype="4">1</value><value key="BestTestFitnessModelId" datatype="3" valuetype="4">11</value><value key="BestTestFitnessModelSize" datatype="3" valuetype="4">16</value><value key="BestTestFitnessModelLiterals" datatype="3" valuetype="4">10</value><value key="BestTestFitnessModelTerminals" datatype="8" valuetype="4">adoption-of-the-budget-resolution_n_min(2), el-salvador-aid_y_min(2), mx-missile_u_min(1), water-project-cost-sharing_n_max(1), physician-fee-freeze_u_max(1), physician-fee-freeze_y_max(1), synfuels-corporation-cutback_y_max(2)</value><value key="BestTestFitnessModelVariableImportance" datatype="8" valuetype="4">adoption-of-the-budget-resolution_n_min(4.82606620507865E-03), el-salvador-aid_y_min(3.53086379473293E-02), mx-missile_u_min(3.18136527503306E-02), water-project-cost-sharing_n_max(0.108532053085306), physician-fee-freeze_u_max(4.57324251766094E-02), physician-fee-freeze_y_max(0.672224004224099), synfuels-corporation-cutback_y_max(0.101563160611248)</value><value key="BestTestAccuracy" datatype="5" valuetype="4">100</value><value key="BestTestAccuracyRun" datatype="3" valuetype="4">1</value><value key="BestTestAccuracyHistory" datatype="3" valuetype="4">1</value><value key="BestTestAccuracyModelId" datatype="3" valuetype="4">11</value><value key="BestTestAccuracyModelSize" datatype="3" valuetype="4">16</value><value key="BestTestAccuracyModelLiterals" datatype="3" valuetype="4">10</value><value key="BestTestAccuracyModelTerminals" datatype="8" valuetype="4">adoption-of-the-budget-resolution_n_min(2), el-salvador-aid_y_min(2), mx-missile_u_min(1), water-project-cost-sharing_n_max(1), physician-fee-freeze_u_max(1), physician-fee-freeze_y_max(1), synfuels-corporation-cutback_y_max(2)</value><value key="BestTestAccuracyModelVariableImportance" datatype="8" valuetype="4">adoption-of-the-budget-resolution_n_min(4.82606620507865E-03), el-salvador-aid_y_min(3.53086379473293E-02), mx-missile_u_min(3.18136527503306E-02), water-project-cost-sharing_n_max(0.108532053085306), physician-fee-freeze_u_max(4.57324251766094E-02), physician-fee-freeze_y_max(0.672224004224099), synfuels-corporation-cutback_y_max(0.101563160611248)</value><value key="BestTestRSQuare" datatype="5" valuetype="4">0.770308123249299</value><value key="BestTestRSQuareRun" datatype="3" valuetype="4">1</value><value key="BestTestRSQuareHistory" datatype="3" valuetype="4">1</value><value key="BestTestRSQuareModelId" datatype="3" valuetype="4">11</value><value key="BestTestRSQuareModelSize" datatype="3" valuetype="4">16</value><value key="BestTestRSQuareModelLiterals" datatype="3" valuetype="4">10</value><value key="BestTestRSQuareModelTerminals" datatype="8" valuetype="4">adoption-of-the-budget-resolution_n_min(2), el-salvador-aid_y_min(2), mx-missile_u_min(1), water-project-cost-sharing_n_max(1), physician-fee-freeze_u_max(1), physician-fee-freeze_y_max(1), synfuels-corporation-cutback_y_max(2)</value><value key="BestTestRSQuareModelVariableImportance" datatype="8" valuetype="4">adoption-of-the-budget-resolution_n_min(4.82606620507865E-03), el-salvador-aid_y_min(3.53086379473293E-02), mx-missile_u_min(3.18136527503306E-02), water-project-cost-sharing_n_max(0.108532053085306), physician-fee-freeze_u_max(4.57324251766094E-02), physician-fee-freeze_y_max(0.672224004224099), synfuels-corporation-cutback_y_max(0.101563160611248)</value><value key="DefinitionFile" datatype="8" valuetype="4">../vote_1_6_7_jobdef.xml</value></summary>
