<report id="0"><run id="1" name="vote_template_classification_000001.gep"><value key="HasTestingSet" datatype="3" valuetype="0">1</value><value key="TrainFitness" datatype="5" valuetype="1" ModelId="1">902.676399026764</value><value key="TrainFitness" datatype="5" valuetype="1" ModelId="2">902.676399026764</value><value key="TrainFitness" datatype="5" valuetype="1" ModelId="3">907.317073170732</value><value key="TrainFitness" datatype="5" valuetype="1" ModelId="4">916.666666666667</value><value key="TrainFitness" datatype="5" valuetype="1" ModelId="5">921.375921375921</value><value key="TrainFitness" datatype="5" valuetype="1" ModelId="6">926.108374384236</value><value key="TrainFitness" datatype="5" valuetype="1" ModelId="7">930.864197530864</value><value key="TrainFitness" datatype="5" valuetype="1" ModelId="8">935.643564356436</value><value key="TrainFitness" datatype="5" valuetype="1" ModelId="9">940.446650124069</value><value key="TrainFitness" datatype="5" valuetype="1" ModelId="10">945.273631840796</value><value key="TrainFitness" datatype="5" valuetype="1" ModelId="11">950.124688279302</value><value key="TrainFitness" datatype="5" valuetype="1" ModelId="12">955</value><value key="TrainFitness" datatype="5" valuetype="1" ModelId="13">959.899749373434</value><value key="TrainAccuracy" datatype="5" valuetype="1" ModelId="1">94.88</value><value key="TrainAccuracy" datatype="5" valuetype="1" ModelId="2">94.88</value><value key="TrainAccuracy" datatype="5" valuetype="1" ModelId="3">95.14</value><value key="TrainAccuracy" datatype="5" valuetype="1" ModelId="4">95.65</value><value key="TrainAccuracy" datatype="5" valuetype="1" ModelId="5">95.91</value><value key="TrainAccuracy" datatype="5" valuetype="1" ModelId="6">96.16</value><value key="TrainAccuracy" datatype="5" valuetype="1" ModelId="7">96.42</value><value key="TrainAccuracy" datatype="5" valuetype="1" ModelId="8">96.68</value><value key="TrainAccuracy" datatype="5" valuetype="1" ModelId="9">96.93</value><value key="TrainAccuracy" datatype="5" valuetype="1" ModelId="10">97.19</value><value key="TrainAccuracy" datatype="5" valuetype="1" ModelId="11">97.44</value><value key="TrainAccuracy" datatype="5" valuetype="1" ModelId="12">97.7</value><value key="TrainAccuracy" datatype="5" valuetype="1" ModelId="13">97.95</value><value key="TestFitness" datatype="5" valuetype="1" ModelId="1">1000</value><value key="TestFitness" datatype="5" valuetype="1" ModelId="2">1000</value><value key="TestFitness" datatype="5" valuetype="1" ModelId="3">1000</value><value key="TestFitness" datatype="5" valuetype="1" ModelId="4">955.555555555556</value><value key="TestFitness" datatype="5" valuetype="1" ModelId="5">955.555555555556</value><value key="TestFitness" datatype="5" valuetype="1" ModelId="6">1000</value><value key="TestFitness" datatype="5" valuetype="1" ModelId="7">1000</value><value key="TestFitness" datatype="5" valuetype="1" ModelId="8">1000</value><value key="TestFitness" datatype="5" valuetype="1" ModelId="9">1000</value><value key="TestFitness" datatype="5" valuetype="1" ModelId="10">1000</value><value key="TestFitness" datatype="5" valuetype="1" ModelId="11">1000</value><value key="TestFitness" datatype="5" valuetype="1" ModelId="12">955.555555555556</value><value key="TestFitness" datatype="5" valuetype="1" ModelId="13">955.555555555556</value><value key="TestAccuracy" datatype="5" valuetype="1" ModelId="1">100</value><value key="TestAccuracy" datatype="5" valuetype="1" ModelId="2">100</value><value key="TestAccuracy" datatype="5" valuetype="1" ModelId="3">100</value><value key="TestAccuracy" datatype="5" valuetype="1" ModelId="4">97.73</value><value key="TestAccuracy" datatype="5" valuetype="1" ModelId="5">97.73</value><value key="TestAccuracy" datatype="5" valuetype="1" ModelId="6">100</value><value key="TestAccuracy" datatype="5" valuetype="1" ModelId="7">100</value><value key="TestAccuracy" datatype="5" valuetype="1" ModelId="8">100</value><value key="TestAccuracy" datatype="5" valuetype="1" ModelId="9">100</value><value key="TestAccuracy" datatype="5" valuetype="1" ModelId="10">100</value><value key="TestAccuracy" datatype="5" valuetype="1" ModelId="11">100</value><value key="TestAccuracy" datatype="5" valuetype="1" ModelId="12">97.73</value><value key="TestAccuracy" datatype="5" valuetype="1" ModelId="13">97.73</value><value key="Size" datatype="3" valuetype="1" ModelId="1">16</value><value key="Size" datatype="3" valuetype="1" ModelId="2">16</value><value key="Size" datatype="3" valuetype="1" ModelId="3">16</value><value key="Size" datatype="3" valuetype="1" ModelId="4">16</value><value key="Size" datatype="3" valuetype="1" ModelId="5">16</value><value key="Size" datatype="3" valuetype="1" ModelId="6">16</value><value key="Size" datatype="3" valuetype="1" ModelId="7">16</value><value key="Size" datatype="3" valuetype="1" ModelId="8">16</value><value key="Size" datatype="3" valuetype="1" ModelId="9">18</value><value key="Size" datatype="3" valuetype="1" ModelId="10">18</value><value key="Size" datatype="3" valuetype="1" ModelId="11">16</value><value key="Size" datatype="3" valuetype="1" ModelId="12">16</value><value key="Size" datatype="3" valuetype="1" ModelId="13">16</value><value key="Generation" datatype="5" valuetype="1" ModelId="1">0</value><value key="Generation" datatype="5" valuetype="1" ModelId="2">1</value><value key="Generation" datatype="5" valuetype="1" ModelId="3">25</value><value key="Generation" datatype="5" valuetype="1" ModelId="4">685</value><value key="Generation" datatype="5" valuetype="1" ModelId="5">690</value><value key="Generation" datatype="5" valuetype="1" ModelId="6">692</value><value key="Generation" datatype="5" valuetype="1" ModelId="7">722</value><value key="Generation" datatype="5" valuetype="1" ModelId="8">794</value><value key="Generation" datatype="5" valuetype="1" ModelId="9">928</value><value key="Generation" datatype="5" valuetype="1" ModelId="10">2116</value><value key="Generation" datatype="5" valuetype="1" ModelId="11">3687</value><value key="Generation" datatype="5" valuetype="1" ModelId="12">3705</value><value key="Generation" datatype="5" valuetype="1" ModelId="13">4620</value><value key="RunIndex" datatype="5" valuetype="1" ModelId="1">1</value><value key="RunIndex" datatype="5" valuetype="1" ModelId="2">1</value><value key="RunIndex" datatype="5" valuetype="1" ModelId="3">1</value><value key="RunIndex" datatype="5" valuetype="1" ModelId="4">1</value><value key="RunIndex" datatype="5" valuetype="1" ModelId="5">1</value><value key="RunIndex" datatype="5" valuetype="1" ModelId="6">1</value><value key="RunIndex" datatype="5" valuetype="1" ModelId="7">1</value><value key="RunIndex" datatype="5" valuetype="1" ModelId="8">1</value><value key="RunIndex" datatype="5" valuetype="1" ModelId="9">1</value><value key="RunIndex" datatype="5" valuetype="1" ModelId="10">1</value><value key="RunIndex" datatype="5" valuetype="1" ModelId="11">1</value><value key="RunIndex" datatype="5" valuetype="1" ModelId="12">1</value><value key="RunIndex" datatype="5" valuetype="1" ModelId="13">1</value><value key="Literals" datatype="3" valuetype="-1" ModelId="1">6</value><value key="Variables" datatype="8" valuetype="-1" ModelId="1">el-salvador-aid_u_min(1), physician-fee-freeze_y_max(1), anti-satellite-test-ban_y_max(1), crime_u_max(1), crime_y_max(1), export-administration-act-south-africa_n_max(1)</value><value key="Literals" datatype="3" valuetype="-1" ModelId="2">6</value><value key="Variables" datatype="8" valuetype="-1" ModelId="2">el-salvador-aid_u_min(1), physician-fee-freeze_y_max(1), anti-satellite-test-ban_y_max(1), crime_u_max(1), crime_y_max(1), export-administration-act-south-africa_n_max(1)</value><value key="Literals" datatype="3" valuetype="-1" ModelId="3">5</value><value key="Variables" datatype="8" valuetype="-1" ModelId="3">el-salvador-aid_u_min(1), physician-fee-freeze_y_max(1), anti-satellite-test-ban_y_max(1), crime_u_max(1), crime_y_max(1)</value><value key="Literals" datatype="3" valuetype="-1" ModelId="4">6</value><value key="Variables" datatype="8" valuetype="-1" ModelId="4">adoption-of-the-budget-resolution_n_min(1), mx-missile_u_min(1), physician-fee-freeze_y_max(3), anti-satellite-test-ban_y_max(1)</value><value key="Literals" datatype="3" valuetype="-1" ModelId="5">7</value><value key="Variables" datatype="8" valuetype="-1" ModelId="5">adoption-of-the-budget-resolution_n_min(1), mx-missile_u_min(1), physician-fee-freeze_y_max(2), anti-satellite-test-ban_y_max(2), immigration_u_max(1)</value><value key="Literals" datatype="3" valuetype="-1" ModelId="6">6</value><value key="Variables" datatype="8" valuetype="-1" ModelId="6">adoption-of-the-budget-resolution_n_min(1), mx-missile_u_min(1), water-project-cost-sharing_n_max(1), physician-fee-freeze_y_max(2), anti-satellite-test-ban_y_max(1)</value><value key="Literals" datatype="3" valuetype="-1" ModelId="7">7</value><value key="Variables" datatype="8" valuetype="-1" ModelId="7">adoption-of-the-budget-resolution_n_min(1), water-project-cost-sharing_n_max(1), physician-fee-freeze_y_max(3), synfuels-corporation-cutback_y_max(1), superfund-right-to-sue_n_max(1)</value><value key="Literals" datatype="3" valuetype="-1" ModelId="8">6</value><value key="Variables" datatype="8" valuetype="-1" ModelId="8">adoption-of-the-budget-resolution_n_min(1), water-project-cost-sharing_n_max(1), physician-fee-freeze_y_max(1), mx-missile_u_max(1), synfuels-corporation-cutback_y_max(1), superfund-right-to-sue_n_max(1)</value><value key="Literals" datatype="3" valuetype="-1" ModelId="9">8</value><value key="Variables" datatype="8" valuetype="-1" ModelId="9">adoption-of-the-budget-resolution_n_min(1), el-salvador-aid_y_min(1), religious-groups-in-schools_n_min(1), handicapped-infants_u_max(1), water-project-cost-sharing_n_max(1), physician-fee-freeze_y_max(1), mx-missile_n_max(1), synfuels-corporation-cutback_y_max(1)</value><value key="Literals" datatype="3" valuetype="-1" ModelId="10">9</value><value key="Variables" datatype="8" valuetype="-1" ModelId="10">adoption-of-the-budget-resolution_n_min(3), el-salvador-aid_y_min(2), water-project-cost-sharing_n_max(1), physician-fee-freeze_y_max(2), synfuels-corporation-cutback_y_max(1)</value><value key="Literals" datatype="3" valuetype="-1" ModelId="11">10</value><value key="Variables" datatype="8" valuetype="-1" ModelId="11">adoption-of-the-budget-resolution_n_min(2), el-salvador-aid_y_min(2), mx-missile_u_min(1), water-project-cost-sharing_n_max(1), physician-fee-freeze_u_max(1), physician-fee-freeze_y_max(1), synfuels-corporation-cutback_y_max(2)</value><value key="Literals" datatype="3" valuetype="-1" ModelId="12">10</value><value key="Variables" datatype="8" valuetype="-1" ModelId="12">adoption-of-the-budget-resolution_n_min(2), el-salvador-aid_y_min(2), export-administration-act-south-africa_u_min(1), water-project-cost-sharing_n_max(1), physician-fee-freeze_u_max(1), physician-fee-freeze_y_max(1), synfuels-corporation-cutback_y_max(2)</value><value key="Literals" datatype="3" valuetype="-1" ModelId="13">10</value><value key="Variables" datatype="8" valuetype="-1" ModelId="13">adoption-of-the-budget-resolution_n_min(2), el-salvador-aid_y_min(1), export-administration-act-south-africa_u_min(1), water-project-cost-sharing_n_max(1), physician-fee-freeze_u_max(1), physician-fee-freeze_y_max(1), synfuels-corporation-cutback_y_max(2), superfund-right-to-sue_n_max(1)</value><value key="VariableImportance" datatype="8" valuetype="-1" ModelId="13">adoption-of-the-budget-resolution_n_min(9.94136705646896E-02), el-salvador-aid_y_min(1.68040555542396E-02), export-administration-act-south-africa_u_min(7.04403697994398E-02), water-project-cost-sharing_n_max(2.70549334511194E-02), physician-fee-freeze_u_max(2.25251114565815E-02), physician-fee-freeze_y_max(0.607061534477372), synfuels-corporation-cutback_y_max(0.083891395464422), superfund-right-to-sue_n_max(7.28089292321357E-02)</value></run></report>
