<log created='11/30/2019 14:06:35' name='vote_template_classification_000001'>
<item created='11/30/2019 14:06:35' severity='0'>Processing run 1...</item>
<item created='11/30/2019 14:06:35' severity='0'>Applied setting Genes (6)</item>
<item created='11/30/2019 14:06:35' severity='0'>Applied setting HeadSize (1)</item>
<item created='11/30/2019 14:06:35' severity='0'>Applied setting FitnessFunction (11)</item>
<item created='11/30/2019 14:06:35' severity='0'>Applied setting RoundingThreshold (0.5)</item>
<item created='11/30/2019 14:06:35' severity='0'>Changed function * to weight 2.</item>
<item created='11/30/2019 14:06:35' severity='0'>Loading data from file vote_TRAIN_fold_7.csv ...</item>
<item created='11/30/2019 14:06:36' severity='0'>Loading data from file vote_TEST_fold_7.csv ...</item>
<item created='11/30/2019 14:06:37' severity='0'>Loading run file... vote_1_6_7\vote_template_classification_000001.gep</item>
<item created='11/30/2019 14:06:37' severity='0'>Initializing run...</item>
<item created='11/30/2019 14:06:37' severity='0'>Training Set size: 391</item>
<item created='11/30/2019 14:06:37' severity='0'>Dataset loaded.</item>
<item created='11/30/2019 14:06:37' severity='0'>Starting...</item>
<item created='11/30/2019 14:06:37' severity='0'>Generation: 0 (902.676399026764, 94.88% (371))</item>
<item created='11/30/2019 14:06:39' severity='0'>Generation: 426 (907.317073170732, 95.14% (372))</item>
<item created='11/30/2019 14:06:41' severity='0'>Generation: 987 (940.446650124069, 96.93% (379))</item>
<item created='11/30/2019 14:06:43' severity='0'>Generation: 1533 (940.446650124069, 96.93% (379))</item>
<item created='11/30/2019 14:06:45' severity='0'>Generation: 2073 (940.446650124069, 96.93% (379))</item>
<item created='11/30/2019 14:06:47' severity='0'>Generation: 2641 (945.273631840796, 97.19% (380))</item>
<item created='11/30/2019 14:06:49' severity='0'>Generation: 3199 (945.273631840796, 97.19% (380))</item>
<item created='11/30/2019 14:06:51' severity='0'>Generation: 3763 (955, 97.70% (382))</item>
<item created='11/30/2019 14:06:53' severity='0'>Generation: 4334 (955, 97.70% (382))</item>
<item created='11/30/2019 14:06:55' severity='0'>Generation: 4891 (959.899749373434, 97.95% (383))</item>
<item created='11/30/2019 14:06:57' severity='0'>Generation: 5463 (959.899749373434, 97.95% (383))</item>
<item created='11/30/2019 14:06:59' severity='0'>Generation: 6019 (959.899749373434, 97.95% (383))</item>
<item created='11/30/2019 14:07:01' severity='0'>Generation: 6582 (959.899749373434, 97.95% (383))</item>
<item created='11/30/2019 14:07:03' severity='0'>Generation: 7152 (959.899749373434, 97.95% (383))</item>
<item created='11/30/2019 14:07:05' severity='0'>Generation: 7699 (959.899749373434, 97.95% (383))</item>
<item created='11/30/2019 14:07:07' severity='0'>Generation: 8241 (959.899749373434, 97.95% (383))</item>
<item created='11/30/2019 14:07:09' severity='0'>Generation: 8778 (959.899749373434, 97.95% (383))</item>
<item created='11/30/2019 14:07:11' severity='0'>Generation: 9333 (959.899749373434, 97.95% (383))</item>
<item created='11/30/2019 14:07:13' severity='0'>Generation: 9877 (959.899749373434, 97.95% (383))</item>
<item created='11/30/2019 14:07:15' severity='0'>Generation: 10450 (959.899749373434, 97.95% (383))</item>
<item created='11/30/2019 14:07:17' severity='0'>Generation: 10942 (959.899749373434, 97.95% (383))</item>
<item created='11/30/2019 14:07:19' severity='0'>Generation: 11507 (959.899749373434, 97.95% (383))</item>
<item created='11/30/2019 14:07:21' severity='0'>Generation: 12056 (959.899749373434, 97.95% (383))</item>
<item created='11/30/2019 14:07:23' severity='0'>Generation: 12608 (959.899749373434, 97.95% (383))</item>
<item created='11/30/2019 14:07:25' severity='0'>Generation: 13149 (959.899749373434, 97.95% (383))</item>
<item created='11/30/2019 14:07:27' severity='0'>Generation: 13705 (959.899749373434, 97.95% (383))</item>
<item created='11/30/2019 14:07:29' severity='0'>Generation: 14247 (959.899749373434, 97.95% (383))</item>
<item created='11/30/2019 14:07:31' severity='0'>Generation: 14785 (959.899749373434, 97.95% (383))</item>
<item created='11/30/2019 14:07:33' severity='0'>Generation: 15340 (959.899749373434, 97.95% (383))</item>
<item created='11/30/2019 14:07:35' severity='0'>Generation: 15894 (959.899749373434, 97.95% (383))</item>
<item created='11/30/2019 14:07:37' severity='0'>Generation: 16428 (959.899749373434, 97.95% (383))</item>
<item created='11/30/2019 14:07:39' severity='0'>Generation: 16996 (959.899749373434, 97.95% (383))</item>
<item created='11/30/2019 14:07:41' severity='0'>Generation: 17558 (959.899749373434, 97.95% (383))</item>
<item created='11/30/2019 14:07:43' severity='0'>Generation: 18117 (959.899749373434, 97.95% (383))</item>
<item created='11/30/2019 14:07:45' severity='0'>Generation: 18672 (959.899749373434, 97.95% (383))</item>
<item created='11/30/2019 14:07:47' severity='0'>Generation: 19217 (959.899749373434, 97.95% (383))</item>
<item created='11/30/2019 14:07:49' severity='0'>Generation: 19761 (959.899749373434, 97.95% (383))</item>
<item created='11/30/2019 14:07:49' severity='0'>Finished run.</item>
<item created='11/30/2019 14:07:49' severity='0'>Models created: 13</item>
<item created='11/30/2019 14:07:49' severity='0'>Models: 13</item>
<item created='11/30/2019 14:07:49' severity='0'>Last Model: 13</item>
<item created='11/30/2019 14:07:49' severity='0'>Generation: 4620</item>
<item created='11/30/2019 14:07:49' severity='0'>Training Fitness: 959.899749373434</item>
<item created='11/30/2019 14:07:49' severity='0'>Training Accuracy: 97.95%</item>
<item created='11/30/2019 14:07:50' severity='0'>Success</item>
<item created='11/30/2019 14:07:50' severity='0'>Loading run file... vote_1_6_7\vote_template_classification_000001.gep</item>
<item created='11/30/2019 14:07:50' severity='0'>Initializing tests for all models...</item>
<item created='11/30/2019 14:07:50' severity='0'>Testing model 1 on the Validation Set with 44 records..............</item>
<item created='11/30/2019 14:07:50' severity='0'>Testing model 2 on the Validation Set with 44 records..............</item>
<item created='11/30/2019 14:07:50' severity='0'>Testing model 3 on the Validation Set with 44 records..............</item>
<item created='11/30/2019 14:07:50' severity='0'>Testing model 4 on the Validation Set with 44 records..............</item>
<item created='11/30/2019 14:07:50' severity='0'>Testing model 5 on the Validation Set with 44 records..............</item>
<item created='11/30/2019 14:07:50' severity='0'>Testing model 6 on the Validation Set with 44 records..............</item>
<item created='11/30/2019 14:07:50' severity='0'>Testing model 7 on the Validation Set with 44 records..............</item>
<item created='11/30/2019 14:07:50' severity='0'>Testing model 8 on the Validation Set with 44 records..............</item>
<item created='11/30/2019 14:07:50' severity='0'>Testing model 9 on the Validation Set with 44 records..............</item>
<item created='11/30/2019 14:07:50' severity='0'>Testing model 10 on the Validation Set with 44 records..............</item>
<item created='11/30/2019 14:07:50' severity='0'>Testing model 11 on the Validation Set with 44 records..............</item>
<item created='11/30/2019 14:07:50' severity='0'>Testing model 12 on the Validation Set with 44 records..............</item>
<item created='11/30/2019 14:07:50' severity='0'>Testing model 13 on the Validation Set with 44 records..............</item>
<item created='11/30/2019 14:07:50' severity='0'>Success</item>
</log>
