<report id="0"><run id="1" name="vote_template_classification_000001.gep"><value key="HasTestingSet" datatype="3" valuetype="0">1</value><value key="TrainFitness" datatype="5" valuetype="1" ModelId="1">866.348448687351</value><value key="TrainFitness" datatype="5" valuetype="1" ModelId="2">898.058252427184</value><value key="TrainFitness" datatype="5" valuetype="1" ModelId="3">902.676399026764</value><value key="TrainFitness" datatype="5" valuetype="1" ModelId="4">926.108374384236</value><value key="TrainFitness" datatype="5" valuetype="1" ModelId="5">940.446650124069</value><value key="TrainFitness" datatype="5" valuetype="1" ModelId="6">945.273631840796</value><value key="TrainFitness" datatype="5" valuetype="1" ModelId="7">950.124688279302</value><value key="TrainAccuracy" datatype="5" valuetype="1" ModelId="1">92.84</value><value key="TrainAccuracy" datatype="5" valuetype="1" ModelId="2">94.63</value><value key="TrainAccuracy" datatype="5" valuetype="1" ModelId="3">94.88</value><value key="TrainAccuracy" datatype="5" valuetype="1" ModelId="4">96.16</value><value key="TrainAccuracy" datatype="5" valuetype="1" ModelId="5">96.93</value><value key="TrainAccuracy" datatype="5" valuetype="1" ModelId="6">97.19</value><value key="TrainAccuracy" datatype="5" valuetype="1" ModelId="7">97.44</value><value key="TestFitness" datatype="5" valuetype="1" ModelId="1">726.950354609929</value><value key="TestFitness" datatype="5" valuetype="1" ModelId="2">793.036750483559</value><value key="TestFitness" datatype="5" valuetype="1" ModelId="3">694.444444444444</value><value key="TestFitness" datatype="5" valuetype="1" ModelId="4">694.444444444444</value><value key="TestFitness" datatype="5" valuetype="1" ModelId="5">694.444444444444</value><value key="TestFitness" datatype="5" valuetype="1" ModelId="6">793.036750483559</value><value key="TestFitness" datatype="5" valuetype="1" ModelId="7">793.036750483559</value><value key="TestAccuracy" datatype="5" valuetype="1" ModelId="1">93.18</value><value key="TestAccuracy" datatype="5" valuetype="1" ModelId="2">93.18</value><value key="TestAccuracy" datatype="5" valuetype="1" ModelId="3">90.91</value><value key="TestAccuracy" datatype="5" valuetype="1" ModelId="4">90.91</value><value key="TestAccuracy" datatype="5" valuetype="1" ModelId="5">90.91</value><value key="TestAccuracy" datatype="5" valuetype="1" ModelId="6">93.18</value><value key="TestAccuracy" datatype="5" valuetype="1" ModelId="7">93.18</value><value key="Size" datatype="3" valuetype="1" ModelId="1">11</value><value key="Size" datatype="3" valuetype="1" ModelId="2">10</value><value key="Size" datatype="3" valuetype="1" ModelId="3">6</value><value key="Size" datatype="3" valuetype="1" ModelId="4">6</value><value key="Size" datatype="3" valuetype="1" ModelId="5">6</value><value key="Size" datatype="3" valuetype="1" ModelId="6">8</value><value key="Size" datatype="3" valuetype="1" ModelId="7">10</value><value key="Generation" datatype="5" valuetype="1" ModelId="1">0</value><value key="Generation" datatype="5" valuetype="1" ModelId="2">3</value><value key="Generation" datatype="5" valuetype="1" ModelId="3">36</value><value key="Generation" datatype="5" valuetype="1" ModelId="4">55</value><value key="Generation" datatype="5" valuetype="1" ModelId="5">2064</value><value key="Generation" datatype="5" valuetype="1" ModelId="6">4236</value><value key="Generation" datatype="5" valuetype="1" ModelId="7">14041</value><value key="RunIndex" datatype="5" valuetype="1" ModelId="1">1</value><value key="RunIndex" datatype="5" valuetype="1" ModelId="2">1</value><value key="RunIndex" datatype="5" valuetype="1" ModelId="3">1</value><value key="RunIndex" datatype="5" valuetype="1" ModelId="4">1</value><value key="RunIndex" datatype="5" valuetype="1" ModelId="5">1</value><value key="RunIndex" datatype="5" valuetype="1" ModelId="6">1</value><value key="RunIndex" datatype="5" valuetype="1" ModelId="7">1</value><value key="Literals" datatype="3" valuetype="-1" ModelId="1">2</value><value key="Variables" datatype="8" valuetype="-1" ModelId="1">physician-fee-freeze_n_min(1), duty-free-exports_y_min(1)</value><value key="Literals" datatype="3" valuetype="-1" ModelId="2">1</value><value key="Variables" datatype="8" valuetype="-1" ModelId="2">physician-fee-freeze_n_min(1)</value><value key="Literals" datatype="3" valuetype="-1" ModelId="3">2</value><value key="Variables" datatype="8" valuetype="-1" ModelId="3">handicapped-infants_u_min(1), physician-fee-freeze_n_min(1)</value><value key="Literals" datatype="3" valuetype="-1" ModelId="4">2</value><value key="Variables" datatype="8" valuetype="-1" ModelId="4">physician-fee-freeze_n_min(1), physician-fee-freeze_y_max(1)</value><value key="Literals" datatype="3" valuetype="-1" ModelId="5">5</value><value key="Variables" datatype="8" valuetype="-1" ModelId="5">physician-fee-freeze_y_max(3), mx-missile_y_max(1), synfuels-corporation-cutback_n_max(1)</value><value key="Literals" datatype="3" valuetype="-1" ModelId="6">6</value><value key="Variables" datatype="8" valuetype="-1" ModelId="6">synfuels-corporation-cutback_y_min(1), physician-fee-freeze_u_max(1), physician-fee-freeze_y_max(2), mx-missile_u_max(1), mx-missile_y_max(1)</value><value key="Literals" datatype="3" valuetype="-1" ModelId="7">7</value><value key="Variables" datatype="8" valuetype="-1" ModelId="7">water-project-cost-sharing_u_max(1), physician-fee-freeze_u_max(1), physician-fee-freeze_y_max(1), mx-missile_u_max(1), mx-missile_y_max(1), synfuels-corporation-cutback_n_max(1), education-spending_u_max(1)</value><value key="VariableImportance" datatype="8" valuetype="-1" ModelId="7">water-project-cost-sharing_u_max(1.47182775009745E-02), physician-fee-freeze_u_max(1.62231748169454E-02), physician-fee-freeze_y_max(0.785224132693069), mx-missile_u_max(2.81222965426405E-16), mx-missile_y_max(0.109829630549312), synfuels-corporation-cutback_n_max(7.40047844396991E-02), education-spending_u_max(2.81222965426405E-16)</value></run></report>
