<log created='11/30/2019 13:42:28' name='vote_template_classification_000001'>
<item created='11/30/2019 13:42:28' severity='0'>Processing run 1...</item>
<item created='11/30/2019 13:42:28' severity='0'>Applied setting Genes (4)</item>
<item created='11/30/2019 13:42:28' severity='0'>Applied setting HeadSize (1)</item>
<item created='11/30/2019 13:42:28' severity='0'>Applied setting FitnessFunction (11)</item>
<item created='11/30/2019 13:42:29' severity='0'>Applied setting RoundingThreshold (0.5)</item>
<item created='11/30/2019 13:42:29' severity='0'>Changed function * to weight 2.</item>
<item created='11/30/2019 13:42:29' severity='0'>Loading data from file vote_TRAIN_fold_6.csv ...</item>
<item created='11/30/2019 13:42:30' severity='0'>Loading data from file vote_TEST_fold_6.csv ...</item>
<item created='11/30/2019 13:42:30' severity='0'>Loading run file... vote_1_4_6\vote_template_classification_000001.gep</item>
<item created='11/30/2019 13:42:31' severity='0'>Initializing run...</item>
<item created='11/30/2019 13:42:31' severity='0'>Training Set size: 391</item>
<item created='11/30/2019 13:42:31' severity='0'>Dataset loaded.</item>
<item created='11/30/2019 13:42:31' severity='0'>Starting...</item>
<item created='11/30/2019 13:42:31' severity='0'>Generation: 0 (866.348448687351, 92.84% (363))</item>
<item created='11/30/2019 13:42:33' severity='0'>Generation: 889 (926.108374384236, 96.16% (376))</item>
<item created='11/30/2019 13:42:35' severity='0'>Generation: 2000 (926.108374384236, 96.16% (376))</item>
<item created='11/30/2019 13:42:37' severity='0'>Generation: 2950 (940.446650124069, 96.93% (379))</item>
<item created='11/30/2019 13:42:39' severity='0'>Generation: 3883 (940.446650124069, 96.93% (379))</item>
<item created='11/30/2019 13:42:41' severity='0'>Generation: 4802 (945.273631840796, 97.19% (380))</item>
<item created='11/30/2019 13:42:43' severity='0'>Generation: 5717 (945.273631840796, 97.19% (380))</item>
<item created='11/30/2019 13:42:45' severity='0'>Generation: 6652 (945.273631840796, 97.19% (380))</item>
<item created='11/30/2019 13:42:47' severity='0'>Generation: 7580 (945.273631840796, 97.19% (380))</item>
<item created='11/30/2019 13:42:49' severity='0'>Generation: 8498 (945.273631840796, 97.19% (380))</item>
<item created='11/30/2019 13:42:51' severity='0'>Generation: 9423 (945.273631840796, 97.19% (380))</item>
<item created='11/30/2019 13:42:53' severity='0'>Generation: 10348 (945.273631840796, 97.19% (380))</item>
<item created='11/30/2019 13:42:55' severity='0'>Generation: 11261 (945.273631840796, 97.19% (380))</item>
<item created='11/30/2019 13:42:57' severity='0'>Generation: 12186 (945.273631840796, 97.19% (380))</item>
<item created='11/30/2019 13:42:59' severity='0'>Generation: 13076 (945.273631840796, 97.19% (380))</item>
<item created='11/30/2019 13:43:01' severity='0'>Generation: 13917 (945.273631840796, 97.19% (380))</item>
<item created='11/30/2019 13:43:03' severity='0'>Generation: 14810 (950.124688279302, 97.44% (381))</item>
<item created='11/30/2019 13:43:05' severity='0'>Generation: 15680 (950.124688279302, 97.44% (381))</item>
<item created='11/30/2019 13:43:07' severity='0'>Generation: 16511 (950.124688279302, 97.44% (381))</item>
<item created='11/30/2019 13:43:09' severity='0'>Generation: 17232 (950.124688279302, 97.44% (381))</item>
<item created='11/30/2019 13:43:11' severity='0'>Generation: 18081 (950.124688279302, 97.44% (381))</item>
<item created='11/30/2019 13:43:13' severity='0'>Generation: 18943 (950.124688279302, 97.44% (381))</item>
<item created='11/30/2019 13:43:15' severity='0'>Generation: 19806 (950.124688279302, 97.44% (381))</item>
<item created='11/30/2019 13:43:15' severity='0'>Finished run.</item>
<item created='11/30/2019 13:43:15' severity='0'>Models created: 7</item>
<item created='11/30/2019 13:43:15' severity='0'>Models: 7</item>
<item created='11/30/2019 13:43:15' severity='0'>Last Model: 7</item>
<item created='11/30/2019 13:43:15' severity='0'>Generation: 14041</item>
<item created='11/30/2019 13:43:15' severity='0'>Training Fitness: 950.124688279302</item>
<item created='11/30/2019 13:43:15' severity='0'>Training Accuracy: 97.44%</item>
<item created='11/30/2019 13:43:15' severity='0'>Success</item>
<item created='11/30/2019 13:43:15' severity='0'>Loading run file... vote_1_4_6\vote_template_classification_000001.gep</item>
<item created='11/30/2019 13:43:15' severity='0'>Initializing tests for all models...</item>
<item created='11/30/2019 13:43:15' severity='0'>Testing model 1 on the Validation Set with 44 records..............</item>
<item created='11/30/2019 13:43:15' severity='0'>Testing model 2 on the Validation Set with 44 records..............</item>
<item created='11/30/2019 13:43:15' severity='0'>Testing model 3 on the Validation Set with 44 records..............</item>
<item created='11/30/2019 13:43:15' severity='0'>Testing model 4 on the Validation Set with 44 records..............</item>
<item created='11/30/2019 13:43:15' severity='0'>Testing model 5 on the Validation Set with 44 records..............</item>
<item created='11/30/2019 13:43:15' severity='0'>Testing model 6 on the Validation Set with 44 records..............</item>
<item created='11/30/2019 13:43:15' severity='0'>Testing model 7 on the Validation Set with 44 records..............</item>
<item created='11/30/2019 13:43:16' severity='0'>Success</item>
</log>
