<report id="0"><run id="1" name="vote_template_classification_000001.gep"><value key="HasTestingSet" datatype="3" valuetype="0">1</value><value key="TrainFitness" datatype="5" valuetype="1" ModelId="1">560.283687943263</value><value key="TrainFitness" datatype="5" valuetype="1" ModelId="2">603.070175438597</value><value key="TrainFitness" datatype="5" valuetype="1" ModelId="3">675.267083249345</value><value key="TrainFitness" datatype="5" valuetype="1" ModelId="4">714.876033057851</value><value key="TrainFitness" datatype="5" valuetype="1" ModelId="5">726.024547534845</value><value key="TrainFitness" datatype="5" valuetype="1" ModelId="6">756.516211061666</value><value key="TrainFitness" datatype="5" valuetype="1" ModelId="7">760.407816482583</value><value key="TrainFitness" datatype="5" valuetype="1" ModelId="8">800.34797738147</value><value key="TrainFitness" datatype="5" valuetype="1" ModelId="9">808.566433566433</value><value key="TrainFitness" datatype="5" valuetype="1" ModelId="10">816.864295125165</value><value key="TrainFitness" datatype="5" valuetype="1" ModelId="11">931.203931203931</value><value key="TrainFitness" datatype="5" valuetype="1" ModelId="12">940.740740740741</value><value key="TrainFitness" datatype="5" valuetype="1" ModelId="13">945.544554455446</value><value key="TrainFitness" datatype="5" valuetype="1" ModelId="14">950.372208436725</value><value key="TrainFitness" datatype="5" valuetype="1" ModelId="15">955.223880597015</value><value key="TrainFitness" datatype="5" valuetype="1" ModelId="16">960.099750623441</value><value key="TrainFitness" datatype="5" valuetype="1" ModelId="17">965</value><value key="TrainFitness" datatype="5" valuetype="1" ModelId="18">969.924812030075</value><value key="TrainFitness" datatype="5" valuetype="1" ModelId="19">974.874371859297</value><value key="TrainAccuracy" datatype="5" valuetype="1" ModelId="1">80.41</value><value key="TrainAccuracy" datatype="5" valuetype="1" ModelId="2">83.97</value><value key="TrainAccuracy" datatype="5" valuetype="1" ModelId="3">85.24</value><value key="TrainAccuracy" datatype="5" valuetype="1" ModelId="4">88.04</value><value key="TrainAccuracy" datatype="5" valuetype="1" ModelId="5">88.8</value><value key="TrainAccuracy" datatype="5" valuetype="1" ModelId="6">90.84</value><value key="TrainAccuracy" datatype="5" valuetype="1" ModelId="7">91.09</value><value key="TrainAccuracy" datatype="5" valuetype="1" ModelId="8">93.64</value><value key="TrainAccuracy" datatype="5" valuetype="1" ModelId="9">94.15</value><value key="TrainAccuracy" datatype="5" valuetype="1" ModelId="10">94.66</value><value key="TrainAccuracy" datatype="5" valuetype="1" ModelId="11">96.44</value><value key="TrainAccuracy" datatype="5" valuetype="1" ModelId="12">96.95</value><value key="TrainAccuracy" datatype="5" valuetype="1" ModelId="13">97.2</value><value key="TrainAccuracy" datatype="5" valuetype="1" ModelId="14">97.46</value><value key="TrainAccuracy" datatype="5" valuetype="1" ModelId="15">97.71</value><value key="TrainAccuracy" datatype="5" valuetype="1" ModelId="16">97.96</value><value key="TrainAccuracy" datatype="5" valuetype="1" ModelId="17">98.22</value><value key="TrainAccuracy" datatype="5" valuetype="1" ModelId="18">98.47</value><value key="TrainAccuracy" datatype="5" valuetype="1" ModelId="19">98.73</value><value key="TestFitness" datatype="5" valuetype="1" ModelId="1">333.333333333333</value><value key="TestFitness" datatype="5" valuetype="1" ModelId="2">417.789757412399</value><value key="TestFitness" datatype="5" valuetype="1" ModelId="3">389.937106918239</value><value key="TestFitness" datatype="5" valuetype="1" ModelId="4">439.56043956044</value><value key="TestFitness" datatype="5" valuetype="1" ModelId="5">439.56043956044</value><value key="TestFitness" datatype="5" valuetype="1" ModelId="6">439.56043956044</value><value key="TestFitness" datatype="5" valuetype="1" ModelId="7">439.56043956044</value><value key="TestFitness" datatype="5" valuetype="1" ModelId="8">410.25641025641</value><value key="TestFitness" datatype="5" valuetype="1" ModelId="9">410.25641025641</value><value key="TestFitness" datatype="5" valuetype="1" ModelId="10">439.56043956044</value><value key="TestFitness" datatype="5" valuetype="1" ModelId="11">566.666666666667</value><value key="TestFitness" datatype="5" valuetype="1" ModelId="12">566.666666666667</value><value key="TestFitness" datatype="5" valuetype="1" ModelId="13">595.238095238095</value><value key="TestFitness" datatype="5" valuetype="1" ModelId="14">625</value><value key="TestFitness" datatype="5" valuetype="1" ModelId="15">625</value><value key="TestFitness" datatype="5" valuetype="1" ModelId="16">715.667311411992</value><value key="TestFitness" datatype="5" valuetype="1" ModelId="17">595.238095238095</value><value key="TestFitness" datatype="5" valuetype="1" ModelId="18">549.450549450549</value><value key="TestFitness" datatype="5" valuetype="1" ModelId="19">681.818181818182</value><value key="TestAccuracy" datatype="5" valuetype="1" ModelId="1">66.67</value><value key="TestAccuracy" datatype="5" valuetype="1" ModelId="2">73.81</value><value key="TestAccuracy" datatype="5" valuetype="1" ModelId="3">73.81</value><value key="TestAccuracy" datatype="5" valuetype="1" ModelId="4">76.19</value><value key="TestAccuracy" datatype="5" valuetype="1" ModelId="5">76.19</value><value key="TestAccuracy" datatype="5" valuetype="1" ModelId="6">76.19</value><value key="TestAccuracy" datatype="5" valuetype="1" ModelId="7">76.19</value><value key="TestAccuracy" datatype="5" valuetype="1" ModelId="8">76.19</value><value key="TestAccuracy" datatype="5" valuetype="1" ModelId="9">76.19</value><value key="TestAccuracy" datatype="5" valuetype="1" ModelId="10">76.19</value><value key="TestAccuracy" datatype="5" valuetype="1" ModelId="11">80.95</value><value key="TestAccuracy" datatype="5" valuetype="1" ModelId="12">80.95</value><value key="TestAccuracy" datatype="5" valuetype="1" ModelId="13">83.33</value><value key="TestAccuracy" datatype="5" valuetype="1" ModelId="14">85.71</value><value key="TestAccuracy" datatype="5" valuetype="1" ModelId="15">85.71</value><value key="TestAccuracy" datatype="5" valuetype="1" ModelId="16">88.1</value><value key="TestAccuracy" datatype="5" valuetype="1" ModelId="17">83.33</value><value key="TestAccuracy" datatype="5" valuetype="1" ModelId="18">83.33</value><value key="TestAccuracy" datatype="5" valuetype="1" ModelId="19">85.71</value><value key="Size" datatype="3" valuetype="1" ModelId="1">12</value><value key="Size" datatype="3" valuetype="1" ModelId="2">12</value><value key="Size" datatype="3" valuetype="1" ModelId="3">12</value><value key="Size" datatype="3" valuetype="1" ModelId="4">12</value><value key="Size" datatype="3" valuetype="1" ModelId="5">12</value><value key="Size" datatype="3" valuetype="1" ModelId="6">12</value><value key="Size" datatype="3" valuetype="1" ModelId="7">12</value><value key="Size" datatype="3" valuetype="1" ModelId="8">12</value><value key="Size" datatype="3" valuetype="1" ModelId="9">12</value><value key="Size" datatype="3" valuetype="1" ModelId="10">12</value><value key="Size" datatype="3" valuetype="1" ModelId="11">12</value><value key="Size" datatype="3" valuetype="1" ModelId="12">12</value><value key="Size" datatype="3" valuetype="1" ModelId="13">9</value><value key="Size" datatype="3" valuetype="1" ModelId="14">10</value><value key="Size" datatype="3" valuetype="1" ModelId="15">10</value><value key="Size" datatype="3" valuetype="1" ModelId="16">10</value><value key="Size" datatype="3" valuetype="1" ModelId="17">12</value><value key="Size" datatype="3" valuetype="1" ModelId="18">11</value><value key="Size" datatype="3" valuetype="1" ModelId="19">12</value><value key="Generation" datatype="5" valuetype="1" ModelId="1">0</value><value key="Generation" datatype="5" valuetype="1" ModelId="2">4</value><value key="Generation" datatype="5" valuetype="1" ModelId="3">8</value><value key="Generation" datatype="5" valuetype="1" ModelId="4">16</value><value key="Generation" datatype="5" valuetype="1" ModelId="5">26</value><value key="Generation" datatype="5" valuetype="1" ModelId="6">31</value><value key="Generation" datatype="5" valuetype="1" ModelId="7">36</value><value key="Generation" datatype="5" valuetype="1" ModelId="8">41</value><value key="Generation" datatype="5" valuetype="1" ModelId="9">42</value><value key="Generation" datatype="5" valuetype="1" ModelId="10">44</value><value key="Generation" datatype="5" valuetype="1" ModelId="11">47</value><value key="Generation" datatype="5" valuetype="1" ModelId="12">48</value><value key="Generation" datatype="5" valuetype="1" ModelId="13">1146</value><value key="Generation" datatype="5" valuetype="1" ModelId="14">1496</value><value key="Generation" datatype="5" valuetype="1" ModelId="15">2436</value><value key="Generation" datatype="5" valuetype="1" ModelId="16">2458</value><value key="Generation" datatype="5" valuetype="1" ModelId="17">4034</value><value key="Generation" datatype="5" valuetype="1" ModelId="18">9210</value><value key="Generation" datatype="5" valuetype="1" ModelId="19">11409</value><value key="RunIndex" datatype="5" valuetype="1" ModelId="1">1</value><value key="RunIndex" datatype="5" valuetype="1" ModelId="2">1</value><value key="RunIndex" datatype="5" valuetype="1" ModelId="3">1</value><value key="RunIndex" datatype="5" valuetype="1" ModelId="4">1</value><value key="RunIndex" datatype="5" valuetype="1" ModelId="5">1</value><value key="RunIndex" datatype="5" valuetype="1" ModelId="6">1</value><value key="RunIndex" datatype="5" valuetype="1" ModelId="7">1</value><value key="RunIndex" datatype="5" valuetype="1" ModelId="8">1</value><value key="RunIndex" datatype="5" valuetype="1" ModelId="9">1</value><value key="RunIndex" datatype="5" valuetype="1" ModelId="10">1</value><value key="RunIndex" datatype="5" valuetype="1" ModelId="11">1</value><value key="RunIndex" datatype="5" valuetype="1" ModelId="12">1</value><value key="RunIndex" datatype="5" valuetype="1" ModelId="13">1</value><value key="RunIndex" datatype="5" valuetype="1" ModelId="14">1</value><value key="RunIndex" datatype="5" valuetype="1" ModelId="15">1</value><value key="RunIndex" datatype="5" valuetype="1" ModelId="16">1</value><value key="RunIndex" datatype="5" valuetype="1" ModelId="17">1</value><value key="RunIndex" datatype="5" valuetype="1" ModelId="18">1</value><value key="RunIndex" datatype="5" valuetype="1" ModelId="19">1</value><value key="Literals" datatype="3" valuetype="-1" ModelId="1">6</value><value key="Variables" datatype="8" valuetype="-1" ModelId="1">aid-to-nicaraguan-contras_u_min(1), duty-free-exports_u_min(1), el-salvador-aid_y_max(1), anti-satellite-test-ban_n_max(1), immigration_n_max(1), synfuels-corporation-cutback_y_max(1)</value><value key="Literals" datatype="3" valuetype="-1" ModelId="2">6</value><value key="Variables" datatype="8" valuetype="-1" ModelId="2">el-salvador-aid_n_min(1), aid-to-nicaraguan-contras_y_min(1), superfund-right-to-sue_n_min(1), superfund-right-to-sue_u_min(1), adoption-of-the-budget-resolution_u_max(1), immigration_u_max(1)</value><value key="Literals" datatype="3" valuetype="-1" ModelId="3">5</value><value key="Variables" datatype="8" valuetype="-1" ModelId="3">el-salvador-aid_n_min(1), aid-to-nicaraguan-contras_y_min(1), superfund-right-to-sue_n_min(1), adoption-of-the-budget-resolution_u_max(1), immigration_u_max(1)</value><value key="Literals" datatype="3" valuetype="-1" ModelId="4">7</value><value key="Variables" datatype="8" valuetype="-1" ModelId="4">el-salvador-aid_n_min(1), education-spending_n_min(1), superfund-right-to-sue_u_min(2), adoption-of-the-budget-resolution_u_max(2), immigration_u_max(1)</value><value key="Literals" datatype="3" valuetype="-1" ModelId="5">6</value><value key="Variables" datatype="8" valuetype="-1" ModelId="5">el-salvador-aid_n_min(1), education-spending_n_min(1), superfund-right-to-sue_u_min(2), adoption-of-the-budget-resolution_u_max(1), immigration_u_max(1)</value><value key="Literals" datatype="3" valuetype="-1" ModelId="6">5</value><value key="Variables" datatype="8" valuetype="-1" ModelId="6">el-salvador-aid_n_min(1), el-salvador-aid_u_min(1), religious-groups-in-schools_u_min(1), education-spending_n_min(1), adoption-of-the-budget-resolution_u_max(1)</value><value key="Literals" datatype="3" valuetype="-1" ModelId="7">6</value><value key="Variables" datatype="8" valuetype="-1" ModelId="7">el-salvador-aid_n_min(1), el-salvador-aid_u_min(1), religious-groups-in-schools_u_min(1), education-spending_n_min(1), adoption-of-the-budget-resolution_u_max(1), immigration_u_max(1)</value><value key="Literals" datatype="3" valuetype="-1" ModelId="8">5</value><value key="Variables" datatype="8" valuetype="-1" ModelId="8">el-salvador-aid_n_min(1), el-salvador-aid_u_min(1), education-spending_n_min(1), adoption-of-the-budget-resolution_u_max(1), physician-fee-freeze_y_max(1)</value><value key="Literals" datatype="3" valuetype="-1" ModelId="9">5</value><value key="Variables" datatype="8" valuetype="-1" ModelId="9">el-salvador-aid_n_min(1), el-salvador-aid_u_min(1), education-spending_n_min(1), adoption-of-the-budget-resolution_u_max(1), physician-fee-freeze_y_max(1)</value><value key="Literals" datatype="3" valuetype="-1" ModelId="10">5</value><value key="Variables" datatype="8" valuetype="-1" ModelId="10">el-salvador-aid_n_min(1), el-salvador-aid_u_min(1), education-spending_n_min(1), adoption-of-the-budget-resolution_u_max(1), physician-fee-freeze_y_max(1)</value><value key="Literals" datatype="3" valuetype="-1" ModelId="11">5</value><value key="Variables" datatype="8" valuetype="-1" ModelId="11">el-salvador-aid_n_min(1), el-salvador-aid_u_min(1), education-spending_n_min(1), adoption-of-the-budget-resolution_u_max(1), physician-fee-freeze_y_max(1)</value><value key="Literals" datatype="3" valuetype="-1" ModelId="12">4</value><value key="Variables" datatype="8" valuetype="-1" ModelId="12">el-salvador-aid_u_min(1), education-spending_n_min(1), adoption-of-the-budget-resolution_u_max(1), physician-fee-freeze_y_max(1)</value><value key="Literals" datatype="3" valuetype="-1" ModelId="13">3</value><value key="Variables" datatype="8" valuetype="-1" ModelId="13">mx-missile_n_min(1), education-spending_u_min(1), physician-fee-freeze_y_max(1)</value><value key="Literals" datatype="3" valuetype="-1" ModelId="14">4</value><value key="Variables" datatype="8" valuetype="-1" ModelId="14">mx-missile_n_min(1), education-spending_u_min(1), physician-fee-freeze_y_max(1), synfuels-corporation-cutback_n_max(1)</value><value key="Literals" datatype="3" valuetype="-1" ModelId="15">5</value><value key="Variables" datatype="8" valuetype="-1" ModelId="15">anti-satellite-test-ban_n_min(1), mx-missile_n_min(1), adoption-of-the-budget-resolution_n_max(1), physician-fee-freeze_y_max(1), synfuels-corporation-cutback_n_max(1)</value><value key="Literals" datatype="3" valuetype="-1" ModelId="16">5</value><value key="Variables" datatype="8" valuetype="-1" ModelId="16">anti-satellite-test-ban_n_min(1), adoption-of-the-budget-resolution_n_max(1), physician-fee-freeze_y_max(1), anti-satellite-test-ban_n_max(1), synfuels-corporation-cutback_n_max(1)</value><value key="Literals" datatype="3" valuetype="-1" ModelId="17">6</value><value key="Variables" datatype="8" valuetype="-1" ModelId="17">superfund-right-to-sue_y_min(1), adoption-of-the-budget-resolution_n_max(1), physician-fee-freeze_y_max(1), el-salvador-aid_n_max(1), mx-missile_u_max(1), synfuels-corporation-cutback_y_max(1)</value><value key="Literals" datatype="3" valuetype="-1" ModelId="18">6</value><value key="Variables" datatype="8" valuetype="-1" ModelId="18">physician-fee-freeze_n_min(1), adoption-of-the-budget-resolution_n_max(1), physician-fee-freeze_y_max(1), synfuels-corporation-cutback_y_max(1), education-spending_n_max(1), superfund-right-to-sue_y_max(1)</value><value key="Literals" datatype="3" valuetype="-1" ModelId="19">7</value><value key="Variables" datatype="8" valuetype="-1" ModelId="19">physician-fee-freeze_n_min(1), mx-missile_y_min(1), adoption-of-the-budget-resolution_n_max(1), physician-fee-freeze_y_max(1), synfuels-corporation-cutback_y_max(1), education-spending_n_max(1), superfund-right-to-sue_y_max(1)</value><value key="VariableImportance" datatype="8" valuetype="-1" ModelId="19">physician-fee-freeze_n_min(0.299774417554122), mx-missile_y_min(0.133769837341241), adoption-of-the-budget-resolution_n_max(0.150587370556086), physician-fee-freeze_y_max(0.294856772873437), synfuels-corporation-cutback_y_max(0.118502395155519), education-spending_n_max(2.00647598621152E-03), superfund-right-to-sue_y_max(5.02730533382734E-04)</value></run></report>
