<summary><value key="AverageTrainFitness" datatype="5" valuetype="4">974.874371859297</value><value key="AverageTrainRSQuare" datatype="5" valuetype="4">0.852111653368921</value><value key="AverageTrainAccuracy" datatype="5" valuetype="4">98.73</value><value key="MaxTrainFitness" datatype="5" valuetype="4">1000</value><value key="MaxTestFitness" datatype="5" valuetype="4">1000</value><value key="TrainSuccessCount" datatype="3" valuetype="4">0</value><value key="TrainSuccessRate" datatype="5" valuetype="4">0</value><value key="BestTrainFitness" datatype="5" valuetype="4">974.874371859297</value><value key="BestTrainFitnessRun" datatype="3" valuetype="4">1</value><value key="BestTrainFitnessHistory" datatype="3" valuetype="4">1</value><value key="BestTrainFitnessModelId" datatype="3" valuetype="4">19</value><value key="BestTrainFitnessModelSize" datatype="3" valuetype="4">12</value><value key="BestTrainFitnessModelLiterals" datatype="3" valuetype="4">7</value><value key="BestTrainFitnessModelTerminals" datatype="8" valuetype="4">physician-fee-freeze_n_min(1), mx-missile_y_min(1), adoption-of-the-budget-resolution_n_max(1), physician-fee-freeze_y_max(1), synfuels-corporation-cutback_y_max(1), education-spending_n_max(1), superfund-right-to-sue_y_max(1)</value><value key="BestTrainFitnessModelVariableImportance" datatype="8" valuetype="4">physician-fee-freeze_n_min(0.317072681480113), mx-missile_y_min(0.138555153893325), adoption-of-the-budget-resolution_n_max(0.152696568207126), physician-fee-freeze_y_max(0.25296671851707), synfuels-corporation-cutback_y_max(0.131376015864689), education-spending_n_max(5.75240933880866E-03), superfund-right-to-sue_y_max(1.58045269886873E-03)</value><value key="BestTrainAccuracy" datatype="5" valuetype="4">98.73</value><value key="BestTrainAccuracyRun" datatype="3" valuetype="4">1</value><value key="BestTrainAccuracyHistory" datatype="3" valuetype="4">1</value><value key="BestTrainAccuracyModelId" datatype="3" valuetype="4">19</value><value key="BestTrainAccuracyModelSize" datatype="3" valuetype="4">12</value><value key="BestTrainAccuracyModelLiterals" datatype="3" valuetype="4">7</value><value key="BestTrainAccuracyModelTerminals" datatype="8" valuetype="4">physician-fee-freeze_n_min(1), mx-missile_y_min(1), adoption-of-the-budget-resolution_n_max(1), physician-fee-freeze_y_max(1), synfuels-corporation-cutback_y_max(1), education-spending_n_max(1), superfund-right-to-sue_y_max(1)</value><value key="BestTrainAccuracyModelVariableImportance" datatype="8" valuetype="4">physician-fee-freeze_n_min(0.317072681480113), mx-missile_y_min(0.138555153893325), adoption-of-the-budget-resolution_n_max(0.152696568207126), physician-fee-freeze_y_max(0.25296671851707), synfuels-corporation-cutback_y_max(0.131376015864689), education-spending_n_max(5.75240933880866E-03), superfund-right-to-sue_y_max(1.58045269886873E-03)</value><value key="BestTrainRSQuare" datatype="5" valuetype="4">0.852111653368921</value><value key="BestTrainRSQuareRun" datatype="3" valuetype="4">1</value><value key="BestTrainRSQuareHistory" datatype="3" valuetype="4">1</value><value key="BestTrainRSQuareModelId" datatype="3" valuetype="4">19</value><value key="BestTrainRSQuareModelSize" datatype="3" valuetype="4">12</value><value key="BestTrainRSQuareModelLiterals" datatype="3" valuetype="4">7</value><value key="BestTrainRSQuareModelTerminals" datatype="8" valuetype="4">physician-fee-freeze_n_min(1), mx-missile_y_min(1), adoption-of-the-budget-resolution_n_max(1), physician-fee-freeze_y_max(1), synfuels-corporation-cutback_y_max(1), education-spending_n_max(1), superfund-right-to-sue_y_max(1)</value><value key="BestTrainRSQuareModelVariableImportance" datatype="8" valuetype="4">physician-fee-freeze_n_min(0.317072681480113), mx-missile_y_min(0.138555153893325), adoption-of-the-budget-resolution_n_max(0.152696568207126), physician-fee-freeze_y_max(0.25296671851707), synfuels-corporation-cutback_y_max(0.131376015864689), education-spending_n_max(5.75240933880866E-03), superfund-right-to-sue_y_max(1.58045269886873E-03)</value><value key="TestSuccessCount" datatype="3" valuetype="4">0</value><value key="TestSuccessRate" datatype="5" valuetype="4">0</value><value key="AverageTestFitness" datatype="5" valuetype="4">681.818181818182</value><value key="AverageTestRSQuare" datatype="5" valuetype="4">0.571792410535833</value><value key="AverageTestAccuracy" datatype="5" valuetype="4">85.71</value><value key="BestTestFitness" datatype="5" valuetype="4">715.667311411992</value><value key="BestTestFitnessRun" datatype="3" valuetype="4">1</value><value key="BestTestFitnessHistory" datatype="3" valuetype="4">1</value><value key="BestTestFitnessModelId" datatype="3" valuetype="4">16</value><value key="BestTestFitnessModelSize" datatype="3" valuetype="4">10</value><value key="BestTestFitnessModelLiterals" datatype="3" valuetype="4">5</value><value key="BestTestFitnessModelTerminals" datatype="8" valuetype="4">anti-satellite-test-ban_n_min(1), adoption-of-the-budget-resolution_n_max(1), physician-fee-freeze_y_max(1), anti-satellite-test-ban_n_max(1), synfuels-corporation-cutback_n_max(1)</value><value key="BestTestFitnessModelVariableImportance" datatype="8" valuetype="4">anti-satellite-test-ban_n_min(0.159960077858491), adoption-of-the-budget-resolution_n_max(0.161324114210095), physician-fee-freeze_y_max(0.405285501028911), anti-satellite-test-ban_n_max(2.92432274733258E-02), synfuels-corporation-cutback_n_max(0.244187079429178)</value><value key="BestTestAccuracy" datatype="5" valuetype="4">88.1</value><value key="BestTestAccuracyRun" datatype="3" valuetype="4">1</value><value key="BestTestAccuracyHistory" datatype="3" valuetype="4">1</value><value key="BestTestAccuracyModelId" datatype="3" valuetype="4">16</value><value key="BestTestAccuracyModelSize" datatype="3" valuetype="4">10</value><value key="BestTestAccuracyModelLiterals" datatype="3" valuetype="4">5</value><value key="BestTestAccuracyModelTerminals" datatype="8" valuetype="4">anti-satellite-test-ban_n_min(1), adoption-of-the-budget-resolution_n_max(1), physician-fee-freeze_y_max(1), anti-satellite-test-ban_n_max(1), synfuels-corporation-cutback_n_max(1)</value><value key="BestTestAccuracyModelVariableImportance" datatype="8" valuetype="4">anti-satellite-test-ban_n_min(0.159960077858491), adoption-of-the-budget-resolution_n_max(0.161324114210095), physician-fee-freeze_y_max(0.405285501028911), anti-satellite-test-ban_n_max(2.92432274733258E-02), synfuels-corporation-cutback_n_max(0.244187079429178)</value><value key="BestTestRSQuare" datatype="5" valuetype="4">0.409209530059066</value><value key="BestTestRSQuareRun" datatype="3" valuetype="4">1</value><value key="BestTestRSQuareHistory" datatype="3" valuetype="4">1</value><value key="BestTestRSQuareModelId" datatype="3" valuetype="4">16</value><value key="BestTestRSQuareModelSize" datatype="3" valuetype="4">10</value><value key="BestTestRSQuareModelLiterals" datatype="3" valuetype="4">5</value><value key="BestTestRSQuareModelTerminals" datatype="8" valuetype="4">anti-satellite-test-ban_n_min(1), adoption-of-the-budget-resolution_n_max(1), physician-fee-freeze_y_max(1), anti-satellite-test-ban_n_max(1), synfuels-corporation-cutback_n_max(1)</value><value key="BestTestRSQuareModelVariableImportance" datatype="8" valuetype="4">anti-satellite-test-ban_n_min(0.159960077858491), adoption-of-the-budget-resolution_n_max(0.161324114210095), physician-fee-freeze_y_max(0.405285501028911), anti-satellite-test-ban_n_max(2.92432274733258E-02), synfuels-corporation-cutback_n_max(0.244187079429178)</value><value key="DefinitionFile" datatype="8" valuetype="4">../vote_1_4_9_jobdef.xml</value></summary>
