<log created='11/30/2019 13:45:08' name='vote_template_classification_000001'>
<item created='11/30/2019 13:45:08' severity='0'>Processing run 1...</item>
<item created='11/30/2019 13:45:08' severity='0'>Applied setting Genes (4)</item>
<item created='11/30/2019 13:45:08' severity='0'>Applied setting HeadSize (1)</item>
<item created='11/30/2019 13:45:08' severity='0'>Applied setting FitnessFunction (11)</item>
<item created='11/30/2019 13:45:08' severity='0'>Applied setting RoundingThreshold (0.5)</item>
<item created='11/30/2019 13:45:08' severity='0'>Changed function * to weight 2.</item>
<item created='11/30/2019 13:45:08' severity='0'>Loading data from file vote_TRAIN_fold_9.csv ...</item>
<item created='11/30/2019 13:45:09' severity='0'>Loading data from file vote_TEST_fold_9.csv ...</item>
<item created='11/30/2019 13:45:10' severity='0'>Loading run file... vote_1_4_9\vote_template_classification_000001.gep</item>
<item created='11/30/2019 13:45:10' severity='0'>Initializing run...</item>
<item created='11/30/2019 13:45:10' severity='0'>Training Set size: 393</item>
<item created='11/30/2019 13:45:10' severity='0'>Dataset loaded.</item>
<item created='11/30/2019 13:45:10' severity='0'>Starting...</item>
<item created='11/30/2019 13:45:10' severity='0'>Generation: 0 (560.283687943263, 80.41% (316))</item>
<item created='11/30/2019 13:45:12' severity='0'>Generation: 430 (940.740740740741, 96.95% (381))</item>
<item created='11/30/2019 13:45:14' severity='0'>Generation: 1227 (945.544554455446, 97.20% (382))</item>
<item created='11/30/2019 13:45:16' severity='0'>Generation: 2004 (950.372208436725, 97.46% (383))</item>
<item created='11/30/2019 13:45:18' severity='0'>Generation: 2856 (960.099750623441, 97.96% (385))</item>
<item created='11/30/2019 13:45:20' severity='0'>Generation: 3622 (960.099750623441, 97.96% (385))</item>
<item created='11/30/2019 13:45:22' severity='0'>Generation: 4327 (965, 98.22% (386))</item>
<item created='11/30/2019 13:45:24' severity='0'>Generation: 5053 (965, 98.22% (386))</item>
<item created='11/30/2019 13:45:26' severity='0'>Generation: 5750 (965, 98.22% (386))</item>
<item created='11/30/2019 13:45:28' severity='0'>Generation: 6448 (965, 98.22% (386))</item>
<item created='11/30/2019 13:45:30' severity='0'>Generation: 7163 (965, 98.22% (386))</item>
<item created='11/30/2019 13:45:32' severity='0'>Generation: 7914 (965, 98.22% (386))</item>
<item created='11/30/2019 13:45:34' severity='0'>Generation: 8649 (965, 98.22% (386))</item>
<item created='11/30/2019 13:45:36' severity='0'>Generation: 9312 (969.924812030075, 98.47% (387))</item>
<item created='11/30/2019 13:45:38' severity='0'>Generation: 10020 (969.924812030075, 98.47% (387))</item>
<item created='11/30/2019 13:45:40' severity='0'>Generation: 10729 (969.924812030075, 98.47% (387))</item>
<item created='11/30/2019 13:45:42' severity='0'>Generation: 11433 (974.874371859297, 98.73% (388))</item>
<item created='11/30/2019 13:45:44' severity='0'>Generation: 12085 (974.874371859297, 98.73% (388))</item>
<item created='11/30/2019 13:45:46' severity='0'>Generation: 12734 (974.874371859297, 98.73% (388))</item>
<item created='11/30/2019 13:45:48' severity='0'>Generation: 13413 (974.874371859297, 98.73% (388))</item>
<item created='11/30/2019 13:45:50' severity='0'>Generation: 14080 (974.874371859297, 98.73% (388))</item>
<item created='11/30/2019 13:45:52' severity='0'>Generation: 14712 (974.874371859297, 98.73% (388))</item>
<item created='11/30/2019 13:45:54' severity='0'>Generation: 15351 (974.874371859297, 98.73% (388))</item>
<item created='11/30/2019 13:45:56' severity='0'>Generation: 15991 (974.874371859297, 98.73% (388))</item>
<item created='11/30/2019 13:45:58' severity='0'>Generation: 16640 (974.874371859297, 98.73% (388))</item>
<item created='11/30/2019 13:46:00' severity='0'>Generation: 17285 (974.874371859297, 98.73% (388))</item>
<item created='11/30/2019 13:46:02' severity='0'>Generation: 17853 (974.874371859297, 98.73% (388))</item>
<item created='11/30/2019 13:46:04' severity='0'>Generation: 18485 (974.874371859297, 98.73% (388))</item>
<item created='11/30/2019 13:46:06' severity='0'>Generation: 19134 (974.874371859297, 98.73% (388))</item>
<item created='11/30/2019 13:46:08' severity='0'>Generation: 19798 (974.874371859297, 98.73% (388))</item>
<item created='11/30/2019 13:46:08' severity='0'>Finished run.</item>
<item created='11/30/2019 13:46:08' severity='0'>Models created: 19</item>
<item created='11/30/2019 13:46:08' severity='0'>Models: 19</item>
<item created='11/30/2019 13:46:08' severity='0'>Last Model: 19</item>
<item created='11/30/2019 13:46:08' severity='0'>Generation: 11409</item>
<item created='11/30/2019 13:46:08' severity='0'>Training Fitness: 974.874371859297</item>
<item created='11/30/2019 13:46:08' severity='0'>Training Accuracy: 98.73%</item>
<item created='11/30/2019 13:46:08' severity='0'>Success</item>
<item created='11/30/2019 13:46:08' severity='0'>Loading run file... vote_1_4_9\vote_template_classification_000001.gep</item>
<item created='11/30/2019 13:46:09' severity='0'>Initializing tests for all models...</item>
<item created='11/30/2019 13:46:09' severity='0'>Testing model 1 on the Validation Set with 42 records.............</item>
<item created='11/30/2019 13:46:09' severity='0'>Testing model 2 on the Validation Set with 42 records.............</item>
<item created='11/30/2019 13:46:09' severity='0'>Testing model 3 on the Validation Set with 42 records.............</item>
<item created='11/30/2019 13:46:09' severity='0'>Testing model 4 on the Validation Set with 42 records.............</item>
<item created='11/30/2019 13:46:09' severity='0'>Testing model 5 on the Validation Set with 42 records.............</item>
<item created='11/30/2019 13:46:09' severity='0'>Testing model 6 on the Validation Set with 42 records.............</item>
<item created='11/30/2019 13:46:09' severity='0'>Testing model 7 on the Validation Set with 42 records.............</item>
<item created='11/30/2019 13:46:09' severity='0'>Testing model 8 on the Validation Set with 42 records.............</item>
<item created='11/30/2019 13:46:09' severity='0'>Testing model 9 on the Validation Set with 42 records.............</item>
<item created='11/30/2019 13:46:09' severity='0'>Testing model 10 on the Validation Set with 42 records.............</item>
<item created='11/30/2019 13:46:09' severity='0'>Testing model 11 on the Validation Set with 42 records.............</item>
<item created='11/30/2019 13:46:09' severity='0'>Testing model 12 on the Validation Set with 42 records.............</item>
<item created='11/30/2019 13:46:09' severity='0'>Testing model 13 on the Validation Set with 42 records.............</item>
<item created='11/30/2019 13:46:09' severity='0'>Testing model 14 on the Validation Set with 42 records.............</item>
<item created='11/30/2019 13:46:09' severity='0'>Testing model 15 on the Validation Set with 42 records.............</item>
<item created='11/30/2019 13:46:09' severity='0'>Testing model 16 on the Validation Set with 42 records.............</item>
<item created='11/30/2019 13:46:09' severity='0'>Testing model 17 on the Validation Set with 42 records.............</item>
<item created='11/30/2019 13:46:09' severity='0'>Testing model 18 on the Validation Set with 42 records.............</item>
<item created='11/30/2019 13:46:09' severity='0'>Testing model 19 on the Validation Set with 42 records.............</item>
<item created='11/30/2019 13:46:09' severity='0'>Success</item>
</log>
